{"directions":{"settings":[{"style":{"id":"NA Campus","language":{"id":"ar","description":"العربية","strings":[{"id":"campusManeuverContinueHallway","rule":"#ContinueHallwayAction ({ من خِلال } {(} @@campusNames {)})"},{"id":"campusTurnHallwayActionMakeSharpRight","rule":"{الإستدارة بحدة نحوَ اليمين}"},{"id":"campusTurnToHallwayActionKeepLeft","rule":"{الإلتزام بجهة اليسار}"},{"id":"campusTurnToHallwayActionContinue","rule":"{الإستمرار}"},{"id":"campusManeuverHeader","rule":"{ألبداية} ({ من } {(} #StopName {)})"},{"id":"campusEventRestrictionViolation","rule":"{ألقيود: } #Restriction"},{"id":"campusManeuverFooter","rule":"{ألنهاية} ({ } #StopArrival({مُبكرة},{مُتأخرة})) ({ عند } {(} #StopName {)}) (#StopSide)"},{"id":"campusNames","rule":"{(} NAME ({ (} ALT_NAME {)} {)})"},{"id":"campusManeuverDepart","rule":"{ألمُغادرة } ({ من} {(} #StopName {)})"},{"id":"campusManeuverArrive","rule":"{ألوصول} ({ } #StopArrival({مُبكر},{مُتأخر})) ({ إلى } {(} #StopName {)}) (#StopSide)"},{"id":"campusTurnToHallwayActionBearRight","rule":"{الإنعطاف نحوَ اليمين}"},{"id":"campusManeuverDepartHallway","rule":"{ألسَير إلى الأمام} ({ من خِلال } {(} @@campusNames {)}) ({ بإتجاه } {(} #CrossNames {)})"},{"id":"campusBeforeElevationActionBearLeft","rule":"{الإنعطاف نحوَ اليسار}"},{"id":"campusManeuverContinueWalkway","rule":"#ContinueWalkwayAction ({ على } {(} @@campusNames {)})"},{"id":"campusManeuverTurnHallway","rule":"#TurnHallwayAction ({ من خِلال } {(} @@campusNames {)})"},{"id":"campusManeuverDepartWalkway","rule":"{ألسَير إلى الأمام} ({ على } {(} @@campusNames {)}) ({ بإتجاه } {(} #CrossNames {)})"},{"id":"campusManeuverArcTo","rule":"#Select((#ArcToAction ({ والسَير بإتجاه } {(} #Destination {)})), {الإستمرار إلى الأمام})"},{"id":"campusEventLeaveBuilding","rule":"{ألمغادرة } ({ من} {(} #From(CROSSADMINBORDER) {)})"},{"id":"campusManeuverArcToHallway","rule":"#FirstUpper(#Select(@campusArcToHallway, @campusStraightToHallway))"},{"id":"campusArcToHallway","rule":"#ArcToHallwayAction (#Select(({ والسَير من خِلال } {(} @@campusToNames {)}), ({ والسَير بإتجاه } {(} #Destination {)})))"},{"id":"UnitKilometerSingular","rule":"{كيلومتر}"},{"id":"campusTurnToHallwayActionContinueForward","rule":"{الإستمرار إلى الأمام}"},{"id":"campusTurnWalkwayActionTurnRight","rule":"{الإستدارة نحوَ اليمين}"},{"id":"campusStraightToHallway","rule":"{الإستمرار إلى الأمام} ({ من خِلال } {(} @@campusToNames {)}) {(} @campusDestination {)}"},{"id":"campusDestination","rule":"{ بإتجاه } {(} #Destination {)}"},{"id":"campusTurnWalkwayActionMakeSharpRight","rule":"{الإستدارة بحدة نحوَ اليمين}"},{"id":"campusManeuverTakeDoorToHallway","rule":"#TakeDoorToHallwayAction ({ } #Select(#Door(NAME), {ألباب})) ({ على } #DoorSide) @@campusAndGoTrough"},{"id":"campusToNames","rule":" {(} #To(NAME) ({ (} #To(ALT_NAME) {)} {)})"},{"id":"campusManeuverArcToWalkway","rule":"#FirstUpper(#Select(@campusArcToWalkway, @campusStraightToWalkway))"},{"id":"campusArcToWalkway","rule":"#ArcToWalkwayAction (#Select(({ والسَير على } {(} @@campusToNames {)}), ({ والسَير بإتجاه } {(} #Destination {)})))"},{"id":"campusStraightToWalkway","rule":"{الإستمرار إلى الأمام} ({ على } {(} @@campusToNames {)}) {(} @campusDestination {)}"},{"id":"campusManeuverTurnToHallway","rule":"#TurnToHallwayAction ({ والمرور من خِلال } {(} @@campusNames {)}) {(} @campusDestination {)}"},{"id":"campusManeuverTurnToWalkway","rule":"#TurnToWalkwayAction ({ والمرور على } {(} @@campusNames {)}) {(} @campusDestination {)}"},{"id":"campusManeuverExit","rule":"{ألدخول والأستمرار إلى الأمام} ({ على } {(} @@campusNames {)})"},{"id":"campusToWalkwayActionGoBack","rule":"{ألرجوع}"},{"id":"campusManeuverEnter","rule":"{ألدخول والأستمرار إلى الأمام} ({ من خِلال } {(} @@campusNames {)})"},{"id":"campusManeuverTurnWalkway","rule":"#TurnWalkwayAction ({ على } {(} @@campusNames {)})"},{"id":"campusTurnWalkwayActionGo","rule":"{ألسَير}"},{"id":"UnitMeterPlural","rule":"{متر}"},{"id":"campusManeuverDoubleTurn","rule":"#FirstTurn(#FirstActionBearing) { وثُمَ } #SecondTurn(#SecondActionBearing)"},{"id":"campusTurnHallwayActionContinueForward","rule":"{الإستمرار إلى الأمام}"},{"id":"campusManeuverElevation","rule":"@campusBeforeElevation #ElevationName ({ } #ElevationCourse) ({ إلى الطابق } #To(TO_FLOOR_NAME))"},{"id":"campusBeforeElevation","rule":"#Select((#TurnActionBeforeElevation { وإستخدام }), {إستخدام })"},{"id":"campusManeuverDoorToWalkway","rule":"#DoorToWalkwayAction ({ } #Select(#Door(NAME), {ألباب})) @@campusAndToWalkwayGoOn"},{"id":"campusEventEnterBuilding","rule":"{ألدخول } ({ إلى} {(} CROSSADMINBORDER {)})"},{"id":"campusManeuverDoor","rule":"#DoorAction ({ } #Select(#Door(NAME), {ألباب}))"},{"id":"campusTurnWalkwayActionKeepRight","rule":"{الإلتزام بجهة اليمين}"},{"id":"campusFirstActionTurnLeft","rule":"{الإستدارة نحوَ اليسار} @campusAtIntersectionNames ({ على } {(} NAME {)})"},{"id":"campusManeuverDoorTo","rule":"#DoorToAction ({ } #Select(#Door(NAME), {ألباب})) @campusAndToAction"},{"id":"campusAndToWalkwayGoOn","rule":"{ وثُمَ } #ToWalkwayAction ({ على } {(} @@campusNames {)}) {(} @campusDestination {)}"},{"id":"campusAndToAction","rule":"{ وثُمَ } #ToAction"},{"id":"campusManeuverDoorToHallway","rule":"#DoorToHallwayAction ({ } #Select(#Door(NAME), {ألباب})) @@campusAndToHallwayGoThroug"},{"id":"campusTurnWalkwayActionContinue","rule":"{الإستمرار}"},{"id":"campusTurnHallwayActionTurnRight","rule":"{الإستدارة نحوَ اليمين}"},{"id":"campusElevationElevator","rule":"{ألمَصعد}"},{"id":"campusAndToHallwayGoThroug","rule":"{ وثُمَ } #ToHallwayAction ({ من خِلال } {(} @@campusNames {)}) {(} @campusDestination {)}"},{"id":"campusManeuverTakeDoorToWalkway","rule":"#TakeDoorToWalkwayAction ({ } #Select(#Door(NAME), {ألباب})) ({ على } #DoorSide) @@campusAndGoOn"},{"id":"campusTurnWalkwayActionContinueForward","rule":"{الإستمرار إلى الأمام}"},{"id":"DirectionCumulativeLength","rule":"#CumulativeDistance"},{"id":"campusAndGoOn","rule":"{ وثُمَ } #GoToWalkwayAction ({ على } {(} @@campusNames {)}) {(} @campusDestination {)}"},{"id":"campusAndGoTrough","rule":"{ وثُمَ } #GoToHallwayAction ({ من خِلال } {(} @@campusNames {)}) {(} @campusDestination {)}"},{"id":"campusTurnWalkwayActionBearRight","rule":"{الإنعطاف نحوَ اليمين}"},{"id":"campusManeuverTakeDoor","rule":"#TakeDoorAction ({ } #Select(#Door(NAME), {ألباب})) ({ على } #DoorSide)"},{"id":"campusTurnHallwayActionKeepRight","rule":"{الإلتزام بجهة اليمين}"},{"id":"campusTurnHallwayActionBearRight","rule":"{الإنعطاف نحوَ اليمين}"},{"id":"campusTurnToHallwayActionGo","rule":"{ألسَير}"},{"id":"campusTurnHallwayActionMakeSharpLeft","rule":"{الإستدارة بحدة نحوَ اليسار}"},{"id":"campusTurnHallwayActionTurnLeft","rule":"{الإستدارة نحوَ اليسار}"},{"id":"campusTurnHallwayActionBearLeft","rule":"{الإنعطاف نحوَ اليسار}"},{"id":"campusTurnWalkwayActionBearLeft","rule":"{الإنعطاف نحوَ اليسار}"},{"id":"campusTurnHallwayActionKeepLeft","rule":"{الإلتزام بجهة اليسار}"},{"id":"campusTurnHallwayActionContinue","rule":"{الإستمرار}"},{"id":"campusTurnHallwayActionGo","rule":"{ألسَير}"},{"id":"campusTurnWalkwayActionMakeSharpLeft","rule":"{الإستدارة بحدة نحوَ اليسار}"},{"id":"DistanceShort","rule":"{< } #MinDistance(1) ({ } #DistanceUnits)"},{"id":"campusTurnWalkwayActionTurnLeft","rule":"{الإستدارة نحوَ اليسار}"},{"id":"campusTurnWalkwayActionKeepLeft","rule":"{الإلتزام بجهة اليسار}"},{"id":"campusTurnToHallwayActionKeepRight","rule":"{الإلتزام بجهة اليمين}"},{"id":"campusTurnToHallwayActionTurnRight","rule":"{الإستدارة نحوَ اليمين}"},{"id":"campusDoorToHallwayActionGoOutside","rule":"{ألخروج من خِلال}"},{"id":"campusTurnToHallwayActionMakeSharpRight","rule":"{الإستدارة بحدة نحوَ اليمين}"},{"id":"campusTurnToHallwayActionMakeSharpLeft","rule":"{الإستدارة بحدة نحوَ اليسار}"},{"id":"campusArcToWalkwayActionMakeSharpLeft","rule":"{الإستدارة بحدة نحوَ اليسار}"},{"id":"campusDoorToWalkwayActionGoInside","rule":"{ألدخول من خِلال}"},{"id":"campusTurnToHallwayActionTurnLeft","rule":"{الإستدارة نحوَ اليسار}"},{"id":"campusTurnToHallwayActionBearLeft","rule":"{الإنعطاف نحوَ اليسار}"},{"id":"campusTurnToWalkwayActionContinueForward","rule":"{الإستمرار إلى الأمام}"},{"id":"campusTurnToWalkwayActionKeepRight","rule":"{الإلتزام بجهة اليمين}"},{"id":"campusArcToWalkwayActionMakeSharpRight","rule":"{الإستدارة بحدة نحوَ اليمين}"},{"id":"campusTurnToWalkwayActionBearRight","rule":"{الإنعطاف نحوَ اليمين}"},{"id":"campusArcToHallwayActionMakeSharpLeft","rule":"{الإستدارة بحدة نحوَ اليسار}"},{"id":"campusTurnToWalkwayActionTurnRight","rule":"{الإستدارة نحوَ اليمين}"},{"id":"campusTurnToWalkwayActionMakeSharpRight","rule":"{الإستدارة بحدة نحوَ اليمين}"},{"id":"campusTurnToWalkwayActionMakeSharpLeft","rule":"{الإستدارة بحدة نحوَ اليسار}"},{"id":"campusTurnToWalkwayActionTurnLeft","rule":"{الإستدارة نحوَ اليسار}"},{"id":"campusDoorToHallwayActionGo","rule":"{ألسَير من خِلال}"},{"id":"DirectionExitName","rule":"{(} #SignpostExit {)}"},{"id":"DirectionRestBreak","rule":"#ArriveTime ({-} #DepartTime) { فترة الإستراحة}"},{"id":"campusTurnToWalkwayActionBearLeft","rule":"{الإنعطاف نحوَ اليسار}"},{"id":"campusArcToHallwayActionTurnLeft","rule":"{الإستدارة نحوَ اليسار}"},{"id":"campusTurnToWalkwayActionKeepLeft","rule":"{الإلتزام بجهة اليسار}"},{"id":"campusTurnToWalkwayActionContinue","rule":"{الإستمرار}"},{"id":"Names","rule":"NAME ({(} ALT_NAME {)})"},{"id":"campusTurnToWalkwayActionGo","rule":"{ألسَير}"},{"id":"campusStopSideLeft","rule":"{، على اليسار}"},{"id":"campusArcToHallwayActionKeepRight","rule":"{الإلتزام بجهة اليمين}"},{"id":"campusArcToHallwayActionBearRight","rule":"{الإنعطاف نحوَ اليمين}"},{"id":"campusArcToHallwayActionTurnRight","rule":"{الإستدارة نحوَ اليمين}"},{"id":"campusArcToHallwayActionMakeSharpRight","rule":"{الإستدارة بحدة نحوَ اليمين}"},{"id":"campusArcToHallwayActionBearLeft","rule":"{الإنعطاف نحوَ اليسار}"},{"id":"campusArcToHallwayActionKeepLeft","rule":"{الإلتزام بجهة اليسار}"},{"id":"campusArcToHallwayActionContinueForward","rule":"{الإستمرار إلى الأمام}"},{"id":"campusArcToWalkwayActionKeepRight","rule":"{الإلتزام بجهة اليمين}"},{"id":"campusArcToWalkwayActionBearRight","rule":"{الإنعطاف نحوَ اليمين}"},{"id":"StopLength","rule":"#StopLength"},{"id":"campusArcToWalkwayActionTurnRight","rule":"{الإستدارة نحوَ اليمين}"},{"id":"campusArcToWalkwayActionTurnLeft","rule":"{الإستدارة نحوَ اليسار}"},{"id":"campusArcToWalkwayActionBearLeft","rule":"{الإنعطاف نحوَ اليسار}"},{"id":"campusArcToWalkwayActionKeepLeft","rule":"{الإلتزام بجهة اليسار}"},{"id":"campusArcToWalkwayActionContinueForward","rule":"{الإستمرار إلى الأمام}"},{"id":"TimeShort","rule":"{< 1 دقيقة}"},{"id":"campusArcToActionKeepRight","rule":"{الإلتزام بجهة اليمين}"},{"id":"campusArcToActionBearRight","rule":"{الإنعطاف نحوَ اليمين}"},{"id":"campusArcToActionTurnRight","rule":"{الإستدارة نحوَ اليمين}"},{"id":"campusArcToActionMakeSharpRight","rule":"{الإستدارة بحدة نحوَ اليمين}"},{"id":"campusArcToActionMakeSharpLeft","rule":"{الإستدارة بحدة نحوَ اليسار}"},{"id":"campusArcToActionTurnLeft","rule":"{الإستدارة نحوَ اليسار}"},{"id":"campusArcToActionBearLeft","rule":"{الإنعطاف نحوَ اليسار}"},{"id":"DirectionCrossStreet","rule":"{(} #CrossNames {)}"},{"id":"campusArcToActionKeepLeft","rule":"{الإلتزام بجهة اليسار}"},{"id":"campusArcToActionContinueForward","rule":"{الإستمرار إلى الأمام}"},{"id":"campusFirstActionBearRight","rule":"{الإنعطاف نحوَ اليمين} @campusAtIntersectionNames ({ على } {(} NAME {)})"},{"id":"DistanceLong","rule":"#Distance(1) ({ } #DistanceUnits)"},{"id":"campusBeforeElevationActionBearRight","rule":"{الإنعطاف نحوَ اليمين}"},{"id":"DirectionDayEnd","rule":"(#ArriveTime { }) {نهاية اليوم}"},{"id":"campusBeforeElevationActionTurnRight","rule":"{الإستدارة نحوَ اليمين}"},{"id":"campusBeforeElevationActionMakeSharpRight","rule":"{الإستدارة بحدة نحوَ اليمين}"},{"id":"campusGoToHallwayActionGoBack","rule":"{ألرجوع}"},{"id":"campusBeforeElevationActionMakeSharpLeft","rule":"{الإستدارة بحدة نحوَ اليسار}"},{"id":"campusBeforeElevationActionTurnLeft","rule":"{الإستدارة نحوَ اليسار}"},{"id":"campusRightSide","rule":"{اليمين}"},{"id":"campusLeftSide","rule":"{اليسار}"},{"id":"campusAtIntersectionNames","rule":"{ عند } {(} #Intersection(NAME) ({ (} #Intersection(ALT_NAME) {)} {)})"},{"id":"UnitYardNeutral","rule":"{ياردة}"},{"id":"campusFirstActionTurnRight","rule":"{الإستدارة نحوَ اليمين} @campusAtIntersectionNames ({ على } {(} NAME {)})"},{"id":"campusFirstActionMakeSharpRight","rule":"{الإستدارة بحدة نحوَ اليمين} @campusAtIntersectionNames ({ على } {(} NAME {)})"},{"id":"campusFirstActionMakeSharpLeft","rule":"{الإستدارة بحدة نحوَ اليسار} @campusAtIntersectionNames ({ على } {(} NAME {)})"},{"id":"campusFirstActionBearLeft","rule":"{الإنعطاف نحوَ اليسار} @campusAtIntersectionNames ({ على } {(} NAME {)})"},{"id":"campusFirstActionContinue","rule":"{الإستمرار} @campusAtIntersectionNames ({ على } {(} NAME {)})"},{"id":"campusSecondActionBearRight","rule":"{الإنعطاف نحوَ اليمين مباشرةً} ({ على } {(} NAME {)})"},{"id":"campusToWalkwayActionContinueForward","rule":"{الإستمرار إلى الأمام}"},{"id":"campusSecondActionTurnRight","rule":"{الإستدارة نحوَ اليمين مباشرةً} ({ على } {(} NAME {)})"},{"id":"campusSecondActionMakeSharpRight","rule":"{الإستدارة بحدة نحوَ اليمين مباشرةً} ({ على } {(} NAME {)})"},{"id":"campusSecondActionMakeSharpLeft","rule":"{الإستدارة بحدة نحوَ اليسار مباشرةً} ({ على } {(} NAME {)})"},{"id":"campusSecondActionTurnLeft","rule":"{الإستدارة نحوَ اليسار مباشرةً} ({ على } {(} NAME {)})"},{"id":"campusSecondActionBearLeft","rule":"{الإنعطاف نحوَ اليسار مباشرةً} ({ على } {(} NAME {)})"},{"id":"campusSecondActionContinue","rule":"{الإستمرار مباشرةً} ({ على } {(} NAME {)})"},{"id":"CumulativeDistanceLong","rule":"#Select(#Distance(1), {0}) ({ } #DistanceUnits)"},{"id":"campusContinueHallwayActionForward","rule":"{الإستمرار إلى الأمام}"},{"id":"campusContinueHallwayActionGoForward","rule":"{ألسَير إلى الأمام}"},{"id":"campusContinueHallwayActionGoBack","rule":"{ألرجوع}"},{"id":"campusContinueWalkwayActionForward","rule":"{الإستمرار إلى الأمام}"},{"id":"campusContinueWalkwayActionGoForward","rule":"{ألسَير إلى الأمام}"},{"id":"campusContinueWalkwayActionGoBack","rule":"{ألرجوع}"},{"id":"campusGoToHallwayActionContinueForward","rule":"{الإستمرار إلى الأمام}"},{"id":"campusGoToHallwayActionGoForward","rule":"{ألسَير إلى الأمام}"},{"id":"StopWaitTime","rule":"{زمن الأنتظار: } #StopWaitTime"},{"id":"campusGoToWalkwayActionContinueForward","rule":"{الإستمرار إلى الأمام}"},{"id":"campusGoToWalkwayActionGoForward","rule":"{ألسَير إلى الأمام}"},{"id":"campusGoToWalkwayActionGoBack","rule":"{ألرجوع}"},{"id":"campusToActionContinueForward","rule":"{الإستمرار إلى الأمام}"},{"id":"campusToActionGoForward","rule":"{ألسَير إلى الأمام}"},{"id":"campusToHallwayActionGoBack","rule":"{ألرجوع}"},{"id":"campusToActionGoBack","rule":"{ألرجوع}"},{"id":"campusToHallwayActionContinueForward","rule":"{الإستمرار إلى الأمام}"},{"id":"campusToHallwayActionGoForward","rule":"{ألسَير إلى الأمام}"},{"id":"UnitMeterSingular","rule":"{متر}"},{"id":"campusToWalkwayActionGoForward","rule":"{ألسَير إلى الأمام}"},{"id":"campusElevationEscalator","rule":"{ألسُلم ألدوار}"},{"id":"campusElevationStairs","rule":"{ألدَرَج}"},{"id":"campusElevationRamp","rule":"{ألمَعبر }"},{"id":"campusElevationUp","rule":"{للصعود}"},{"id":"StopViolationTime","rule":"{ألمخالفة الزمنية: } #StopViolationTime"},{"id":"campusElevationDown","rule":"{للنزول}"},{"id":"UnitKilometerNeutral","rule":"{كيلومتر}"},{"id":"campusTakeDoorActionGoInside","rule":"{ألدخول من خِلال}"},{"id":"campusTakeDoorActionGoOutside","rule":"{ألخروج من خِلال}"},{"id":"campusTakeDoorToWalkwayActionGoInside","rule":"{ألدخول من خِلال}"},{"id":"campusTakeDoorActionGo","rule":"{ألسَير من خِلال}"},{"id":"campusTakeDoorToHallwayActionGoInside","rule":"{ألدخول من خِلال}"},{"id":"campusTakeDoorToHallwayActionGoOutside","rule":"{ألخروج من خِلال}"},{"id":"campusTakeDoorToHallwayActionGo","rule":"{ألسَير من خِلال}"},{"id":"campusTakeDoorToWalkwayActionGoOutside","rule":"{ألخروج من خِلال}"},{"id":"campusTakeDoorToWalkwayActionGo","rule":"{ألسَير من خِلال}"},{"id":"campusDoorActionGoInside","rule":"{ألدخول من خِلال}"},{"id":"campusDoorActionGoOutside","rule":"{ألخروج من خِلال}"},{"id":"campusDoorActionGo","rule":"{ألسَير من خِلال}"},{"id":"UnitNauticalNeutral","rule":"{ميل بحري}"},{"id":"campusDoorToActionGoInside","rule":"{ألدخول من خِلال}"},{"id":"campusDoorToActionGoOutside","rule":"{ألخروج من خِلال}"},{"id":"campusDoorToActionGo","rule":"{ألسَير من خِلال}"},{"id":"campusDoorToHallwayActionGoInside","rule":"{ألدخول من خِلال}"},{"id":"campusDoorToWalkwayActionGoOutside","rule":"{ألخروج من خِلال}"},{"id":"campusDoorToWalkwayActionGo","rule":"{ألسَير من خِلال}"},{"id":"TimeLong","rule":"(#TotalHours(0) { ساعة }) (#RoundedMinutesOfHour(0) { دقيقة})"},{"id":"TravelTimeShort","rule":"{< 1 دقيقة}"},{"id":"UnitMilePlural","rule":"{ميل}"},{"id":"TravelTimeLong","rule":"(#Days(0) { يوم }) (#HoursOfDay(0) { ساعة }) (#RoundedMinutesOfHour(0) { دقيقة})"},{"id":"StopTimeShort","rule":"{< 1 دقيقة}"},{"id":"StopTimeLong","rule":"(#TotalHours(0) { ساعة }) (#RoundedMinutesOfHour(0) { دقيقة})"},{"id":"TimeZoneChange","rule":"#Sign (#TotalHours(0) { ساعة }) (#RoundedMinutesOfHour(0) { دقيقة})"},{"id":"SignpostDestination","rule":"#String(0) ({ / } #String(1)) ({ / } #String(2)) ({ / } #String(3)) ({ / } #String(4))"},{"id":"campusStopSideRight","rule":"{، على اليمين}"},{"id":"CrossNames","rule":"#String(0) ({ / } #String(1))"},{"id":"campusLandmarkOnTheLeft","rule":"{اليسار}"},{"id":"DirectionBranch","rule":"{(} #Branch {)}"},{"id":"campusLandmarkOnTheRight","rule":"{اليمين}"},{"id":"campusLandmarkOnTheFarLeft","rule":"{أقصى اليسار}"},{"id":"campusLandmarkOnTheFarRight","rule":"{أقصى اليمين}"},{"id":"campusLandmarkOnTheNearLeft","rule":"{اليسار}"},{"id":"UnitYardPlural","rule":"{ياردة}"},{"id":"campusLandmarkOnTheNearRight","rule":"{اليمين}"},{"id":"UnitMileSingular","rule":"{ميل}"},{"id":"UnitMileNeutral","rule":"{ميل}"},{"id":"UnitKilometerPlural","rule":"{كيلومتر}"},{"id":"UnitMeterNeutral","rule":"{متر}"},{"id":"UnitFootSingular","rule":"{قدم}"},{"id":"UnitFootPlural","rule":"{قدم}"},{"id":"UnitFootNeutral","rule":"{قدم}"},{"id":"UnitYardSingular","rule":"{ياردة}"},{"id":"DirectionTime","rule":"#ItemTime"},{"id":"UnitNauticalSingular","rule":"{ميل بحري}"},{"id":"UnitNauticalPlural","rule":"{ميل بحري}"},{"id":"UnitSecondSingular","rule":"{ثانية}"},{"id":"UnitSecondPlural","rule":"{ثانية}"},{"id":"UnitSecondNeutral","rule":"{ثانية}"},{"id":"StopSummary","rule":"{ألمسافة: } #StopLength"},{"id":"StopTimeWindow","rule":"{ألفترة الزمنية: } #StopTimeWindowStart { - } #StopTimeWindowEnd"},{"id":"StopStayTime","rule":"{زمن ألرحلة: } #StopStayTime"},{"id":"StopFullTime","rule":"#StopFullTime"},{"id":"campusDirectionWalk","rule":"{السير} ({ } #ItemLength) ({ ~ } #ItemTime)"},{"id":"DirectionLength","rule":"#ItemLength"},{"id":"DirectionETA","rule":"#ArriveTime"},{"id":"DirectionToward","rule":"{(} #Destination {)}"},{"id":"DirectionStreet","rule":"{(} NAME {)}"},{"id":"DirectionAltNames","rule":"{(} ALT_NAME {)} ({ / } {(} ALT_NAME2 {)})"},{"id":"DirectionAfterBreak","rule":"(#DepartTime { }) {الإستمرار} { على } {(} @@Names {)}"},{"id":"campusEventLandmarkManeuverGuidance","rule":"#FirstUpper(#LandmarkName) { بالقرب من ألتقاطع}"},{"id":"campusEventLandmarkPassageVerification","rule":"{ألمرور بجانب } {(} #LandmarkName {)} ({. يَقَع ألمَعلَم على } #LandmarkPosition)"}],"lookupMapping":[]}}}]}}