{"directions":{"settings":[{"style":{"id":"NA Campus","language":{"id":"es","description":"español","strings":[{"id":"campusManeuverContinueHallway","rule":"#ContinueHallwayAction ({ por } @@campusNames)"},{"id":"campusTurnHallwayActionMakeSharpRight","rule":"{Haga un giro a la derecha}"},{"id":"campusTurnToHallwayActionKeepLeft","rule":"{Manténgase a la izquierda}"},{"id":"campusTurnToHallwayActionContinue","rule":"{continúe}"},{"id":"campusManeuverHeader","rule":"{Comience} ({ en } #StopName)"},{"id":"campusEventRestrictionViolation","rule":"{Restricción: } #Restriction"},{"id":"campusManeuverFooter","rule":"{Termine} ({ } #StopArrival({próximamente},{posteriormente})) ({ a } #StopName) (#StopSide)"},{"id":"campusNames","rule":"NAME ({ (} ALT_NAME {)})"},{"id":"campusManeuverDepart","rule":"{Salga desde} ({ } #StopName)"},{"id":"campusManeuverArrive","rule":"{Llegue} ({ } #StopArrival({próximamente},{posteriormente})) ({ a } #StopName) (#StopSide)"},{"id":"campusTurnToHallwayActionBearRight","rule":"{Tome la derecha}"},{"id":"campusManeuverDepartHallway","rule":"{Vaya hacia adelante} ({ por } @@campusNames) ({ hacia } #CrossNames)"},{"id":"campusBeforeElevationActionBearLeft","rule":"{Tome la izquierda}"},{"id":"campusManeuverContinueWalkway","rule":"#ContinueWalkwayAction ({ en } @@campusNames)"},{"id":"campusManeuverTurnHallway","rule":"#TurnHallwayAction ({ por } @@campusNames)"},{"id":"campusManeuverDepartWalkway","rule":"{Vaya hacia adelante} ({ en } @@campusNames) ({ hacia } #CrossNames)"},{"id":"campusManeuverArcTo","rule":"#Select((#ArcToAction ({ y diríjase hacia } #Destination)), {Continúe hacia adelante})"},{"id":"campusEventLeaveBuilding","rule":"{Saliendo} ({ } #From(CROSSADMINBORDER))"},{"id":"campusManeuverArcToHallway","rule":"#FirstUpper(#Select(@campusArcToHallway, @campusStraightToHallway))"},{"id":"campusArcToHallway","rule":"#ArcToHallwayAction (#Select(({ y pase por } @@campusToNames), ({ y diríjase hacia } #Destination)))"},{"id":"UnitKilometerSingular","rule":"{km}"},{"id":"campusTurnToHallwayActionContinueForward","rule":"{continúe hacia adelante}"},{"id":"campusTurnWalkwayActionTurnRight","rule":"{Gire a la derecha}"},{"id":"campusStraightToHallway","rule":"{Continúe hacia adelante} ({ hacia } @@campusToNames) @campusDestination"},{"id":"campusDestination","rule":"{ hacia } #Destination"},{"id":"campusTurnWalkwayActionMakeSharpRight","rule":"{Haga un giro a la derecha}"},{"id":"campusManeuverTakeDoorToHallway","rule":"#TakeDoorToHallwayAction ({ } #Select(#Door(NAME), {la puerta})) ({ a la } #DoorSide) @@campusAndGoTrough"},{"id":"campusToNames","rule":" #To(NAME) ({ (} #To(ALT_NAME) {)})"},{"id":"campusManeuverArcToWalkway","rule":"#FirstUpper(#Select(@campusArcToWalkway, @campusStraightToWalkway))"},{"id":"campusArcToWalkway","rule":"#ArcToWalkwayAction (#Select(({ y Tome } @@campusToNames), ({ y diríjase hacia } #Destination)))"},{"id":"campusStraightToWalkway","rule":"{Continúe hacia adelante} ({ en } @@campusToNames) @campusDestination"},{"id":"campusManeuverTurnToHallway","rule":"#TurnToHallwayAction ({ y pase por } @@campusNames) @campusDestination"},{"id":"campusManeuverTurnToWalkway","rule":"#TurnToWalkwayAction ({ y Tome } @@campusNames) @campusDestination"},{"id":"campusManeuverExit","rule":"{Salga y Continúe} ({ en } @@campusNames)"},{"id":"campusToWalkwayActionGoBack","rule":"{regrese}"},{"id":"campusManeuverEnter","rule":"{Entre y Continúe} ({ hacia } @@campusNames)"},{"id":"campusManeuverTurnWalkway","rule":"#TurnWalkwayAction ({ en } @@campusNames)"},{"id":"campusTurnWalkwayActionGo","rule":"{Avance}"},{"id":"UnitMeterPlural","rule":"{m}"},{"id":"campusManeuverDoubleTurn","rule":"#FirstTurn(#FirstActionBearing) { e } #SecondTurn(#SecondActionBearing)"},{"id":"campusTurnHallwayActionContinueForward","rule":"{Continúe hacia adelante}"},{"id":"campusManeuverElevation","rule":"@campusBeforeElevation #ElevationName ({ } #ElevationCourse) ({ al piso } #To(TO_FLOOR_NAME))"},{"id":"campusBeforeElevation","rule":"#Select((#TurnActionBeforeElevation { y Tome }), {Tome })"},{"id":"campusManeuverDoorToWalkway","rule":"#DoorToWalkwayAction ({ } #Select(#Door(NAME), {la puerta})) @@campusAndToWalkwayGoOn"},{"id":"campusEventEnterBuilding","rule":"{Entrando} ({ } CROSSADMINBORDER)"},{"id":"campusManeuverDoor","rule":"#DoorAction ({ } #Select(#Door(NAME), {la puerta}))"},{"id":"campusTurnWalkwayActionKeepRight","rule":"{Manténgase a la derecha}"},{"id":"campusFirstActionTurnLeft","rule":"{Gire a la izquierda} @campusAtIntersectionNames ({ en } NAME)"},{"id":"campusManeuverDoorTo","rule":"#DoorToAction ({ } #Select(#Door(NAME), {la puerta})) @campusAndToAction"},{"id":"campusAndToWalkwayGoOn","rule":"{ y } #ToWalkwayAction ({ en } @@campusNames) @campusDestination"},{"id":"campusAndToAction","rule":"{ y } #ToAction"},{"id":"campusManeuverDoorToHallway","rule":"#DoorToHallwayAction ({ } #Select(#Door(NAME), {la puerta})) @@campusAndToHallwayGoThroug"},{"id":"campusTurnWalkwayActionContinue","rule":"{continúe}"},{"id":"campusTurnHallwayActionTurnRight","rule":"{Gire a la derecha}"},{"id":"campusElevationElevator","rule":"{ascensor}"},{"id":"campusAndToHallwayGoThroug","rule":"{ y } #ToHallwayAction ({ hacia } @@campusNames) @campusDestination"},{"id":"campusManeuverTakeDoorToWalkway","rule":"#TakeDoorToWalkwayAction ({ } #Select(#Door(NAME), {la puerta})) ({ a la } #DoorSide) @@campusAndGoOn"},{"id":"campusTurnWalkwayActionContinueForward","rule":"{continúe hacia adelante}"},{"id":"DirectionCumulativeLength","rule":"#CumulativeDistance"},{"id":"campusAndGoOn","rule":"{ y } #GoToWalkwayAction ({ en } @@campusNames) @campusDestination"},{"id":"campusAndGoTrough","rule":"{ y } #GoToHallwayAction ({ hacia } @@campusNames) @campusDestination"},{"id":"campusTurnWalkwayActionBearRight","rule":"{Tome la derecha}"},{"id":"campusManeuverTakeDoor","rule":"#TakeDoorAction ({ } #Select(#Door(NAME), {la puerta})) ({ a la } #DoorSide)"},{"id":"campusTurnHallwayActionKeepRight","rule":"{Manténgase a la derecha}"},{"id":"campusTurnHallwayActionBearRight","rule":"{Tome la derecha}"},{"id":"campusTurnToHallwayActionGo","rule":"{avance}"},{"id":"campusTurnHallwayActionMakeSharpLeft","rule":"{Haga un giro a la izquierda}"},{"id":"campusTurnHallwayActionTurnLeft","rule":"{Gire a la izquierda}"},{"id":"campusTurnHallwayActionBearLeft","rule":"{Tome la izquierda}"},{"id":"campusTurnWalkwayActionBearLeft","rule":"{Tome la izquierda}"},{"id":"campusTurnHallwayActionKeepLeft","rule":"{Manténgase a la izquierda}"},{"id":"campusTurnHallwayActionContinue","rule":"{Continúe}"},{"id":"campusTurnHallwayActionGo","rule":"{Avance}"},{"id":"campusTurnWalkwayActionMakeSharpLeft","rule":"{Haga un giro a la izquierda}"},{"id":"DistanceShort","rule":"{< } #MinDistance(1) ({ } #DistanceUnits)"},{"id":"campusTurnWalkwayActionTurnLeft","rule":"{Gire a la izquierda}"},{"id":"campusTurnWalkwayActionKeepLeft","rule":"{Manténgase a la izquierda}"},{"id":"campusTurnToHallwayActionKeepRight","rule":"{Manténgase a la derecha}"},{"id":"campusTurnToHallwayActionTurnRight","rule":"{Gire a la derecha}"},{"id":"campusDoorToHallwayActionGoOutside","rule":"{Salga por}"},{"id":"campusTurnToHallwayActionMakeSharpRight","rule":"{Haga un giro a la derecha}"},{"id":"campusTurnToHallwayActionMakeSharpLeft","rule":"{Haga un giro a la izquierda}"},{"id":"campusArcToWalkwayActionMakeSharpLeft","rule":"{Haga un giro a la izquierda}"},{"id":"campusDoorToWalkwayActionGoInside","rule":"{Entre por}"},{"id":"campusTurnToHallwayActionTurnLeft","rule":"{Gire a la izquierda}"},{"id":"campusTurnToHallwayActionBearLeft","rule":"{Tome la izquierda}"},{"id":"campusTurnToWalkwayActionContinueForward","rule":"{continúe hacia adelante}"},{"id":"campusTurnToWalkwayActionKeepRight","rule":"{Manténgase a la derecha}"},{"id":"campusArcToWalkwayActionMakeSharpRight","rule":"{Haga un giro a la derecha}"},{"id":"campusTurnToWalkwayActionBearRight","rule":"{Tome la derecha}"},{"id":"campusArcToHallwayActionMakeSharpLeft","rule":"{Haga un giro a la izquierda}"},{"id":"campusTurnToWalkwayActionTurnRight","rule":"{Gire a la derecha}"},{"id":"campusTurnToWalkwayActionMakeSharpRight","rule":"{Haga un giro a la derecha}"},{"id":"campusTurnToWalkwayActionMakeSharpLeft","rule":"{Haga un giro a la izquierda}"},{"id":"campusTurnToWalkwayActionTurnLeft","rule":"{Gire a la izquierda}"},{"id":"campusDoorToHallwayActionGo","rule":"{Pase por}"},{"id":"DirectionExitName","rule":"#SignpostExit"},{"id":"DirectionRestBreak","rule":"#ArriveTime ({-} #DepartTime) { Descanso}"},{"id":"campusTurnToWalkwayActionBearLeft","rule":"{Tome la izquierda}"},{"id":"campusArcToHallwayActionTurnLeft","rule":"{Gire a la izquierda}"},{"id":"campusTurnToWalkwayActionKeepLeft","rule":"{Manténgase a la izquierda}"},{"id":"campusTurnToWalkwayActionContinue","rule":"{continúe}"},{"id":"campusTurnToWalkwayActionGo","rule":"{avance}"},{"id":"campusStopSideLeft","rule":"{, a la izquierda}"},{"id":"campusArcToHallwayActionKeepRight","rule":"{Manténgase a la derecha}"},{"id":"campusArcToHallwayActionBearRight","rule":"{Tome la derecha}"},{"id":"campusArcToHallwayActionTurnRight","rule":"{Gire a la derecha}"},{"id":"campusArcToHallwayActionMakeSharpRight","rule":"{Haga un giro a la derecha}"},{"id":"campusArcToHallwayActionBearLeft","rule":"{Tome la izquierda}"},{"id":"campusArcToHallwayActionKeepLeft","rule":"{Manténgase a la izquierda}"},{"id":"campusArcToHallwayActionContinueForward","rule":"{Continúe hacia adelante}"},{"id":"campusArcToWalkwayActionKeepRight","rule":"{Manténgase a la derecha}"},{"id":"campusArcToWalkwayActionBearRight","rule":"{Tome la derecha}"},{"id":"StopLength","rule":"#StopLength"},{"id":"campusArcToWalkwayActionTurnRight","rule":"{Gire a la derecha}"},{"id":"campusArcToWalkwayActionTurnLeft","rule":"{Gire a la izquierda}"},{"id":"campusArcToWalkwayActionBearLeft","rule":"{Tome la izquierda}"},{"id":"campusArcToWalkwayActionKeepLeft","rule":"{Manténgase a la izquierda}"},{"id":"campusArcToWalkwayActionContinueForward","rule":"{Continúe hacia adelante}"},{"id":"TimeShort","rule":"{< 1 min}"},{"id":"campusArcToActionKeepRight","rule":"{Manténgase a la derecha}"},{"id":"campusArcToActionBearRight","rule":"{Tome la derecha}"},{"id":"campusArcToActionTurnRight","rule":"{Gire a la derecha}"},{"id":"campusArcToActionMakeSharpRight","rule":"{Haga un giro a la derecha}"},{"id":"campusArcToActionMakeSharpLeft","rule":"{Haga un giro a la izquierda}"},{"id":"campusArcToActionTurnLeft","rule":"{Gire a la izquierda}"},{"id":"campusArcToActionBearLeft","rule":"{Tome la izquierda}"},{"id":"DirectionCrossStreet","rule":"#CrossNames"},{"id":"campusArcToActionKeepLeft","rule":"{Manténgase a la izquierda}"},{"id":"campusArcToActionContinueForward","rule":"{Continúe hacia adelante}"},{"id":"campusFirstActionBearRight","rule":"{Tome la derecha} @campusAtIntersectionNames ({ en } NAME)"},{"id":"DistanceLong","rule":"#Distance(1) ({ } #DistanceUnits)"},{"id":"campusBeforeElevationActionBearRight","rule":"{Tome la derecha}"},{"id":"DirectionDayEnd","rule":"(#ArriveTime { }) {Al final del día}"},{"id":"campusBeforeElevationActionTurnRight","rule":"{Gire a la derecha}"},{"id":"campusBeforeElevationActionMakeSharpRight","rule":"{Haga un giro a la derecha}"},{"id":"campusGoToHallwayActionGoBack","rule":"{regrese}"},{"id":"campusBeforeElevationActionMakeSharpLeft","rule":"{Haga un giro a la izquierda}"},{"id":"campusBeforeElevationActionTurnLeft","rule":"{Gire a la izquierda}"},{"id":"campusRightSide","rule":"{derecha}"},{"id":"campusLeftSide","rule":"{izquierda}"},{"id":"campusAtIntersectionNames","rule":"{ en } #Intersection(NAME) ({ (} #Intersection(ALT_NAME) {)})"},{"id":"UnitYardNeutral","rule":"{yarda(s)}"},{"id":"campusFirstActionTurnRight","rule":"{Gire a la derecha} @campusAtIntersectionNames ({ en } NAME)"},{"id":"campusFirstActionMakeSharpRight","rule":"{Haga un giro a la derecha} @campusAtIntersectionNames ({ en } NAME)"},{"id":"campusFirstActionMakeSharpLeft","rule":"{Haga un giro a la izquierda} @campusAtIntersectionNames ({ en } NAME)"},{"id":"campusFirstActionBearLeft","rule":"{Tome la izquierda} @campusAtIntersectionNames ({ en } NAME)"},{"id":"campusFirstActionContinue","rule":"{Continúe} @campusAtIntersectionNames ({ en } NAME)"},{"id":"campusSecondActionBearRight","rule":"{Inmediatamente Tome la derecha} ({ en } NAME)"},{"id":"campusToWalkwayActionContinueForward","rule":"{Continúe hacia adelante}"},{"id":"campusSecondActionTurnRight","rule":"{Inmediatamente Gire a la derecha} ({ en } NAME)"},{"id":"campusSecondActionMakeSharpRight","rule":"{Inmediatamente haga un giro a la derecha} ({ en } NAME)"},{"id":"campusSecondActionMakeSharpLeft","rule":"{Inmediatamente haga un giro a la izquierda} ({ en } NAME)"},{"id":"campusSecondActionTurnLeft","rule":"{Inmediatamente Gire a la izquierda} ({ en } NAME)"},{"id":"campusSecondActionBearLeft","rule":"{Inmediatamente Tome la izquierda} ({ en } NAME)"},{"id":"campusSecondActionContinue","rule":"{Inmediatamente Continúe} ({ en } NAME)"},{"id":"CumulativeDistanceLong","rule":"#Select(#Distance(1), {0}) ({ } #DistanceUnits)"},{"id":"campusContinueHallwayActionForward","rule":"{Continúe hacia adelante}"},{"id":"campusContinueHallwayActionGoForward","rule":"{Vaya hacia adelante}"},{"id":"campusContinueHallwayActionGoBack","rule":"{Regrese}"},{"id":"campusContinueWalkwayActionForward","rule":"{Continúe hacia adelante}"},{"id":"campusContinueWalkwayActionGoForward","rule":"{Vaya hacia adelante}"},{"id":"campusContinueWalkwayActionGoBack","rule":"{Regrese}"},{"id":"campusGoToHallwayActionContinueForward","rule":"{Continúe hacia adelante}"},{"id":"campusGoToHallwayActionGoForward","rule":"{vaya hacia adelante}"},{"id":"StopWaitTime","rule":"{Tiempo de espera: } #StopWaitTime"},{"id":"campusGoToWalkwayActionContinueForward","rule":"{Continúe hacia adelante}"},{"id":"campusGoToWalkwayActionGoForward","rule":"{vaya hacia adelante}"},{"id":"campusGoToWalkwayActionGoBack","rule":"{regrese}"},{"id":"campusToActionContinueForward","rule":"{Continúe hacia adelante}"},{"id":"campusToActionGoForward","rule":"{vaya hacia adelante}"},{"id":"campusToHallwayActionGoBack","rule":"{regrese}"},{"id":"campusToActionGoBack","rule":"{regrese}"},{"id":"campusToHallwayActionContinueForward","rule":"{Continúe hacia adelante}"},{"id":"campusToHallwayActionGoForward","rule":"{vaya hacia adelante}"},{"id":"UnitMeterSingular","rule":"{m}"},{"id":"campusToWalkwayActionGoForward","rule":"{vaya hacia adelante}"},{"id":"campusElevationEscalator","rule":"{escalera mecánica}"},{"id":"campusElevationStairs","rule":"{escaleras}"},{"id":"campusElevationRamp","rule":"{rampa}"},{"id":"campusElevationUp","rule":"{arriba}"},{"id":"StopViolationTime","rule":"{Tiempo de infracción: } #StopViolationTime"},{"id":"campusElevationDown","rule":"{abajo}"},{"id":"UnitKilometerNeutral","rule":"{km}"},{"id":"campusTakeDoorActionGoInside","rule":"{Entre por}"},{"id":"campusTakeDoorActionGoOutside","rule":"{Salga por}"},{"id":"campusTakeDoorToWalkwayActionGoInside","rule":"{Entre por}"},{"id":"campusTakeDoorActionGo","rule":"{Pase por}"},{"id":"campusTakeDoorToHallwayActionGoInside","rule":"{Entre por}"},{"id":"campusTakeDoorToHallwayActionGoOutside","rule":"{Salga por}"},{"id":"campusTakeDoorToHallwayActionGo","rule":"{Pase por}"},{"id":"campusTakeDoorToWalkwayActionGoOutside","rule":"{Salga por}"},{"id":"campusTakeDoorToWalkwayActionGo","rule":"{Pase por}"},{"id":"campusDoorActionGoInside","rule":"{Entre por}"},{"id":"campusDoorActionGoOutside","rule":"{Salga por}"},{"id":"campusDoorActionGo","rule":"{Pase por}"},{"id":"UnitNauticalNeutral","rule":"{milla naútica}"},{"id":"campusDoorToActionGoInside","rule":"{Entre por}"},{"id":"campusDoorToActionGoOutside","rule":"{Sal por}"},{"id":"campusDoorToActionGo","rule":"{Pase por}"},{"id":"campusDoorToHallwayActionGoInside","rule":"{Entre por}"},{"id":"campusDoorToWalkwayActionGoOutside","rule":"{Salga por}"},{"id":"campusDoorToWalkwayActionGo","rule":"{Pase por}"},{"id":"TimeLong","rule":"(#TotalHours(0) { h }) (#RoundedMinutesOfHour(0) { min})"},{"id":"TravelTimeShort","rule":"{< 1 min}"},{"id":"UnitMilePlural","rule":"{mi}"},{"id":"TravelTimeLong","rule":"(#Days(0) { d }) (#HoursOfDay(0) { h }) (#RoundedMinutesOfHour(0) { min})"},{"id":"StopTimeShort","rule":"{< 1 min}"},{"id":"StopTimeLong","rule":"(#TotalHours(0) { h }) (#RoundedMinutesOfHour(0) { min})"},{"id":"TimeZoneChange","rule":"#Sign (#TotalHours(0) { h }) (#RoundedMinutesOfHour(0) { min})"},{"id":"SignpostDestination","rule":"#String(0) ({ / } #String(1)) ({ / } #String(2)) ({ / } #String(3)) ({ / } #String(4))"},{"id":"campusStopSideRight","rule":"{, a la derecha}"},{"id":"CrossNames","rule":"#String(0) ({ / } #String(1))"},{"id":"campusLandmarkOnTheLeft","rule":"{izquierda}"},{"id":"DirectionBranch","rule":"#Branch"},{"id":"campusLandmarkOnTheRight","rule":"{derecha}"},{"id":"campusLandmarkOnTheFarLeft","rule":"{izquierda más alejada}"},{"id":"campusLandmarkOnTheFarRight","rule":"{derecha más alejada}"},{"id":"campusLandmarkOnTheNearLeft","rule":"{izquierda más cercana}"},{"id":"UnitYardPlural","rule":"{yardas}"},{"id":"campusLandmarkOnTheNearRight","rule":"{derecha más cercana}"},{"id":"UnitMileSingular","rule":"{mi}"},{"id":"UnitMileNeutral","rule":"{mi}"},{"id":"UnitKilometerPlural","rule":"{km}"},{"id":"UnitMeterNeutral","rule":"{m}"},{"id":"UnitFootSingular","rule":"{pie}"},{"id":"UnitFootPlural","rule":"{pies}"},{"id":"UnitFootNeutral","rule":"{pie(s)}"},{"id":"UnitYardSingular","rule":"{yarda}"},{"id":"DirectionTime","rule":"#ItemTime"},{"id":"UnitNauticalSingular","rule":"{milla naútica}"},{"id":"UnitNauticalPlural","rule":"{milla naútica}"},{"id":"UnitSecondSingular","rule":"{seg}"},{"id":"UnitSecondPlural","rule":"{seg}"},{"id":"UnitSecondNeutral","rule":"{seg}"},{"id":"StopSummary","rule":"{Distancia: } #StopLength"},{"id":"StopTimeWindow","rule":"{Intervalo de tiempo: } #StopTimeWindowStart { - } #StopTimeWindowEnd"},{"id":"StopStayTime","rule":"{Tiempo de servicio: } #StopStayTime"},{"id":"StopFullTime","rule":"#StopFullTime"},{"id":"campusDirectionWalk","rule":"{Camine} ({ } #ItemLength) ({ ~ } #ItemTime)"},{"id":"DirectionLength","rule":"#ItemLength"},{"id":"DirectionETA","rule":"#ArriveTime"},{"id":"DirectionToward","rule":"#Destination"},{"id":"DirectionStreet","rule":"NAME"},{"id":"DirectionAltNames","rule":"ALT_NAME ({ / } ALT_NAME2)"},{"id":"DirectionAfterBreak","rule":"(#DepartTime { }) {Permanezca} { en } NAME ({ (} ALT_NAME {)})"},{"id":"campusEventLandmarkManeuverGuidance","rule":"#FirstUpper(#LandmarkName) { está cerca de la intersección}"},{"id":"campusEventLandmarkPassageVerification","rule":"{Pase por } #LandmarkName ({. Estará en la } #LandmarkPosition)"}],"lookupMapping":[]}}}]}}