{"directions":{"settings":[{"style":{"id":"NA Campus","language":{"id":"he","description":"עברית","strings":[{"id":"campusManeuverContinueHallway","rule":"#ContinueHallwayAction ({ דרך } @@campusNames)"},{"id":"campusTurnHallwayActionMakeSharpRight","rule":"{פניה חדה ימינה}"},{"id":"campusTurnToHallwayActionKeepLeft","rule":"{המשך בשמאל}"},{"id":"campusTurnToHallwayActionContinue","rule":"{המשך}"},{"id":"campusManeuverHeader","rule":"{התחלה} ({ ב} #StopName)"},{"id":"campusEventRestrictionViolation","rule":"{הגבלות: } #Restriction"},{"id":"campusManeuverFooter","rule":"{סיום} ({ } #StopArrival({מוקדם},{מאוחר})) ({ ב} #StopName) (#StopSide)"},{"id":"campusNames","rule":"NAME ({ (} ALT_NAME {)})"},{"id":"campusManeuverDepart","rule":"{יציאה} ({ } #StopName)"},{"id":"campusManeuverArrive","rule":"{הגעה} ({ } #StopArrival({מוקדמת},{מאוחרת})) ({ ב} #StopName) (#StopSide)"},{"id":"campusTurnToHallwayActionBearRight","rule":"{הצמד לימין}"},{"id":"campusManeuverDepartHallway","rule":"{המשך קדימה} ({ דרך } @@campusNames) ({ לעבר } #CrossNames)"},{"id":"campusBeforeElevationActionBearLeft","rule":"{הצמד לשמאל}"},{"id":"campusManeuverContinueWalkway","rule":"#ContinueWalkwayAction ({ על } @@campusNames)"},{"id":"campusManeuverTurnHallway","rule":"#TurnHallwayAction ({ דרך} @@campusNames)"},{"id":"campusManeuverDepartWalkway","rule":"{המשך קדימה} ({ על } @@campusNames) ({ לעבר } #CrossNames)"},{"id":"campusManeuverArcTo","rule":"#Select((#ArcToAction ({ והמשך לעבר } #Destination)), {המשך קדימה})"},{"id":"campusEventLeaveBuilding","rule":"{לעזוב} ({ } #From(CROSSADMINBORDER))"},{"id":"campusManeuverArcToHallway","rule":"#FirstUpper(#Select(@campusArcToHallway, @campusStraightToHallway))"},{"id":"campusArcToHallway","rule":"#ArcToHallwayAction (#Select(({ ועבור דרך } @@campusToNames), ({ והמשך קדימה } #Destination)))"},{"id":"UnitKilometerSingular","rule":"{ק\"מ}"},{"id":"campusTurnToHallwayActionContinueForward","rule":"{המשך קדימה}"},{"id":"campusTurnWalkwayActionTurnRight","rule":"{פנה ימינה}"},{"id":"campusStraightToHallway","rule":"{continue forward} ({ דרך} @@campusToNames) @campusDestination"},{"id":"campusDestination","rule":"{ לכיוון } #Destination"},{"id":"campusTurnWalkwayActionMakeSharpRight","rule":"{פנה פנייה חדה ימינה}"},{"id":"campusManeuverTakeDoorToHallway","rule":"#TakeDoorToHallwayAction ({ } #Select(#Door(NAME), {הדלת})) ({ בצד } #DoorSide) @@campusAndGoTrough"},{"id":"campusToNames","rule":" #To(NAME) ({ (} #To(ALT_NAME) {)})"},{"id":"campusManeuverArcToWalkway","rule":"#FirstUpper(#Select(@campusArcToWalkway, @campusStraightToWalkway))"},{"id":"campusArcToWalkway","rule":"#ArcToWalkwayAction (#Select(({ המשך } @@campusToNames), ({ לעבר } #Destination)))"},{"id":"campusStraightToWalkway","rule":"{המשך קדימה} ({ לכיוון } @@campusToNames) @campusDestination"},{"id":"campusManeuverTurnToHallway","rule":"#TurnToHallwayAction ({ ועבור דרך } @@campusNames) @campusDestination"},{"id":"campusManeuverTurnToWalkway","rule":"#TurnToWalkwayAction ({ לעבר } @@campusNames) @campusDestination"},{"id":"campusManeuverExit","rule":"{צא החוצה והמשך } ({ על } @@campusNames)"},{"id":"campusToWalkwayActionGoBack","rule":"{סע אחורה}"},{"id":"campusManeuverEnter","rule":"{הכנס פנימה והמשך} ({ דרך } @@campusNames)"},{"id":"campusManeuverTurnWalkway","rule":"#TurnWalkwayAction ({ על } @@campusNames)"},{"id":"campusTurnWalkwayActionGo","rule":"{סע}"},{"id":"UnitMeterPlural","rule":"{מ'}"},{"id":"campusManeuverDoubleTurn","rule":"#FirstTurn(#FirstActionBearing) { וגם } #SecondTurn(#SecondActionBearing)"},{"id":"campusTurnHallwayActionContinueForward","rule":"{המשך קדימה}"},{"id":"campusManeuverElevation","rule":"@campusBeforeElevation #ElevationName ({ } #ElevationCourse) ({ לקומה } #To(TO_FLOOR_NAME))"},{"id":"campusBeforeElevation","rule":"#Select((#TurnActionBeforeElevation { וקח }), {קח })"},{"id":"campusManeuverDoorToWalkway","rule":"#DoorToWalkwayAction ({ } #Select(#Door(NAME), {הדלת})) @@campusAndToWalkwayGoOn"},{"id":"campusEventEnterBuilding","rule":"{להכנס} ({ } CROSSADMINBORDER)"},{"id":"campusManeuverDoor","rule":"#DoorAction ({ } #Select(#Door(NAME), {הדלת}))"},{"id":"campusTurnWalkwayActionKeepRight","rule":"{המשך בימין}"},{"id":"campusFirstActionTurnLeft","rule":"{פנה שמאלה} @campusAtIntersectionNames ({ לתוך } NAME)"},{"id":"campusManeuverDoorTo","rule":"#DoorToAction ({ } #Select(#Door(NAME), {הדלת})) @campusAndToAction"},{"id":"campusAndToWalkwayGoOn","rule":"{ וגם } #ToWalkwayAction ({ לכיוון } @@campusNames) @campusDestination"},{"id":"campusAndToAction","rule":"{ וגם } #ToAction"},{"id":"campusManeuverDoorToHallway","rule":"#DoorToHallwayAction ({ } #Select(#Door(NAME), {הדלת})) @@campusAndToHallwayGoThroug"},{"id":"campusTurnWalkwayActionContinue","rule":"{המשך}"},{"id":"campusTurnHallwayActionTurnRight","rule":"{פנה ימינה}"},{"id":"campusElevationElevator","rule":"{מעלית}"},{"id":"campusAndToHallwayGoThroug","rule":"{ } #ToHallwayAction ({ דרך} @@campusNames) @campusDestination"},{"id":"campusManeuverTakeDoorToWalkway","rule":"#TakeDoorToWalkwayAction ({ } #Select(#Door(NAME), {הדלת})) ({ בצד } #DoorSide) @@campusAndGoOn"},{"id":"campusTurnWalkwayActionContinueForward","rule":"{המשך קדימה}"},{"id":"DirectionCumulativeLength","rule":"#CumulativeDistance"},{"id":"campusAndGoOn","rule":"{ וגם } #GoToWalkwayAction ({ לכיוון } @@campusNames) @campusDestination"},{"id":"campusAndGoTrough","rule":"{ } #GoToHallwayAction ({ דרך } @@campusNames) @campusDestination"},{"id":"campusTurnWalkwayActionBearRight","rule":"{הצמד לימין}"},{"id":"campusManeuverTakeDoor","rule":"#TakeDoorAction ({ } #Select(#Door(NAME), {הדלת})) ({ בצד } #DoorSide)"},{"id":"campusTurnHallwayActionKeepRight","rule":"{המשך בימין}"},{"id":"campusTurnHallwayActionBearRight","rule":"{הצמד לימין}"},{"id":"campusTurnToHallwayActionGo","rule":"{סע}"},{"id":"campusTurnHallwayActionMakeSharpLeft","rule":"{פניה חדה שמאלה}"},{"id":"campusTurnHallwayActionTurnLeft","rule":"{פניה שמאלה}"},{"id":"campusTurnHallwayActionBearLeft","rule":"{הצמד לשמאל}"},{"id":"campusTurnWalkwayActionBearLeft","rule":"{הצמד לשמאל}"},{"id":"campusTurnHallwayActionKeepLeft","rule":"{המשך בשמאל}"},{"id":"campusTurnHallwayActionContinue","rule":"{המשך}"},{"id":"campusTurnHallwayActionGo","rule":"{סע}"},{"id":"campusTurnWalkwayActionMakeSharpLeft","rule":"{פנה פנייה חדה שמאלה}"},{"id":"DistanceShort","rule":"{< } #MinDistance(1) ({ } #DistanceUnits)"},{"id":"campusTurnWalkwayActionTurnLeft","rule":"{פנה שמאלה}"},{"id":"campusTurnWalkwayActionKeepLeft","rule":"{המשך בשמאל}"},{"id":"campusTurnToHallwayActionKeepRight","rule":"{המשך בימין}"},{"id":"campusTurnToHallwayActionTurnRight","rule":"{פנה ימינה}"},{"id":"campusDoorToHallwayActionGoOutside","rule":"{צא החוצה דרך}"},{"id":"campusTurnToHallwayActionMakeSharpRight","rule":"{פנה פנייה חדה ימינה}"},{"id":"campusTurnToHallwayActionMakeSharpLeft","rule":"{פנה פנייה חדה שמאלה}"},{"id":"campusArcToWalkwayActionMakeSharpLeft","rule":"{פנה פנייה חדה שמאלה}"},{"id":"campusDoorToWalkwayActionGoInside","rule":"{הכנס פנימה דרך}"},{"id":"campusTurnToHallwayActionTurnLeft","rule":"{פנה שמאלה}"},{"id":"campusTurnToHallwayActionBearLeft","rule":"{הצמד לשמאל}"},{"id":"campusTurnToWalkwayActionContinueForward","rule":"{המשך קדימה}"},{"id":"campusTurnToWalkwayActionKeepRight","rule":"{המשך בימין}"},{"id":"campusArcToWalkwayActionMakeSharpRight","rule":"{פנה פנייה חדה ימינה}"},{"id":"campusTurnToWalkwayActionBearRight","rule":"{הצמד לימין}"},{"id":"campusArcToHallwayActionMakeSharpLeft","rule":"{פנה פנייה חדה שמאלה}"},{"id":"campusTurnToWalkwayActionTurnRight","rule":"{פנה ימינה}"},{"id":"campusTurnToWalkwayActionMakeSharpRight","rule":"{פנה פנייה חדה ימינה}"},{"id":"campusTurnToWalkwayActionMakeSharpLeft","rule":"{פנה פנייה חדה שמאלה}"},{"id":"campusTurnToWalkwayActionTurnLeft","rule":"{פנה שמאלה}"},{"id":"campusDoorToHallwayActionGo","rule":"{עבור דרך}"},{"id":"DirectionExitName","rule":"#SignpostExit"},{"id":"DirectionRestBreak","rule":"#ArriveTime ({-} #DepartTime) { הפסקת מנוחה}"},{"id":"campusTurnToWalkwayActionBearLeft","rule":"{הצמד לשמאל}"},{"id":"campusArcToHallwayActionTurnLeft","rule":"{פנה שמאלה}"},{"id":"campusTurnToWalkwayActionKeepLeft","rule":"{המשך בשמאל}"},{"id":"campusTurnToWalkwayActionContinue","rule":"{המשך}"},{"id":"Names","rule":"NAME ({ (} ALT_NAME {)})"},{"id":"campusTurnToWalkwayActionGo","rule":"{סע}"},{"id":"campusStopSideLeft","rule":"{, משמאל}"},{"id":"campusArcToHallwayActionKeepRight","rule":"{המשך בימין}"},{"id":"campusArcToHallwayActionBearRight","rule":"{הצמד לימין}"},{"id":"campusArcToHallwayActionTurnRight","rule":"{פנה ימינה}"},{"id":"campusArcToHallwayActionMakeSharpRight","rule":"{פנה פנייה חדה ימינה}"},{"id":"campusArcToHallwayActionBearLeft","rule":"{הצמד לשמאל}"},{"id":"campusArcToHallwayActionKeepLeft","rule":"{המשך בשמאל}"},{"id":"campusArcToHallwayActionContinueForward","rule":"{המשך קדימה}"},{"id":"campusArcToWalkwayActionKeepRight","rule":"{המשך בימין}"},{"id":"campusArcToWalkwayActionBearRight","rule":"{הצמד לימין}"},{"id":"StopLength","rule":"#StopLength"},{"id":"campusArcToWalkwayActionTurnRight","rule":"{פנה ימינה}"},{"id":"campusArcToWalkwayActionTurnLeft","rule":"{פנה שמאלה}"},{"id":"campusArcToWalkwayActionBearLeft","rule":"{הצמד לשמאל}"},{"id":"campusArcToWalkwayActionKeepLeft","rule":"{המשך בשמאל}"},{"id":"campusArcToWalkwayActionContinueForward","rule":"{המשך קדימה}"},{"id":"TimeShort","rule":"{< דקה}"},{"id":"campusArcToActionKeepRight","rule":"{המשך בימין}"},{"id":"campusArcToActionBearRight","rule":"{הצמד לימין}"},{"id":"campusArcToActionTurnRight","rule":"{פנה ימינה}"},{"id":"campusArcToActionMakeSharpRight","rule":"{פנה פנייה חדה ימינה}"},{"id":"campusArcToActionMakeSharpLeft","rule":"{פנה פנייה חדה שמאלה}"},{"id":"campusArcToActionTurnLeft","rule":"{פנה שמאלה}"},{"id":"campusArcToActionBearLeft","rule":"{הצמד לשמאל}"},{"id":"DirectionCrossStreet","rule":"#CrossNames"},{"id":"campusArcToActionKeepLeft","rule":"{המשך בשמאל}"},{"id":"campusArcToActionContinueForward","rule":"{המשך קדימה}"},{"id":"campusFirstActionBearRight","rule":"{הצמד לימין} @campusAtIntersectionNames ({ לתוך } NAME)"},{"id":"DistanceLong","rule":"#Distance(1) ({ } #DistanceUnits)"},{"id":"campusBeforeElevationActionBearRight","rule":"{הצמד לימין}"},{"id":"DirectionDayEnd","rule":"(#ArriveTime { }) {סוף יום}"},{"id":"campusBeforeElevationActionTurnRight","rule":"{פנה ימינה}"},{"id":"campusBeforeElevationActionMakeSharpRight","rule":"{פנה פנייה חדה ימינה}"},{"id":"campusGoToHallwayActionGoBack","rule":"{סע אחורה}"},{"id":"campusBeforeElevationActionMakeSharpLeft","rule":"{פנה פנייה חדה שמאלה}"},{"id":"campusBeforeElevationActionTurnLeft","rule":"{פנה שמאלה}"},{"id":"campusRightSide","rule":"{ימין}"},{"id":"campusLeftSide","rule":"{שמאל}"},{"id":"campusAtIntersectionNames","rule":"{ ב} #Intersection(NAME) ({ (} #Intersection(ALT_NAME) {)})"},{"id":"UnitYardNeutral","rule":"{yd}"},{"id":"campusFirstActionTurnRight","rule":"{פנה ימינה} @campusAtIntersectionNames ({ לתוך } NAME)"},{"id":"campusFirstActionMakeSharpRight","rule":"{פנה פנייה חדה ימינה} @campusAtIntersectionNames ({ לתוך } NAME)"},{"id":"campusFirstActionMakeSharpLeft","rule":"{פנה פנייה חדה שמאלה} @campusAtIntersectionNames ({ לתוך } NAME)"},{"id":"campusFirstActionBearLeft","rule":"{הצמד לשמאל} @campusAtIntersectionNames ({ לתוך } NAME)"},{"id":"campusFirstActionContinue","rule":"{המשך} @campusAtIntersectionNames ({ לתוך } NAME)"},{"id":"campusSecondActionBearRight","rule":"{היצמד מיידית לימין} ({ לתוך } NAME)"},{"id":"campusToWalkwayActionContinueForward","rule":"{המשך קדימה}"},{"id":"campusSecondActionTurnRight","rule":"{פנה מיד ימינה} ({ לתוך } NAME)"},{"id":"campusSecondActionMakeSharpRight","rule":"{פנה מיד פניה חדה ימינה} ({ לתוך } NAME)"},{"id":"campusSecondActionMakeSharpLeft","rule":"{פנה מיד פניה חדה שמאלה} ({ לתוך } NAME)"},{"id":"campusSecondActionTurnLeft","rule":"{פנה מיד שמאלה} ({ לתוך } NAME)"},{"id":"campusSecondActionBearLeft","rule":"{היצמד מיידית לשמאל} ({ לתוך } NAME)"},{"id":"campusSecondActionContinue","rule":"{מיד המשך} ({ לתוך } NAME)"},{"id":"CumulativeDistanceLong","rule":"#Select(#Distance(1), {0}) ({ } #DistanceUnits)"},{"id":"campusContinueHallwayActionForward","rule":"{המשך קדימה}"},{"id":"campusContinueHallwayActionGoForward","rule":"{סע קדימה}"},{"id":"campusContinueHallwayActionGoBack","rule":"{סע אחורה}"},{"id":"campusContinueWalkwayActionForward","rule":"{המשך קדימה}"},{"id":"campusContinueWalkwayActionGoForward","rule":"{סע קדימה}"},{"id":"campusContinueWalkwayActionGoBack","rule":"{סע אחורה}"},{"id":"campusGoToHallwayActionContinueForward","rule":"{המשך קדימה}"},{"id":"campusGoToHallwayActionGoForward","rule":"{סע קדימה}"},{"id":"StopWaitTime","rule":"{זמן המתנה: } #StopWaitTime"},{"id":"campusGoToWalkwayActionContinueForward","rule":"{המשך קדימה}"},{"id":"campusGoToWalkwayActionGoForward","rule":"{סע קדימה}"},{"id":"campusGoToWalkwayActionGoBack","rule":"{סע אחורה}"},{"id":"campusToActionContinueForward","rule":"{המשך קדימה}"},{"id":"campusToActionGoForward","rule":"{סע קדימה}"},{"id":"campusToHallwayActionGoBack","rule":"{סע אחורה}"},{"id":"campusToActionGoBack","rule":"{סע אחורה}"},{"id":"campusToHallwayActionContinueForward","rule":"{המשך קדימה}"},{"id":"campusToHallwayActionGoForward","rule":"{סע קדימה}"},{"id":"UnitMeterSingular","rule":"{מ'}"},{"id":"campusToWalkwayActionGoForward","rule":"{סע קדימה}"},{"id":"campusElevationEscalator","rule":"{מדרגות נעות}"},{"id":"campusElevationStairs","rule":"{מדרגות}"},{"id":"campusElevationRamp","rule":"{מעלית}"},{"id":"campusElevationUp","rule":"{למעלה}"},{"id":"StopViolationTime","rule":"{הפרת זמן: } #StopViolationTime"},{"id":"campusElevationDown","rule":"{למטה}"},{"id":"UnitKilometerNeutral","rule":"{ק\"מ}"},{"id":"campusTakeDoorActionGoInside","rule":"{הכנס פנימה דרך}"},{"id":"campusTakeDoorActionGoOutside","rule":"{צא החוצה דרך}"},{"id":"campusTakeDoorToWalkwayActionGoInside","rule":"{הכנס פנימה דרך}"},{"id":"campusTakeDoorActionGo","rule":"{עבור דרך}"},{"id":"campusTakeDoorToHallwayActionGoInside","rule":"{הכנס פנימה דרך}"},{"id":"campusTakeDoorToHallwayActionGoOutside","rule":"{צא החוצה דרך}"},{"id":"campusTakeDoorToHallwayActionGo","rule":"{עבור דרך}"},{"id":"campusTakeDoorToWalkwayActionGoOutside","rule":"{צא החוצה דרך}"},{"id":"campusTakeDoorToWalkwayActionGo","rule":"{עבור דרך}"},{"id":"campusDoorActionGoInside","rule":"{הכנס פנימה דרך}"},{"id":"campusDoorActionGoOutside","rule":"{צא החוצה דרך}"},{"id":"campusDoorActionGo","rule":"{עבור דרך}"},{"id":"UnitNauticalNeutral","rule":"{nmi}"},{"id":"campusDoorToActionGoInside","rule":"{הכנס פנימה דרך}"},{"id":"campusDoorToActionGoOutside","rule":"{צא החוצה דרך}"},{"id":"campusDoorToActionGo","rule":"{עבור דרך}"},{"id":"campusDoorToHallwayActionGoInside","rule":"{הכנס פנימה דרך}"},{"id":"campusDoorToWalkwayActionGoOutside","rule":"{צא החוצה דרך}"},{"id":"campusDoorToWalkwayActionGo","rule":"{עבור דרך}"},{"id":"TimeLong","rule":"(#TotalHours(0) { שעות }) (#RoundedMinutesOfHour(0) { דקות})"},{"id":"TravelTimeShort","rule":"{< דקה}"},{"id":"UnitMilePlural","rule":"{מייל}"},{"id":"TravelTimeLong","rule":"(#Days(0) { d }) (#HoursOfDay(0) { hr }) (#RoundedMinutesOfHour(0) { min})"},{"id":"StopTimeShort","rule":"{< דקה}"},{"id":"StopTimeLong","rule":"(#TotalHours(0) { שעות }) (#RoundedMinutesOfHour(0) { דקות})"},{"id":"TimeZoneChange","rule":"#Sign (#TotalHours(0) { שעות }) (#RoundedMinutesOfHour(0) { דקות})"},{"id":"SignpostDestination","rule":"#String(0) ({ / } #String(1)) ({ / } #String(2)) ({ / } #String(3)) ({ / } #String(4))"},{"id":"campusStopSideRight","rule":"{, מימין}"},{"id":"CrossNames","rule":"#String(0) ({ / } #String(1))"},{"id":"campusLandmarkOnTheLeft","rule":"{שמאל}"},{"id":"DirectionBranch","rule":"#Branch"},{"id":"campusLandmarkOnTheRight","rule":"{ימין}"},{"id":"campusLandmarkOnTheFarLeft","rule":"{מרחוק משמאל}"},{"id":"campusLandmarkOnTheFarRight","rule":"{מרחוק מימין}"},{"id":"campusLandmarkOnTheNearLeft","rule":"{קרוב משמאל}"},{"id":"UnitYardPlural","rule":"{yd}"},{"id":"campusLandmarkOnTheNearRight","rule":"{קרוב מימין}"},{"id":"UnitMileSingular","rule":"{מייל}"},{"id":"UnitMileNeutral","rule":"{מייל}"},{"id":"UnitKilometerPlural","rule":"{ק\"מ}"},{"id":"UnitMeterNeutral","rule":"{מ'}"},{"id":"UnitFootSingular","rule":"{ft}"},{"id":"UnitFootPlural","rule":"{ft}"},{"id":"UnitFootNeutral","rule":"{ft}"},{"id":"UnitYardSingular","rule":"{yd}"},{"id":"DirectionTime","rule":"#ItemTime"},{"id":"UnitNauticalSingular","rule":"{nmi}"},{"id":"UnitNauticalPlural","rule":"{nmi}"},{"id":"UnitSecondSingular","rule":"{שנ}"},{"id":"UnitSecondPlural","rule":"{שנ}"},{"id":"UnitSecondNeutral","rule":"{שנ}"},{"id":"StopSummary","rule":"{מרחק: } #StopLength"},{"id":"StopTimeWindow","rule":"{חלון זמן: } #StopTimeWindowStart { - } #StopTimeWindowEnd"},{"id":"StopStayTime","rule":"{זמן שירות: } #StopStayTime"},{"id":"StopFullTime","rule":"#StopFullTime"},{"id":"campusDirectionWalk","rule":"{Walk} ({ } #ItemLength) ({ ~ } #ItemTime)"},{"id":"DirectionLength","rule":"#ItemLength"},{"id":"DirectionETA","rule":"#ArriveTime"},{"id":"DirectionToward","rule":"#Destination"},{"id":"DirectionStreet","rule":"NAME"},{"id":"DirectionAltNames","rule":"ALT_NAME ({ / } ALT_NAME2)"},{"id":"DirectionAfterBreak","rule":"(#DepartTime { }) {השאר} { ב} @@Names"},{"id":"campusEventLandmarkManeuverGuidance","rule":"#FirstUpper(#LandmarkName) { ליד הצומת}"},{"id":"campusEventLandmarkPassageVerification","rule":"{עבור ליד } #LandmarkName ({. שיהיה } #LandmarkPosition)"}],"lookupMapping":[]}}}]}}