{"directions":{"settings":[{"style":{"id":"NA Campus","language":{"id":"pl","description":"Polski","strings":[{"id":"campusManeuverContinueHallway","rule":"#ContinueHallwayAction ({ przez } @@campusNames)"},{"id":"campusTurnHallwayActionMakeSharpRight","rule":"{Skręć ostro w prawo}"},{"id":"campusTurnToHallwayActionKeepLeft","rule":"{Trzymaj się lewej strony}"},{"id":"campusTurnToHallwayActionContinue","rule":"{Kontynuuj}"},{"id":"campusManeuverHeader","rule":"{Początek} ({ w } #StopName)"},{"id":"campusEventRestrictionViolation","rule":"{Ograniczenie: } #Restriction"},{"id":"campusManeuverFooter","rule":"{Koniec} ({ } #StopArrival({wcześniej},{później})) ({ w } #StopName) (#StopSide)"},{"id":"campusNames","rule":"NAME ({ (} ALT_NAME {)})"},{"id":"campusManeuverDepart","rule":"{Odjazd} ({ } #StopName)"},{"id":"campusManeuverArrive","rule":"{Przyjazd} ({ } #StopArrival({wcześniej},{później})) ({ do } #StopName) (#StopSide)"},{"id":"campusTurnToHallwayActionBearRight","rule":"{Skręć lekko w prawo}"},{"id":"campusManeuverDepartHallway","rule":"{Jedź prosto} ({ przez } @@campusNames) ({ w kierunku } #CrossNames)"},{"id":"campusBeforeElevationActionBearLeft","rule":"{Skręć lekko w lewo}"},{"id":"campusManeuverContinueWalkway","rule":"#ContinueWalkwayAction ({ na } @@campusNames)"},{"id":"campusManeuverTurnHallway","rule":"#TurnHallwayAction ({ przez } @@campusNames)"},{"id":"campusManeuverDepartWalkway","rule":"{Jedź prosto} ({ na } @@campusNames) ({ w kierunku } #CrossNames)"},{"id":"campusManeuverArcTo","rule":"#Select((#ArcToAction ({ i jedź w kierunku } #Destination)), {Kontynuuj prosto})"},{"id":"campusEventLeaveBuilding","rule":"{Wyjście} ({ } #From(CROSSADMINBORDER))"},{"id":"campusManeuverArcToHallway","rule":"#FirstUpper(#Select(@campusArcToHallway, @campusStraightToHallway))"},{"id":"campusArcToHallway","rule":"#ArcToHallwayAction (#Select(({ i jedź przez } @@campusToNames), ({ i jedź w kierunku } #Destination)))"},{"id":"UnitKilometerSingular","rule":"{km}"},{"id":"campusTurnToHallwayActionContinueForward","rule":"{Kontynuuj prosto}"},{"id":"campusTurnWalkwayActionTurnRight","rule":"{Skręć w prawo}"},{"id":"campusStraightToHallway","rule":"{kontynuuj prosto} ({ przez } @@campusToNames) @campusDestination"},{"id":"campusDestination","rule":"{ w kierunku } #Destination"},{"id":"campusTurnWalkwayActionMakeSharpRight","rule":"{Skręć ostro w prawo}"},{"id":"campusManeuverTakeDoorToHallway","rule":"#TakeDoorToHallwayAction ({ } #Select(#Door(NAME), {drzwi})) ({ na } #DoorSide) @@campusAndGoTrough"},{"id":"campusToNames","rule":" #To(NAME) ({ (} #To(ALT_NAME) {)})"},{"id":"campusManeuverArcToWalkway","rule":"#FirstUpper(#Select(@campusArcToWalkway, @campusStraightToWalkway))"},{"id":"campusArcToWalkway","rule":"#ArcToWalkwayAction (#Select(({ i jedź do } @@campusToNames), ({ i jedź w kierunku } #Destination)))"},{"id":"campusStraightToWalkway","rule":"{kontynuuj prosto} ({ do } @@campusToNames) @campusDestination"},{"id":"campusManeuverTurnToHallway","rule":"#TurnToHallwayAction ({ i jedź przez } @@campusNames) @campusDestination"},{"id":"campusManeuverTurnToWalkway","rule":"#TurnToWalkwayAction ({ i jedź na } @@campusNames) @campusDestination"},{"id":"campusManeuverExit","rule":"{Wyjdź na zewnątrz i kontynuuj prosto} ({ do } @@campusNames)"},{"id":"campusToWalkwayActionGoBack","rule":"{zawróć}"},{"id":"campusManeuverEnter","rule":"{Wejdź do środka i kontynuuj prosto } ({ przez } @@campusNames)"},{"id":"campusManeuverTurnWalkway","rule":"#TurnWalkwayAction ({ na } @@campusNames)"},{"id":"campusTurnWalkwayActionGo","rule":"{Jedź}"},{"id":"UnitMeterPlural","rule":"{m}"},{"id":"campusManeuverDoubleTurn","rule":"#FirstTurn(#FirstActionBearing) { i } #SecondTurn(#SecondActionBearing)"},{"id":"campusTurnHallwayActionContinueForward","rule":"{Kontynuuj prosto}"},{"id":"campusManeuverElevation","rule":"@campusBeforeElevation #ElevationName ({ } #ElevationCourse) ({ na poziom } #To(TO_FLOOR_NAME))"},{"id":"campusBeforeElevation","rule":"#Select((#TurnActionBeforeElevation { i wybierz }), {Wybierz })"},{"id":"campusManeuverDoorToWalkway","rule":"#DoorToWalkwayAction ({ } #Select(#Door(NAME), {drzwi})) @@campusAndToWalkwayGoOn"},{"id":"campusEventEnterBuilding","rule":"{Wejście} ({ } CROSSADMINBORDER)"},{"id":"campusManeuverDoor","rule":"#DoorAction ({ } #Select(#Door(NAME), {drzwi}))"},{"id":"campusTurnWalkwayActionKeepRight","rule":"{Trzymaj się prawej strony}"},{"id":"campusFirstActionTurnLeft","rule":"{Skręć w lewo} @campusAtIntersectionNames ({ w } NAME)"},{"id":"campusManeuverDoorTo","rule":"#DoorToAction ({ } #Select(#Door(NAME), {drzwi})) @campusAndToAction"},{"id":"campusAndToWalkwayGoOn","rule":"{ i } #ToWalkwayAction ({ na } @@campusNames) @campusDestination"},{"id":"campusAndToAction","rule":"{ i } #ToAction"},{"id":"campusManeuverDoorToHallway","rule":"#DoorToHallwayAction ({ } #Select(#Door(NAME), {drzwi})) @@campusAndToHallwayGoThroug"},{"id":"campusTurnWalkwayActionContinue","rule":"{Kontynuuj}"},{"id":"campusTurnHallwayActionTurnRight","rule":"{Skręć w prawo}"},{"id":"campusElevationElevator","rule":"{windę}"},{"id":"campusAndToHallwayGoThroug","rule":"{ i } #ToHallwayAction ({ przez } @@campusNames) @campusDestination"},{"id":"campusManeuverTakeDoorToWalkway","rule":"#TakeDoorToWalkwayAction ({ } #Select(#Door(NAME), {drzwi})) ({ na } #DoorSide) @@campusAndGoOn"},{"id":"campusTurnWalkwayActionContinueForward","rule":"{Kontynuuj prosto}"},{"id":"DirectionCumulativeLength","rule":"#CumulativeDistance"},{"id":"campusAndGoOn","rule":"{ i } #GoToWalkwayAction ({ na } @@campusNames) @campusDestination"},{"id":"campusAndGoTrough","rule":"{ i } #GoToHallwayAction ({ przez } @@campusNames) @campusDestination"},{"id":"campusTurnWalkwayActionBearRight","rule":"{Skręć lekko w prawo}"},{"id":"campusManeuverTakeDoor","rule":"#TakeDoorAction ({ } #Select(#Door(NAME), {drzwi})) ({ na } #DoorSide)"},{"id":"campusTurnHallwayActionKeepRight","rule":"{Trzymaj się prawej strony}"},{"id":"campusTurnHallwayActionBearRight","rule":"{Skręć lekko w prawo}"},{"id":"campusTurnToHallwayActionGo","rule":"{Jedź}"},{"id":"campusTurnHallwayActionMakeSharpLeft","rule":"{Skręć ostro w lewo}"},{"id":"campusTurnHallwayActionTurnLeft","rule":"{Skręć w lewo}"},{"id":"campusTurnHallwayActionBearLeft","rule":"{Skręć lekko w lewo}"},{"id":"campusTurnWalkwayActionBearLeft","rule":"{Skręć lekko w lewo}"},{"id":"campusTurnHallwayActionKeepLeft","rule":"{Trzymaj się lewej strony}"},{"id":"campusTurnHallwayActionContinue","rule":"{Kontynuuj}"},{"id":"campusTurnHallwayActionGo","rule":"{Jedź}"},{"id":"campusTurnWalkwayActionMakeSharpLeft","rule":"{Skręć ostro w lewo}"},{"id":"DistanceShort","rule":"{< } #MinDistance(1) ({ } #DistanceUnits)"},{"id":"campusTurnWalkwayActionTurnLeft","rule":"{Skręć w lewo}"},{"id":"campusTurnWalkwayActionKeepLeft","rule":"{Trzymaj się lewej strony}"},{"id":"campusTurnToHallwayActionKeepRight","rule":"{Trzymaj się prawej strony}"},{"id":"campusTurnToHallwayActionTurnRight","rule":"{Skręć w prawo}"},{"id":"campusDoorToHallwayActionGoOutside","rule":"{Wyjdź na zewnątrz przez}"},{"id":"campusTurnToHallwayActionMakeSharpRight","rule":"{Skręć ostro w prawo}"},{"id":"campusTurnToHallwayActionMakeSharpLeft","rule":"{Skręć ostro w lewo}"},{"id":"campusArcToWalkwayActionMakeSharpLeft","rule":"{skręć ostro w lewo}"},{"id":"campusDoorToWalkwayActionGoInside","rule":"{Wejdź do środka przez}"},{"id":"campusTurnToHallwayActionTurnLeft","rule":"{Skręć w lewo}"},{"id":"campusTurnToHallwayActionBearLeft","rule":"{Skręć lekko w lewo}"},{"id":"campusTurnToWalkwayActionContinueForward","rule":"{Kontynuuj prosto}"},{"id":"campusTurnToWalkwayActionKeepRight","rule":"{Trzymaj się prawej strony}"},{"id":"campusArcToWalkwayActionMakeSharpRight","rule":"{skręć ostro w prawo}"},{"id":"campusTurnToWalkwayActionBearRight","rule":"{Skręć lekko w prawo}"},{"id":"campusArcToHallwayActionMakeSharpLeft","rule":"{skręć ostro w lewo}"},{"id":"campusTurnToWalkwayActionTurnRight","rule":"{Skręć w prawo}"},{"id":"campusTurnToWalkwayActionMakeSharpRight","rule":"{Skręć ostro w prawo}"},{"id":"campusTurnToWalkwayActionMakeSharpLeft","rule":"{Skręć ostro w lewo}"},{"id":"campusTurnToWalkwayActionTurnLeft","rule":"{Skręć w lewo}"},{"id":"campusDoorToHallwayActionGo","rule":"{Idź przez}"},{"id":"DirectionExitName","rule":"#SignpostExit"},{"id":"DirectionRestBreak","rule":"#ArriveTime ({-} #DepartTime) { Pozostało przerwy}"},{"id":"campusTurnToWalkwayActionBearLeft","rule":"{Skręć lekko w lewo}"},{"id":"campusArcToHallwayActionTurnLeft","rule":"{skręć w lewo}"},{"id":"campusTurnToWalkwayActionKeepLeft","rule":"{Trzymaj się lewej strony}"},{"id":"campusTurnToWalkwayActionContinue","rule":"{Kontynuuj}"},{"id":"campusTurnToWalkwayActionGo","rule":"{Jedź}"},{"id":"campusStopSideLeft","rule":"{, z lewej}"},{"id":"campusArcToHallwayActionKeepRight","rule":"{trzymaj się prawej strony}"},{"id":"campusArcToHallwayActionBearRight","rule":"{skręć lekko w prawo}"},{"id":"campusArcToHallwayActionTurnRight","rule":"{skręć w prawo}"},{"id":"campusArcToHallwayActionMakeSharpRight","rule":"{skręć ostro w prawo}"},{"id":"campusArcToHallwayActionBearLeft","rule":"{skręć lekko w lewo}"},{"id":"campusArcToHallwayActionKeepLeft","rule":"{trzymaj się lewej strony}"},{"id":"campusArcToHallwayActionContinueForward","rule":"{kontynuuj prosto}"},{"id":"campusArcToWalkwayActionKeepRight","rule":"{trzymaj się prawej strony}"},{"id":"campusArcToWalkwayActionBearRight","rule":"{skręć lekko w prawo}"},{"id":"StopLength","rule":"#StopLength"},{"id":"campusArcToWalkwayActionTurnRight","rule":"{skręć w prawo}"},{"id":"campusArcToWalkwayActionTurnLeft","rule":"{skręć w lewo}"},{"id":"campusArcToWalkwayActionBearLeft","rule":"{skręć lekko w lewo}"},{"id":"campusArcToWalkwayActionKeepLeft","rule":"{trzymaj się lewej strony}"},{"id":"campusArcToWalkwayActionContinueForward","rule":"{kontynuuj prosto}"},{"id":"TimeShort","rule":"{< 1 min}"},{"id":"campusArcToActionKeepRight","rule":"{Trzymaj się prawej strony}"},{"id":"campusArcToActionBearRight","rule":"{Skręć lekko w prawo}"},{"id":"campusArcToActionTurnRight","rule":"{Skręć w prawo}"},{"id":"campusArcToActionMakeSharpRight","rule":"{Skręć ostro w prawo}"},{"id":"campusArcToActionMakeSharpLeft","rule":"{Skręć ostro w lewo}"},{"id":"campusArcToActionTurnLeft","rule":"{Skręć w lewo}"},{"id":"campusArcToActionBearLeft","rule":"{Skręć lekko w lewo}"},{"id":"DirectionCrossStreet","rule":"#CrossNames"},{"id":"campusArcToActionKeepLeft","rule":"{Trzymaj się lewej strony}"},{"id":"campusArcToActionContinueForward","rule":"{Kontynuuj prosto}"},{"id":"campusFirstActionBearRight","rule":"{Skręć lekko w prawo} @campusAtIntersectionNames ({ w } NAME)"},{"id":"DistanceLong","rule":"#Distance(1) ({ } #DistanceUnits)"},{"id":"campusBeforeElevationActionBearRight","rule":"{Skręć lekko w prawo}"},{"id":"DirectionDayEnd","rule":"(#ArriveTime { }) {Koniec dnia}"},{"id":"campusBeforeElevationActionTurnRight","rule":"{Skręć w prawo}"},{"id":"campusBeforeElevationActionMakeSharpRight","rule":"{Skręć ostro w prawo}"},{"id":"campusGoToHallwayActionGoBack","rule":"{zawróć}"},{"id":"campusBeforeElevationActionMakeSharpLeft","rule":"{Skręć ostro w lewo}"},{"id":"campusBeforeElevationActionTurnLeft","rule":"{Skręć w lewo}"},{"id":"campusRightSide","rule":"{prawo}"},{"id":"campusLeftSide","rule":"{lewo}"},{"id":"campusAtIntersectionNames","rule":"{ w } #Intersection(NAME) ({ (} #Intersection(ALT_NAME) {)})"},{"id":"UnitYardNeutral","rule":"{jard(a)}"},{"id":"campusFirstActionTurnRight","rule":"{Skręć w prawo} @campusAtIntersectionNames ({ w } NAME)"},{"id":"campusFirstActionMakeSharpRight","rule":"{Skręć ostro w prawo} @campusAtIntersectionNames ({ w } NAME)"},{"id":"campusFirstActionMakeSharpLeft","rule":"{Skręć ostro w lewo} @campusAtIntersectionNames ({ w } NAME)"},{"id":"campusFirstActionBearLeft","rule":"{Skręć lekko w lewo} @campusAtIntersectionNames ({ w } NAME)"},{"id":"campusFirstActionContinue","rule":"{Kontynuuj} @campusAtIntersectionNames ({ w } NAME)"},{"id":"campusSecondActionBearRight","rule":"{od razu skręć lekko w prawo} ({ w } NAME)"},{"id":"campusToWalkwayActionContinueForward","rule":"{kontynuuj prosto}"},{"id":"campusSecondActionTurnRight","rule":"{od razu skręć w prawo} ({ w } NAME)"},{"id":"campusSecondActionMakeSharpRight","rule":"{od razu skręć ostro w prawo} ({ w } NAME)"},{"id":"campusSecondActionMakeSharpLeft","rule":"{od razu skręć ostro w lewo} ({ w } NAME)"},{"id":"campusSecondActionTurnLeft","rule":"{od razu skręć w lewo} ({ w } NAME)"},{"id":"campusSecondActionBearLeft","rule":"{od razu skręć lekko w lewo} ({ w } NAME)"},{"id":"campusSecondActionContinue","rule":"{od razu kontynuuj} ({ w } NAME)"},{"id":"CumulativeDistanceLong","rule":"#Select(#Distance(1), {0}) ({ } #DistanceUnits)"},{"id":"campusContinueHallwayActionForward","rule":"{Kontynuuj prosto}"},{"id":"campusContinueHallwayActionGoForward","rule":"{Jedź prosto}"},{"id":"campusContinueHallwayActionGoBack","rule":"{Zawróć}"},{"id":"campusContinueWalkwayActionForward","rule":"{Kontynuuj prosto}"},{"id":"campusContinueWalkwayActionGoForward","rule":"{Jedź prosto}"},{"id":"campusContinueWalkwayActionGoBack","rule":"{Zawróć}"},{"id":"campusGoToHallwayActionContinueForward","rule":"{kontynuuj prosto}"},{"id":"campusGoToHallwayActionGoForward","rule":"{idź prosto}"},{"id":"StopWaitTime","rule":"{Czas oczekiwania: } #StopWaitTime"},{"id":"campusGoToWalkwayActionContinueForward","rule":"{kontynuuj prosto}"},{"id":"campusGoToWalkwayActionGoForward","rule":"{idź prosto}"},{"id":"campusGoToWalkwayActionGoBack","rule":"{zawróć}"},{"id":"campusToActionContinueForward","rule":"{kontynuuj prosto}"},{"id":"campusToActionGoForward","rule":"{idź prosto}"},{"id":"campusToHallwayActionGoBack","rule":"{zawróć}"},{"id":"campusToActionGoBack","rule":"{zawróć}"},{"id":"campusToHallwayActionContinueForward","rule":"{kontynuuj prosto}"},{"id":"campusToHallwayActionGoForward","rule":"{idź prosto}"},{"id":"UnitMeterSingular","rule":"{m}"},{"id":"campusToWalkwayActionGoForward","rule":"{idź prosto}"},{"id":"campusElevationEscalator","rule":"{ruchome schody}"},{"id":"campusElevationStairs","rule":"{schody}"},{"id":"campusElevationRamp","rule":"{wjazd}"},{"id":"campusElevationUp","rule":"{w górę}"},{"id":"StopViolationTime","rule":"{Czas opóźnienia: } #StopViolationTime"},{"id":"campusElevationDown","rule":"{w dół}"},{"id":"UnitKilometerNeutral","rule":"{km}"},{"id":"campusTakeDoorActionGoInside","rule":"{Wejdź do środka przez}"},{"id":"campusTakeDoorActionGoOutside","rule":"{Wyjdź na zewnątrz przez}"},{"id":"campusTakeDoorToWalkwayActionGoInside","rule":"{Wejdź do środka przez}"},{"id":"campusTakeDoorActionGo","rule":"{Idź przez}"},{"id":"campusTakeDoorToHallwayActionGoInside","rule":"{Wejdź do środka przez}"},{"id":"campusTakeDoorToHallwayActionGoOutside","rule":"{Wyjdź na zewnątrz przez}"},{"id":"campusTakeDoorToHallwayActionGo","rule":"{Idź przez}"},{"id":"campusTakeDoorToWalkwayActionGoOutside","rule":"{Wyjdź na zewnątrz przez}"},{"id":"campusTakeDoorToWalkwayActionGo","rule":"{Idź przez}"},{"id":"campusDoorActionGoInside","rule":"{Wejdź do środka przez}"},{"id":"campusDoorActionGoOutside","rule":"{Wyjdź na zewnątrz przez}"},{"id":"campusDoorActionGo","rule":"{Idź przez}"},{"id":"UnitNauticalNeutral","rule":"{mila(i) morska(iej)}"},{"id":"campusDoorToActionGoInside","rule":"{Wejdź do środka przez}"},{"id":"campusDoorToActionGoOutside","rule":"{Wyjdź na zewnątrz przez}"},{"id":"campusDoorToActionGo","rule":"{Idź przez}"},{"id":"campusDoorToHallwayActionGoInside","rule":"{Wejdź do środka przez}"},{"id":"campusDoorToWalkwayActionGoOutside","rule":"{Wyjdź na zewnątrz przez}"},{"id":"campusDoorToWalkwayActionGo","rule":"{Idź przez}"},{"id":"TimeLong","rule":"(#TotalHours(0) { godz. }) (#RoundedMinutesOfHour(0) { min.})"},{"id":"TravelTimeShort","rule":"{< 1 min.}"},{"id":"UnitMilePlural","rule":"{mile}"},{"id":"TravelTimeLong","rule":"(#Days(0) { d. }) (#HoursOfDay(0) { godz. }) (#RoundedMinutesOfHour(0) { min.})"},{"id":"StopTimeShort","rule":"{< 1 min.}"},{"id":"StopTimeLong","rule":"(#TotalHours(0) { godz. }) (#RoundedMinutesOfHour(0) { min.})"},{"id":"TimeZoneChange","rule":"#Sign (#TotalHours(0) { godz. }) (#RoundedMinutesOfHour(0) { min.})"},{"id":"SignpostDestination","rule":"#String(0) ({ / } #String(1)) ({ / } #String(2)) ({ / } #String(3)) ({ / } #String(4))"},{"id":"campusStopSideRight","rule":"{, z prawej}"},{"id":"CrossNames","rule":"#String(0) ({ / } #String(1))"},{"id":"campusLandmarkOnTheLeft","rule":"{po lewej}"},{"id":"DirectionBranch","rule":"#Branch"},{"id":"campusLandmarkOnTheRight","rule":"{po prawej}"},{"id":"campusLandmarkOnTheFarLeft","rule":"{w oddali po lewej}"},{"id":"campusLandmarkOnTheFarRight","rule":"{w oddali po prawej}"},{"id":"campusLandmarkOnTheNearLeft","rule":"{blisko po lewej}"},{"id":"UnitYardPlural","rule":"{jardy}"},{"id":"campusLandmarkOnTheNearRight","rule":"{blisko po prawej}"},{"id":"UnitMileSingular","rule":"{mila}"},{"id":"UnitMileNeutral","rule":"{mil}"},{"id":"UnitKilometerPlural","rule":"{km}"},{"id":"UnitMeterNeutral","rule":"{m}"},{"id":"UnitFootSingular","rule":"{stopa}"},{"id":"UnitFootPlural","rule":"{stopy}"},{"id":"UnitFootNeutral","rule":"{stopa(y)}"},{"id":"UnitYardSingular","rule":"{jard}"},{"id":"DirectionTime","rule":"#ItemTime"},{"id":"UnitNauticalSingular","rule":"{mila morska}"},{"id":"UnitNauticalPlural","rule":"{mile morskie}"},{"id":"UnitSecondSingular","rule":"{sekunda}"},{"id":"UnitSecondPlural","rule":"{sekundy}"},{"id":"UnitSecondNeutral","rule":"{sekunda(y)}"},{"id":"StopSummary","rule":"{Odległość: } #StopLength"},{"id":"StopTimeWindow","rule":"{Okno czasu: } #StopTimeWindowStart { - } #StopTimeWindowEnd"},{"id":"StopStayTime","rule":"{Czas obsługi: } #StopStayTime"},{"id":"StopFullTime","rule":"#StopFullTime"},{"id":"campusDirectionWalk","rule":"{Spacer} ({ } #ItemLength) ({ ~ } #ItemTime)"},{"id":"DirectionLength","rule":"#ItemLength"},{"id":"DirectionETA","rule":"#ArriveTime"},{"id":"DirectionToward","rule":"#Destination"},{"id":"DirectionStreet","rule":"NAME"},{"id":"DirectionAltNames","rule":"ALT_NAME ({ / } ALT_NAME2)"},{"id":"DirectionAfterBreak","rule":"(#DepartTime { }) {Pozostań} { na } NAME ({ (} ALT_NAME {)})"},{"id":"campusEventLandmarkManeuverGuidance","rule":"#FirstUpper(#LandmarkName) { jest blisko skrzyżowania}"},{"id":"campusEventLandmarkPassageVerification","rule":"{Przejdź obok} #LandmarkName ({. Będzie ono z } #LandmarkPosition)"}],"lookupMapping":[]}}}]}}