{"directions":{"settings":[{"style":{"id":"NA Campus","language":{"id":"sv","description":"Svenska","strings":[{"id":"campusManeuverContinueHallway","rule":"#ContinueHallwayAction ({ via } @@campusNames)"},{"id":"campusTurnHallwayActionMakeSharpRight","rule":"{Gör skarp höger}"},{"id":"campusTurnToHallwayActionKeepLeft","rule":"{håll vänster}"},{"id":"campusTurnToHallwayActionContinue","rule":"{fortsätt}"},{"id":"campusManeuverHeader","rule":"{Börja} ({ vid } #StopName)"},{"id":"campusEventRestrictionViolation","rule":"{Restriktion: } #Restriction"},{"id":"campusManeuverFooter","rule":"{Sluta} ({ } #StopArrival({tidigt},{sent})) ({ vid } #StopName) (#StopSide)"},{"id":"campusNames","rule":"NAME ({ (} ALT_NAME {)})"},{"id":"campusManeuverDepart","rule":"{Gå från} ({ } #StopName)"},{"id":"campusManeuverArrive","rule":"{Anländ} ({ } #StopArrival({tidigt},{sent})) ({ vid } #StopName) (#StopSide)"},{"id":"campusTurnToHallwayActionBearRight","rule":"{sväng höger}"},{"id":"campusManeuverDepartHallway","rule":"{gå framåt} ({ via } @@campusNames) ({ mot } #CrossNames)"},{"id":"campusBeforeElevationActionBearLeft","rule":"{sväng vänster}"},{"id":"campusManeuverContinueWalkway","rule":"#ContinueWalkwayAction ({ på } @@campusNames)"},{"id":"campusManeuverTurnHallway","rule":"#TurnHallwayAction ({ via } @@campusNames)"},{"id":"campusManeuverDepartWalkway","rule":"{gå framåt} ({ på } @@campusNames) ({ mot } #CrossNames)"},{"id":"campusManeuverArcTo","rule":"#Select((#ArcToAction ({ och gå framåt } #Destination)), {fortsätt framåt})"},{"id":"campusEventLeaveBuilding","rule":"{Lämna} ({ } #From(CROSSADMINBORDER))"},{"id":"campusManeuverArcToHallway","rule":"#FirstUpper(#Select(@campusArcToHallway, @campusStraightToHallway))"},{"id":"campusArcToHallway","rule":"#ArcToHallwayAction (#Select(({ och gå igenom } @@campusToNames), ({ och gå mot} #Destination)))"},{"id":"UnitKilometerSingular","rule":"{km}"},{"id":"campusTurnToHallwayActionContinueForward","rule":"{fortsätt framåt}"},{"id":"campusTurnWalkwayActionTurnRight","rule":"{sväng höger}"},{"id":"campusStraightToHallway","rule":"{fortsätt framåt} ({ via } @@campusToNames) @campusDestination"},{"id":"campusDestination","rule":"{ mot } #Destination"},{"id":"campusTurnWalkwayActionMakeSharpRight","rule":"{Gör skarp höger}"},{"id":"campusManeuverTakeDoorToHallway","rule":"#TakeDoorToHallwayAction ({ } #Select(#Door(NAME), { dörren })) ({ på } #DoorSide) @@campusAndGoTrough"},{"id":"campusToNames","rule":" #To(NAME) ({ (} #To(ALT_NAME) {)})"},{"id":"campusManeuverArcToWalkway","rule":"#FirstUpper(#Select(@campusArcToWalkway, @campusStraightToWalkway))"},{"id":"campusArcToWalkway","rule":"#ArcToWalkwayAction (#Select(({ och fortsätt } @@campusToNames), ({ och gå mot } #Destination)))"},{"id":"campusStraightToWalkway","rule":"{fortsätt framåt} ({ på } @@campusToNames) @campusDestination"},{"id":"campusManeuverTurnToHallway","rule":"#TurnToHallwayAction ({ och gå igenom } @@campusNames) @campusDestination"},{"id":"campusManeuverTurnToWalkway","rule":"#TurnToWalkwayAction ({ och fortsätt } @@campusNames) @campusDestination"},{"id":"campusManeuverExit","rule":"{Gå ut ur och fortsätt framåt} ({ på } @@campusNames)"},{"id":"campusToWalkwayActionGoBack","rule":"{ Gå tillbaka }"},{"id":"campusManeuverEnter","rule":"{Gå in och fortsätt framåt} ({ via } @@campusNames)"},{"id":"campusManeuverTurnWalkway","rule":"#TurnWalkwayAction ({ på } @@campusNames)"},{"id":"campusTurnWalkwayActionGo","rule":"{Gå}"},{"id":"UnitMeterPlural","rule":"{m}"},{"id":"campusManeuverDoubleTurn","rule":"#FirstTurn(#FirstActionBearing) { och } #SecondTurn(#SecondActionBearing)"},{"id":"campusTurnHallwayActionContinueForward","rule":"{fortsätt framåt}"},{"id":"campusManeuverElevation","rule":"@campusBeforeElevation #ElevationName ({ } #ElevationCourse) ({ till våning } #To(TO_FLOOR_NAME))"},{"id":"campusBeforeElevation","rule":"#Select((#TurnActionBeforeElevation { och ta }), {Ta })"},{"id":"campusManeuverDoorToWalkway","rule":"#DoorToWalkwayAction ({ } #Select(#Door(NAME), { dörren })) @@campusAndToWalkwayGoOn"},{"id":"campusEventEnterBuilding","rule":"{Gå in i} ({ } CROSSADMINBORDER)"},{"id":"campusManeuverDoor","rule":"#DoorAction ({ } #Select(#Door(NAME), { dörren }))"},{"id":"campusTurnWalkwayActionKeepRight","rule":"{håll höger}"},{"id":"campusFirstActionTurnLeft","rule":"{sväng vänster} @campusAtIntersectionNames ({ in i } NAME)"},{"id":"campusManeuverDoorTo","rule":"#DoorToAction ({ } #Select(#Door(NAME), { dörren })) @campusAndToAction"},{"id":"campusAndToWalkwayGoOn","rule":"{ och } #ToWalkwayAction ({ på } @@campusNames) @campusDestination"},{"id":"campusAndToAction","rule":"{ och } #ToAction"},{"id":"campusManeuverDoorToHallway","rule":"#DoorToHallwayAction ({ } #Select(#Door(NAME), { dörren })) @@campusAndToHallwayGoThroug"},{"id":"campusTurnWalkwayActionContinue","rule":"{fortsätt}"},{"id":"campusTurnHallwayActionTurnRight","rule":"{sväng höger}"},{"id":"campusElevationElevator","rule":"{hiss}"},{"id":"campusAndToHallwayGoThroug","rule":"{ och } #ToHallwayAction ({ via } @@campusNames) @campusDestination"},{"id":"campusManeuverTakeDoorToWalkway","rule":"#TakeDoorToWalkwayAction ({ } #Select(#Door(NAME), { dörren })) ({ på } #DoorSide) @@campusAndGoOn"},{"id":"campusTurnWalkwayActionContinueForward","rule":"{fortsätt framåt}"},{"id":"DirectionCumulativeLength","rule":"#CumulativeDistance"},{"id":"campusAndGoOn","rule":"{ och } #GoToWalkwayAction ({ på } @@campusNames) @campusDestination"},{"id":"campusAndGoTrough","rule":"{ och } #GoToHallwayAction ({ via } @@campusNames) @campusDestination"},{"id":"campusTurnWalkwayActionBearRight","rule":"{sväng höger}"},{"id":"campusManeuverTakeDoor","rule":"#TakeDoorAction ({ } #Select(#Door(NAME), { dörren })) ({ på } #DoorSide)"},{"id":"campusTurnHallwayActionKeepRight","rule":"{håll höger}"},{"id":"campusTurnHallwayActionBearRight","rule":"{sväng höger}"},{"id":"campusTurnToHallwayActionGo","rule":"{Gå}"},{"id":"campusTurnHallwayActionMakeSharpLeft","rule":"{Gör skarp vänster}"},{"id":"campusTurnHallwayActionTurnLeft","rule":"{sväng vänster}"},{"id":"campusTurnHallwayActionBearLeft","rule":"{Sväng vänster}"},{"id":"campusTurnWalkwayActionBearLeft","rule":"{sväng vänster}"},{"id":"campusTurnHallwayActionKeepLeft","rule":"{håll vänster}"},{"id":"campusTurnHallwayActionContinue","rule":"{fortsätt}"},{"id":"campusTurnHallwayActionGo","rule":"{Gå}"},{"id":"campusTurnWalkwayActionMakeSharpLeft","rule":"{Gör skarp vänster}"},{"id":"DistanceShort","rule":"{< } #MinDistance(1) ({ } #DistanceUnits)"},{"id":"campusTurnWalkwayActionTurnLeft","rule":"{sväng vänster}"},{"id":"campusTurnWalkwayActionKeepLeft","rule":"{håll vänster}"},{"id":"campusTurnToHallwayActionKeepRight","rule":"{håll höger}"},{"id":"campusTurnToHallwayActionTurnRight","rule":"{sväng höger}"},{"id":"campusDoorToHallwayActionGoOutside","rule":"{Gå ut via}"},{"id":"campusTurnToHallwayActionMakeSharpRight","rule":"{Gör skarp höger}"},{"id":"campusTurnToHallwayActionMakeSharpLeft","rule":"{Gör skarp vänster}"},{"id":"campusArcToWalkwayActionMakeSharpLeft","rule":"{gör skarp vänster}"},{"id":"campusDoorToWalkwayActionGoInside","rule":"{Gå in via}"},{"id":"campusTurnToHallwayActionTurnLeft","rule":"{sväng vänster}"},{"id":"campusTurnToHallwayActionBearLeft","rule":"{Sväng vänster}"},{"id":"campusTurnToWalkwayActionContinueForward","rule":"{fortsätt framåt}"},{"id":"campusTurnToWalkwayActionKeepRight","rule":"{håll höger}"},{"id":"campusArcToWalkwayActionMakeSharpRight","rule":"{gör skarp höger}"},{"id":"campusTurnToWalkwayActionBearRight","rule":"{sväng höger}"},{"id":"campusArcToHallwayActionMakeSharpLeft","rule":"{gör skarp vänster}"},{"id":"campusTurnToWalkwayActionTurnRight","rule":"{sväng höger}"},{"id":"campusTurnToWalkwayActionMakeSharpRight","rule":"{Gör skarp höger}"},{"id":"campusTurnToWalkwayActionMakeSharpLeft","rule":"{Gör skarp vänster}"},{"id":"campusTurnToWalkwayActionTurnLeft","rule":"{sväng vänster}"},{"id":"campusDoorToHallwayActionGo","rule":"{Gå igenom}"},{"id":"DirectionExitName","rule":"#SignpostExit"},{"id":"DirectionRestBreak","rule":"#ArriveTime ({-} #DepartTime) { Paus}"},{"id":"campusTurnToWalkwayActionBearLeft","rule":"{Sväng vänster}"},{"id":"campusArcToHallwayActionTurnLeft","rule":"{sväng vänster}"},{"id":"campusTurnToWalkwayActionKeepLeft","rule":"{håll vänster}"},{"id":"campusTurnToWalkwayActionContinue","rule":"{fortsätt}"},{"id":"Names","rule":"NAME ({ (} ALT_NAME {)})"},{"id":"campusTurnToWalkwayActionGo","rule":"{Gå}"},{"id":"campusStopSideLeft","rule":"{, på vänster sida}"},{"id":"campusArcToHallwayActionKeepRight","rule":"{håll höger}"},{"id":"campusArcToHallwayActionBearRight","rule":"{sväng höger}"},{"id":"campusArcToHallwayActionTurnRight","rule":"{sväng höger}"},{"id":"campusArcToHallwayActionMakeSharpRight","rule":"{gör skarp höger}"},{"id":"campusArcToHallwayActionBearLeft","rule":"{sväng vänster}"},{"id":"campusArcToHallwayActionKeepLeft","rule":"{håll vänster}"},{"id":"campusArcToHallwayActionContinueForward","rule":"{fortsätt framåt}"},{"id":"campusArcToWalkwayActionKeepRight","rule":"{håll höger}"},{"id":"campusArcToWalkwayActionBearRight","rule":"{sväng höger}"},{"id":"StopLength","rule":"#StopLength"},{"id":"campusArcToWalkwayActionTurnRight","rule":"{sväng höger}"},{"id":"campusArcToWalkwayActionTurnLeft","rule":"{sväng vänster}"},{"id":"campusArcToWalkwayActionBearLeft","rule":"{sväng vänster}"},{"id":"campusArcToWalkwayActionKeepLeft","rule":"{håll vänster}"},{"id":"campusArcToWalkwayActionContinueForward","rule":"{fortsätt framåt}"},{"id":"TimeShort","rule":"{< 1 min}"},{"id":"campusArcToActionKeepRight","rule":"{håll höger}"},{"id":"campusArcToActionBearRight","rule":"{sväng höger}"},{"id":"campusArcToActionTurnRight","rule":"{sväng höger}"},{"id":"campusArcToActionMakeSharpRight","rule":"{Gör skarp höger}"},{"id":"campusArcToActionMakeSharpLeft","rule":"{Gör skarp vänster}"},{"id":"campusArcToActionTurnLeft","rule":"{sväng vänster}"},{"id":"campusArcToActionBearLeft","rule":"{sväng vänster}"},{"id":"DirectionCrossStreet","rule":"#CrossNames"},{"id":"campusArcToActionKeepLeft","rule":"{Håll vänster}"},{"id":"campusArcToActionContinueForward","rule":"{fortsätt framåt}"},{"id":"campusFirstActionBearRight","rule":"{sväng höger} @campusAtIntersectionNames ({ in i } NAME)"},{"id":"DistanceLong","rule":"#Distance(1) ({ } #DistanceUnits)"},{"id":"campusBeforeElevationActionBearRight","rule":"{sväng höger}"},{"id":"DirectionDayEnd","rule":"(#ArriveTime { }) {Slutet av dagen}"},{"id":"campusBeforeElevationActionTurnRight","rule":"{sväng höger}"},{"id":"campusBeforeElevationActionMakeSharpRight","rule":"{ta en skarp höger}"},{"id":"campusGoToHallwayActionGoBack","rule":"{ Gå tillbaka }"},{"id":"campusBeforeElevationActionMakeSharpLeft","rule":"{ta en skarp vänster}"},{"id":"campusBeforeElevationActionTurnLeft","rule":"{sväng vänster}"},{"id":"campusRightSide","rule":"{höger}"},{"id":"campusLeftSide","rule":"{vänster}"},{"id":"campusAtIntersectionNames","rule":"{ vid } #Intersection(NAME) ({ (} #Intersection(ALT_NAME) {)})"},{"id":"UnitYardNeutral","rule":"{yard}"},{"id":"campusFirstActionTurnRight","rule":"{sväng höger} @campusAtIntersectionNames ({ in i } NAME)"},{"id":"campusFirstActionMakeSharpRight","rule":"{sväng skarp höger} @campusAtIntersectionNames ({ in i } NAME)"},{"id":"campusFirstActionMakeSharpLeft","rule":"{sväng skarp vänster} @campusAtIntersectionNames ({ in i } NAME)"},{"id":"campusFirstActionBearLeft","rule":"{sväng vänster} @campusAtIntersectionNames ({ in i } NAME)"},{"id":"campusFirstActionContinue","rule":"{fortsätt} @campusAtIntersectionNames ({ in i } NAME)"},{"id":"campusSecondActionBearRight","rule":"{omedelbart sväng höger} ({ in i } NAME)"},{"id":"campusToWalkwayActionContinueForward","rule":"{Fortsätt framåt}"},{"id":"campusSecondActionTurnRight","rule":"{omedelbart sväng höger} ({ in i } NAME)"},{"id":"campusSecondActionMakeSharpRight","rule":"{omedelbart sväng skarp höger} ({ in i } NAME)"},{"id":"campusSecondActionMakeSharpLeft","rule":"{omedelbart sväng skarp vänster} ({ in i } NAME)"},{"id":"campusSecondActionTurnLeft","rule":"{omedelbart sväng vänster} ({ in i } NAME)"},{"id":"campusSecondActionBearLeft","rule":"{omedelbart sväng vänster} ({ in i } NAME)"},{"id":"campusSecondActionContinue","rule":"{omedelbart fortsätt} ({ in i } NAME)"},{"id":"CumulativeDistanceLong","rule":"#Select(#Distance(1), {0}) ({ } #DistanceUnits)"},{"id":"campusContinueHallwayActionForward","rule":"{fortsätt framåt}"},{"id":"campusContinueHallwayActionGoForward","rule":"{Gå framåt}"},{"id":"campusContinueHallwayActionGoBack","rule":"{ Gå tillbaka }"},{"id":"campusContinueWalkwayActionForward","rule":"{fortsätt framåt}"},{"id":"campusContinueWalkwayActionGoForward","rule":"{Gå framåt}"},{"id":"campusContinueWalkwayActionGoBack","rule":"{ Gå tillbaka }"},{"id":"campusGoToHallwayActionContinueForward","rule":"{Fortsätt framåt}"},{"id":"campusGoToHallwayActionGoForward","rule":"{Gå framåt}"},{"id":"StopWaitTime","rule":"{Väntetid:} #StopWaitTime"},{"id":"campusGoToWalkwayActionContinueForward","rule":"{Fortsätt framåt}"},{"id":"campusGoToWalkwayActionGoForward","rule":"{Gå framåt}"},{"id":"campusGoToWalkwayActionGoBack","rule":"{ Gå tillbaka }"},{"id":"campusToActionContinueForward","rule":"{Fortsätt framåt}"},{"id":"campusToActionGoForward","rule":"{Gå framåt}"},{"id":"campusToHallwayActionGoBack","rule":"{ Gå tillbaka }"},{"id":"campusToActionGoBack","rule":"{ Gå tillbaka }"},{"id":"campusToHallwayActionContinueForward","rule":"{Fortsätt framåt}"},{"id":"campusToHallwayActionGoForward","rule":"{Gå framåt}"},{"id":"UnitMeterSingular","rule":"{m}"},{"id":"campusToWalkwayActionGoForward","rule":"{Gå framåt}"},{"id":"campusElevationEscalator","rule":"{rulltrappa}"},{"id":"campusElevationStairs","rule":"{trapporna}"},{"id":"campusElevationRamp","rule":"{ramp}"},{"id":"campusElevationUp","rule":"{upp}"},{"id":"StopViolationTime","rule":"{Tidsavbrott: } #StopViolationTime"},{"id":"campusElevationDown","rule":"{ner}"},{"id":"UnitKilometerNeutral","rule":"{km}"},{"id":"campusTakeDoorActionGoInside","rule":"{Gå in via}"},{"id":"campusTakeDoorActionGoOutside","rule":"{Gå ut via}"},{"id":"campusTakeDoorToWalkwayActionGoInside","rule":"{Gå in via}"},{"id":"campusTakeDoorActionGo","rule":"{Gå igenom}"},{"id":"campusTakeDoorToHallwayActionGoInside","rule":"{Gå in via}"},{"id":"campusTakeDoorToHallwayActionGoOutside","rule":"{Gå ut via}"},{"id":"campusTakeDoorToHallwayActionGo","rule":"{Gå igenom}"},{"id":"campusTakeDoorToWalkwayActionGoOutside","rule":"{Gå ut via}"},{"id":"campusTakeDoorToWalkwayActionGo","rule":"{Gå igenom}"},{"id":"campusDoorActionGoInside","rule":"{Gå in via}"},{"id":"campusDoorActionGoOutside","rule":"{Gå ut via}"},{"id":"campusDoorActionGo","rule":"{Gå igenom}"},{"id":"UnitNauticalNeutral","rule":"{nautiska mil}"},{"id":"campusDoorToActionGoInside","rule":"{Gå in via}"},{"id":"campusDoorToActionGoOutside","rule":"{Gå ut via}"},{"id":"campusDoorToActionGo","rule":"{Gå igenom}"},{"id":"campusDoorToHallwayActionGoInside","rule":"{Gå in via}"},{"id":"campusDoorToWalkwayActionGoOutside","rule":"{Gå ut via}"},{"id":"campusDoorToWalkwayActionGo","rule":"{Gå igenom}"},{"id":"TimeLong","rule":"(#TotalHours(0) { h }) (#RoundedMinutesOfHour(0) { min})"},{"id":"TravelTimeShort","rule":"{< 1 min}"},{"id":"UnitMilePlural","rule":"{eng. mil}"},{"id":"TravelTimeLong","rule":"(#Days(0) { d }) (#HoursOfDay(0) { h }) (#RoundedMinutesOfHour(0) { min})"},{"id":"StopTimeShort","rule":"{< 1 min}"},{"id":"StopTimeLong","rule":"(#TotalHours(0) { h }) (#RoundedMinutesOfHour(0) { min})"},{"id":"TimeZoneChange","rule":"#Sign (#TotalHours(0) { h }) (#RoundedMinutesOfHour(0) { min})"},{"id":"SignpostDestination","rule":"#String(0) ({ / } #String(1)) ({ / } #String(2)) ({ / } #String(3)) ({ / } #String(4))"},{"id":"campusStopSideRight","rule":"{, på höger sida}"},{"id":"CrossNames","rule":"#String(0) ({ / } #String(1))"},{"id":"campusLandmarkOnTheLeft","rule":"{vänster}"},{"id":"DirectionBranch","rule":"#Branch"},{"id":"campusLandmarkOnTheRight","rule":"{höger}"},{"id":"campusLandmarkOnTheFarLeft","rule":"{längst till vänster}"},{"id":"campusLandmarkOnTheFarRight","rule":"{längst till höger}"},{"id":"campusLandmarkOnTheNearLeft","rule":"{nära vänster}"},{"id":"UnitYardPlural","rule":"{yard}"},{"id":"campusLandmarkOnTheNearRight","rule":"{nära höger}"},{"id":"UnitMileSingular","rule":"{eng. mil}"},{"id":"UnitMileNeutral","rule":"{eng. mil}"},{"id":"UnitKilometerPlural","rule":"{km}"},{"id":"UnitMeterNeutral","rule":"{m}"},{"id":"UnitFootSingular","rule":"{fot}"},{"id":"UnitFootPlural","rule":"{fot}"},{"id":"UnitFootNeutral","rule":"{fot}"},{"id":"UnitYardSingular","rule":"{yard}"},{"id":"DirectionTime","rule":"#ItemTime"},{"id":"UnitNauticalSingular","rule":"{nautiska mil}"},{"id":"UnitNauticalPlural","rule":"{nautiska mil}"},{"id":"UnitSecondSingular","rule":"{s}"},{"id":"UnitSecondPlural","rule":"{s}"},{"id":"UnitSecondNeutral","rule":"{s}"},{"id":"StopSummary","rule":"{Avstånd: } #StopLength"},{"id":"StopTimeWindow","rule":"{Tidsfönster: } #StopTimeWindowStart { - } #StopTimeWindowEnd"},{"id":"StopStayTime","rule":"{Servicetid:} #StopStayTime"},{"id":"StopFullTime","rule":"#StopFullTime"},{"id":"campusDirectionWalk","rule":"{Walk} ({ } #ItemLength) ({ ~ } #ItemTime)"},{"id":"DirectionLength","rule":"#ItemLength"},{"id":"DirectionETA","rule":"#ArriveTime"},{"id":"DirectionToward","rule":"#Destination"},{"id":"DirectionStreet","rule":"NAME"},{"id":"DirectionAltNames","rule":"ALT_NAME ({ / } ALT_NAME2)"},{"id":"DirectionAfterBreak","rule":"(#DepartTime { }) {Stanna} { på } @@Names"},{"id":"campusEventLandmarkManeuverGuidance","rule":"#FirstUpper(#LandmarkName) {är nära korsningen}"},{"id":"campusEventLandmarkPassageVerification","rule":"{Passera} #LandmarkName ({. Är på } #LandmarkPosition)"}],"lookupMapping":[]}}}]}}