{"directions":{"settings":[{"style":{"id":"NA Desktop","language":{"id":"ar","description":"العربية","strings":[{"id":"AzimuthSE","rule":"{جنوب الشرق}"},{"id":"ManeuverStopOnRoundabout","rule":"{سَلك ساحة ألدوران}"},{"id":"ManeuverHeader","rule":"{ألبداية} ({ من } {(} #StopName {)})"},{"id":"ManeuverAnyRoad","rule":"#FirstUpper(({ألسَير } ({ نحوَ } #Azimuth) ({ على } {(} @@Names {)}) ({ بإتجاه } {(} #CrossNames {)})))"},{"id":"ForkSideStraight","rule":"{الأمام}"},{"id":"StopArrivalFinish","rule":"{ } #StopArrival({مُبكرة},{مُتأخرة})"},{"id":"ManeuverFooter","rule":"{ألنهاية} @StopArrivalFinish ({ عند } {(} #StopName {)}) (#StopSide)"},{"id":"ManeuverDepart","rule":"{ألمُغادرة } ({ من} {(} #StopName {)})"},{"id":"ManeuverFerryBypass","rule":"{البقاء على العَبارة } ({ لمدة تُقارب } #ItemTime) ({ لمسافة } #ItemLength)"},{"id":"Names","rule":"NAME ({(} ALT_NAME {)})"},{"id":"AzimuthNE","rule":"{شمال الشرق}"},{"id":"ManeuverFerry","rule":"{إستخدام عَبارة} ({ } {(} @@Names {)}) { }"},{"id":"ManeuverUTurn","rule":"{الإستدارة إلى الوراء} @AtIntersectionOrCrossNames { والرجوع} ({ على } {(} @@Names {)})"},{"id":"ManeuverArrive","rule":"{ألوصول} @StopArrival ({ إلى } {(} #StopName {)}) (#StopSide)"},{"id":"StopArrival","rule":"{ } #StopArrival({مُبكر},{مُتأخر})"},{"id":"ManeuverStopArrive","rule":"#FirstUpper((#StopArriveAction ({ نحوَ } #Azimuth) ({ على } {(} @@Names {)})))"},{"id":"PathCurveActionTurnLeft","rule":"{الإستدارة نحوَ اليسار}"},{"id":"TimeZoneChange","rule":"#Sign (#TotalHours(0) { ساعة }) (#RoundedMinutesOfHour(0) { دقيقة})"},{"id":"ManeuverOntoHighway","rule":"#FirstUpper( @AtExit #HighwayAction @AtIntersectionNames #Select(@OnBranchDestination, ({ على } {(} @@Names {)})) )"},{"id":"AtExit","rule":"{عند مَخرج } {(} #SignpostExit {)،} { }"},{"id":"AtIntersectionNames","rule":"{ عند } {(} #Intersection(NAME) ({ (} #Intersection(ALT_NAME) {)} {)})"},{"id":"OnBranchDestination","rule":"({ على } {(} #Branch {)}) ({ بإتجاه } {(} #Destination {)})"},{"id":"FirstActionMakeSharpRight","rule":"{الإستدارة بحدة نحوَ اليمين} @AtIntersectionNames ({ على } {(} NAME {)})"},{"id":"ManeuverPathCurves","rule":"#FirstUpper( (@AtExit #PathCurveAction @AtIntersectionOrCrossNames ({ للبقاء على } {(} @@Names {)}) ({ بإتجاه } {(} #Destination {)})) )"},{"id":"UTurnRampActionTurnLeft","rule":"{الإستدارة نحوَ اليسار إلى مَنفَذ ألطريق ألسريع}"},{"id":"AtIntersectionOrCrossNames","rule":"#Select(@AtIntersectionNames, ({ عند } {(} #CrossNames {)}))"},{"id":"ManeuverTurnOntoLocalRoad","rule":"#FirstUpper( (@AtExit #LocalRoadAction @AtIntersectionNames ({ على } {(} @@Names {)}) ({ بإتجاه } {(} #Destination {)})) )"},{"id":"ManeuverDoubleTurn","rule":"#FirstUpper( (#FirstTurn(#FirstActionBearing) { وثُمَ } #SecondTurn(#SecondActionBearing)) )"},{"id":"UnitFootPlural","rule":"{قدم}"},{"id":"LocalRoadActionTurnRight","rule":"{الإستدارة نحوَ اليمين}"},{"id":"ManeuverUTurnViaRamp","rule":"#FirstUpper( (#UTurnRampAction { للإستدارة إلى الوراء والرجوع} ({ على } {(} @@Names {)})) )"},{"id":"ManeuverUTurnViaRoundabout","rule":"@RoundaboutHeaderGoBack ({ على } {(} @@Names {)})"},{"id":"RoundaboutHeaderGoBack","rule":"#Select(({عند ساحة ألدوران، سَلك ألمَخرج } @@ExitNumberString(#ExitNumber) {  للرجوع}), {سَلك ساحة ألدوران والرجوع})"},{"id":"AzimuthS","rule":"{الجنوب}"},{"id":"ManeuverEndOfFerry","rule":"#FirstUpper( @AtExit #EndOfFerryAction #Select(@OnBranchDestination,  ({ على } {(} @@Names {)})) )"},{"id":"UnitNauticalPlural","rule":"{ميل بحري}"},{"id":"PathCurveActionMakeSharpRight","rule":"{الإستدارة بحدة نحوَ اليمين}"},{"id":"ManeuverFork","rule":"#FirstUpper( (#Select(@AtExit, {عند المَفرق، }) #ForkAction ({ نحوَ } #ForkSide) #Select(@OnBranchDestination, ({ على } {(} @@Names {)}))) )"},{"id":"LocalRoadActionGo","rule":"{ألسَير}"},{"id":"EventTakeRoundaboutToStay","rule":"{سَلك ساحة ألدوران} ({ للإستمرار على } {(} @@Names {)})"},{"id":"DirectionCumulativeLength","rule":"#CumulativeDistance"},{"id":"AzimuthSW","rule":"{جنوب الغرب}"},{"id":"ToProceed","rule":"{ للإستمرار} #Select(@OnBranchDestination, ({ على } {(} @@Names {)}))"},{"id":"ManeuverSkipRoundabout","rule":"@RoundaboutHeader @ToProceed"},{"id":"AzimuthW","rule":"{الغرب}"},{"id":"RoundaboutHeader","rule":"#Select(({عند ساحة ألدوران، سَلك ألمَخرج } @@ExitNumberString(#ExitNumber) { }), {سَلك ساحة ألدوران})"},{"id":"ManeuverSkipRoundaboutRamp","rule":"@RoundaboutHeader #Select(@RoundaboutToBranchDestination, ({ إلى } {(} @@Names {)}))"},{"id":"FirstActionTurnRight","rule":"{الإستدارة نحوَ اليمين} @AtIntersectionNames ({ على } {(} NAME {)})"},{"id":"RoundaboutToBranchDestination","rule":"({ إلى } {(} #Branch {)}) ({ بإتجاه } {(} #Destination {)})"},{"id":"EventRestrictionViolation","rule":"{ألقيود: } #Restriction"},{"id":"ManeuverSkipHighwayRamps","rule":"#FirstUpper( @AtExit #SkipHighwayRampAction #Select(@AndGoOnBranchDestination, ({ والسَير على } {(} @@Names {)})) )"},{"id":"AndGoOnBranchDestination","rule":"({ والسَير على } {(} #Branch {)}) ({ بإتجاه } {(} #Destination {)})"},{"id":"LocalRoadActionBearRight","rule":"{الإنعطاف نحوَ اليمين}"},{"id":"ManeuverSkipSignpostRamps","rule":"#FirstUpper( @AtExit #SkipSignpostRampAction #Select(@ToBranchDestination, ({ ألمؤدي إلى } {(} @@Names {)})) )"},{"id":"TravelTimeShort","rule":"{< 1 دقيقة}"},{"id":"UnitMilePlural","rule":"{ميل}"},{"id":"ToBranchDestination","rule":"({ ألمؤدي إلى } {(} #Branch {)}) ({ بإتجاه } {(} #Destination {)})"},{"id":"EventTimeChanged","rule":"{ألدخول ٳلى منطقة زمنية جديدة.} ({ فرق الوقت: } #TZChange)"},{"id":"FirstActionBearRight","rule":"{الإنعطاف نحوَ اليمين} @AtIntersectionNames ({ على } {(} NAME {)})"},{"id":"PathCurveActionContinue","rule":"{الإستمرار}"},{"id":"EventCrossingBorder","rule":"{ألدخول } ({ إلى} {(} CROSSADMINBORDER {)})"},{"id":"AzimuthN","rule":"{الشمال}"},{"id":"AzimuthE","rule":"{الشرق}"},{"id":"AzimuthNW","rule":"{شمال الغرب}"},{"id":"PathCurveActionBearRight","rule":"{الإنعطاف نحوَ اليمين}"},{"id":"LocalRoadActionContinue","rule":"{الإستمرار}"},{"id":"LocalRoadActionMakeSharpRight","rule":"{الإستدارة بحدة نحوَ اليمين}"},{"id":"LocalRoadActionMakeSharpLeft","rule":"{الإستدارة بحدة نحوَ اليسار}"},{"id":"PathCurveActionBearLeft","rule":"{الإنعطاف نحوَ اليسار}"},{"id":"LocalRoadActionTurnLeft","rule":"{الإستدارة نحوَ اليسار}"},{"id":"LocalRoadActionBearLeft","rule":"{الإنعطاف نحوَ اليسار}"},{"id":"PathCurveActionTurnRight","rule":"{الإستدارة نحوَ اليمين}"},{"id":"PathCurveActionMakeSharpLeft","rule":"{الإستدارة بحدة نحوَ اليسار}"},{"id":"FirstActionMakeSharpLeft","rule":"{الإستدارة بحدة نحوَ اليسار} @AtIntersectionNames ({ على } {(} NAME {)})"},{"id":"FirstActionTurnLeft","rule":"{الإستدارة نحوَ اليسار} @AtIntersectionNames ({ على } {(} NAME {)})"},{"id":"FirstActionBearLeft","rule":"{الإنعطاف نحوَ اليسار} @AtIntersectionNames ({ على } {(} NAME {)})"},{"id":"FirstActionContinue","rule":"{الإستمرار} @AtIntersectionNames ({ على } {(} NAME {)})"},{"id":"SecondActionBearRight","rule":"{الإنعطاف نحوَ اليمين مباشرةً} ({ على } {(} NAME {)})"},{"id":"DirectionAfterBreak","rule":"(#DepartTime { }) {الإستمرار} { على } {(} @@Names {)}"},{"id":"SecondActionTurnRight","rule":"{الإستدارة نحوَ اليمين مباشرةً} ({ على } {(} NAME {)})"},{"id":"SecondActionMakeSharpRight","rule":"{الإستدارة بحدة نحوَ اليمين مباشرةً} ({ على } {(} NAME {)})"},{"id":"SkipHighwayRampActionAtForkRight","rule":"{سَلك مَنفَذ ألطريق ألسريع نحوَ اليمين}"},{"id":"SecondActionMakeSharpLeft","rule":"{الإستدارة بحدة نحوَ اليسار مباشرةً} ({ على } {(} NAME {)})"},{"id":"EndOfFerryActionTurnLeft","rule":"{الإستدارة نحوَ اليسار}"},{"id":"SecondActionTurnLeft","rule":"{الإستدارة نحوَ اليسار مباشرةً} ({ على } {(} NAME {)})"},{"id":"SecondActionBearLeft","rule":"{الإنعطاف نحوَ اليسار مباشرةً} ({ على } {(} NAME {)})"},{"id":"SecondActionContinue","rule":"{الإستمرار مباشرةً} ({ على } {(} NAME {)})"},{"id":"HighwayActionBearRight","rule":"{الإنعطاف نحوَ اليمين}"},{"id":"DistanceLong","rule":"#Distance(1) ({ } #DistanceUnits)"},{"id":"SkipHighwayRampActionAtFork","rule":"#Select(#SkipHighwayRampActionAtFork, {سَلك مَنفَذ ألطريق ألسريع})"},{"id":"UnitNauticalNeutral","rule":"{ميل بحري}"},{"id":"SkipHighwayRampActionBearRight","rule":"{الإنعطاف نحوَ اليمين إلى مَنفَذ ألطريق ألسريع}"},{"id":"SkipHighwayRampActionTurnRight","rule":"{الإستدارة نحوَ اليمين إلى مَنفَذ ألطريق ألسريع}"},{"id":"SkipHighwayRampActionMakeSharpRight","rule":"{الإستدارة بحدة نحوَ اليمين إلى مَنفَذ ألطريق ألسريع}"},{"id":"SkipHighwayRampActionMakeSharpLeft","rule":"{الإستدارة بحدة نحوَ اليسار إلى مَنفَذ ألطريق ألسريع}"},{"id":"SkipHighwayRampActionTurnLeft","rule":"{الإستدارة نحوَ اليسار إلى مَنفَذ ألطريق ألسريع}"},{"id":"SkipHighwayRampActionBearLeft","rule":"{الإنعطاف نحوَ اليسار إلى مَنفَذ ألطريق ألسريع}"},{"id":"SkipHighwayRampActionTakeRamp","rule":"{سَلك مَنفَذ ألطريق ألسريع}"},{"id":"SkipHighwayRampActionAtForkLeft","rule":"{سَلك مَنفَذ ألطريق ألسريع نحوَ اليسار}"},{"id":"SkipSignpostRampActionAtFork","rule":"#Select(#SkipSignpostRampActionAtFork, {سَلك مَنفَذ ألطريق ألسريع})"},{"id":"SkipSignpostRampActionBearRight","rule":"{الإنعطاف نحوَ اليمين إلى مَنفَذ ألطريق ألسريع}"},{"id":"SkipSignpostRampActionTurnRight","rule":"{الإستدارة نحوَ اليمين إلى مَنفَذ ألطريق ألسريع}"},{"id":"UnitYardNeutral","rule":"{ياردة}"},{"id":"SkipSignpostRampActionMakeSharpRight","rule":"{الإستدارة بحدة نحوَ اليمين إلى مَنفَذ ألطريق ألسريع}"},{"id":"UTurnRampActionTakeRamp","rule":"{سَلك مَنفَذ ألطريق ألسريع}"},{"id":"SkipSignpostRampActionMakeSharpLeft","rule":"{الإستدارة بحدة نحوَ اليسار إلى مَنفَذ ألطريق ألسريع}"},{"id":"SkipSignpostRampActionTurnLeft","rule":"{الإستدارة نحوَ اليسار إلى مَنفَذ ألطريق ألسريع}"},{"id":"SkipSignpostRampActionBearLeft","rule":"{الإنعطاف نحوَ اليسار إلى مَنفَذ ألطريق ألسريع}"},{"id":"SkipSignpostRampActionTakeRamp","rule":"{سَلك مَنفَذ ألطريق ألسريع}"},{"id":"SkipSignpostRampActionAtForkLeft","rule":"{سَلك مَنفَذ ألطريق ألسريع نحوَ اليسار}"},{"id":"SkipSignpostRampActionAtForkRight","rule":"{سَلك مَنفَذ ألطريق ألسريع نحوَ اليمين}"},{"id":"UTurnRampActionFork","rule":"#Select(#UTurnRampActionAtFork, {سَلك مَنفَذ ألطريق ألسريع})"},{"id":"UTurnRampActionBearRight","rule":"{الإنعطاف نحوَ اليمين إلى مَنفَذ ألطريق ألسريع}"},{"id":"UTurnRampActionTurnRight","rule":"{الإستدارة نحوَ اليمين إلى مَنفَذ ألطريق ألسريع}"},{"id":"UTurnRampActionMakeSharpRight","rule":"{الإستدارة بحدة نحوَ اليمين إلى مَنفَذ ألطريق ألسريع}"},{"id":"UTurnRampActionMakeSharpLeft","rule":"{الإستدارة بحدة نحوَ اليسار إلى مَنفَذ ألطريق ألسريع}"},{"id":"UTurnRampActionBearLeft","rule":"{الإنعطاف نحوَ اليسار إلى مَنفَذ ألطريق ألسريع}"},{"id":"UTurnRampActionAtForkLeft","rule":"{سَلك مَنفَذ ألطريق ألسريع نحوَ اليسار}"},{"id":"UTurnRampActionAtForkRight","rule":"{سَلك مَنفَذ ألطريق ألسريع نحوَ اليمين}"},{"id":"HighwayActionGo","rule":"{ألسَير}"},{"id":"HighwayActionTurnRight","rule":"{الإستدارة نحوَ اليمين}"},{"id":"HighwayActionMakeSharpRight","rule":"{الإستدارة بحدة نحوَ اليمين}"},{"id":"ForkActionLeft","rule":"{الإستمرار}"},{"id":"HighwayActionMakeSharpLeft","rule":"{الإستدارة بحدة نحوَ اليسار}"},{"id":"HighwayActionTurnLeft","rule":"{الإستدارة نحوَ اليسار}"},{"id":"HighwayActionBearLeft","rule":"{الإنعطاف نحوَ اليسار}"},{"id":"CrossNames","rule":"#String(0) ({ / } #String(1))"},{"id":"EndOfFerryActionGo","rule":"{ألسَير}"},{"id":"EndOfFerryActionBearRight","rule":"{الإنعطاف نحوَ اليمين}"},{"id":"EndOfFerryActionTurnRight","rule":"{الإستدارة نحوَ اليمين}"},{"id":"EndOfFerryActionMakeSharpRight","rule":"{الإستدارة بحدة نحوَ اليمين}"},{"id":"EndOfFerryActionMakeSharpLeft","rule":"{الإستدارة بحدة نحوَ اليسار}"},{"id":"EndOfFerryActionBearLeft","rule":"{الإنعطاف نحوَ اليسار}"},{"id":"StopArriveActionContinue","rule":"{الإستمرار}"},{"id":"StopArriveActionGo","rule":"{ألسَير}"},{"id":"StopArriveActionBack","rule":"{ألرجوع}"},{"id":"ForkActionRight","rule":"{الإستمرار}"},{"id":"ForkActionStraight","rule":"{ألسَير}"},{"id":"UnitSecondNeutral","rule":"{ثانية}"},{"id":"ForkSideLeft","rule":"{اليسار}"},{"id":"ForkSideRight","rule":"{اليمين}"},{"id":"DistanceShort","rule":"{< } #MinDistance(1) ({ } #DistanceUnits)"},{"id":"CumulativeDistanceLong","rule":"#Select(#Distance(1), {0}) ({ } #DistanceUnits)"},{"id":"TimeShort","rule":"{< 1 دقيقة}"},{"id":"TimeLong","rule":"(#TotalHours(0) { ساعة }) (#RoundedMinutesOfHour(0) { دقيقة})"},{"id":"TravelTimeLong","rule":"(#Days(0) { يوم }) (#HoursOfDay(0) { ساعة }) (#RoundedMinutesOfHour(0) { دقيقة})"},{"id":"StopTimeShort","rule":"{< 1 دقيقة}"},{"id":"StopTimeLong","rule":"(#TotalHours(0) { ساعة }) (#RoundedMinutesOfHour(0) { دقيقة})"},{"id":"SignpostDestination","rule":"#String(0) ({ / } #String(1)) ({ / } #String(2)) ({ / } #String(3)) ({ / } #String(4))"},{"id":"StopSideLeft","rule":"{، على اليسار}"},{"id":"StopSideRight","rule":"{، على اليمين}"},{"id":"UnitMileSingular","rule":"{ميل}"},{"id":"UnitMileNeutral","rule":"{ميل}"},{"id":"UnitKilometerSingular","rule":"{كيلومتر}"},{"id":"UnitKilometerPlural","rule":"{كيلومتر}"},{"id":"UnitKilometerNeutral","rule":"{كيلومتر}"},{"id":"UnitMeterSingular","rule":"{متر}"},{"id":"UnitMeterPlural","rule":"{متر}"},{"id":"UnitMeterNeutral","rule":"{متر}"},{"id":"UnitFootSingular","rule":"{قدم}"},{"id":"UnitFootNeutral","rule":"{قدم}"},{"id":"UnitYardSingular","rule":"{ياردة}"},{"id":"DirectionTime","rule":"#ItemTime"},{"id":"UnitYardPlural","rule":"{ياردة}"},{"id":"UnitNauticalSingular","rule":"{ميل بحري}"},{"id":"UnitSecondSingular","rule":"{ثانية}"},{"id":"UnitSecondPlural","rule":"{ثانية}"},{"id":"StopSummary","rule":"{ألمسافة: } #StopLength"},{"id":"StopTimeWindow","rule":"{ألفترة الزمنية: } #StopTimeWindowStart { - } #StopTimeWindowEnd"},{"id":"StopStayTime","rule":"{زمن ألرحلة: } #StopStayTime"},{"id":"StopFullTime","rule":"#StopFullTime"},{"id":"StopWaitTime","rule":"{زمن الأنتظار: } #StopWaitTime"},{"id":"StopViolationTime","rule":"{ألمخالفة الزمنية: } #StopViolationTime"},{"id":"StopLength","rule":"#StopLength"},{"id":"DirectionDrive","rule":"{ألسَير } ({ لمسافة} #ItemLength) ({ لمدة تُقارب } #ItemTime)"},{"id":"DirectionLength","rule":"#ItemLength"},{"id":"DirectionETA","rule":"#ArriveTime"},{"id":"DirectionBranch","rule":"{(} #Branch {)}"},{"id":"DirectionToward","rule":"{(} #Destination {)}"},{"id":"DirectionCrossStreet","rule":"{(} #CrossNames {)}"},{"id":"DirectionExitName","rule":"{(} #SignpostExit {)}"},{"id":"DirectionRestBreak","rule":"#ArriveTime ({-} #DepartTime) { فترة الإستراحة}"},{"id":"DirectionStreet","rule":"{(} NAME {)}"},{"id":"DirectionAltNames","rule":"{(} ALT_NAME {)} ({ / } {(} ALT_NAME2 {)})"},{"id":"DirectionDayEnd","rule":"(#ArriveTime { }) {نهاية اليوم}"}],"lookupMapping":[{"id":"ExitNumberString","value":[{"key":"1","value":"{الأول}"},{"key":"2","value":"{ألثاني}"},{"key":"3","value":"{ألثالث}"},{"key":"4","value":"{ألرابع}"},{"key":"5","value":"{ألخامس}"},{"key":"6","value":"{ألسادس}"},{"key":"7","value":"{ألسابع}"},{"key":"8","value":"{ألثامن}"},{"key":"9","value":"{ألتاسع}"},{"key":"10","value":"{ألعاشر}"}]}]}}}]}}