{"directions":{"settings":[{"style":{"id":"NA Desktop","language":{"id":"de","description":"Deutsch","strings":[{"id":"AzimuthSE","rule":"{in südöstlicher Richtung}"},{"id":"ManeuverStopOnRoundabout","rule":"{Im Kreisverkehr}"},{"id":"ManeuverHeader","rule":"{Start} ({ bei } #StopName)"},{"id":"ManeuverAnyRoad","rule":"#FirstUpper(({fahren Sie} ({ } #Azimuth) ({ auf } @@Names) ({ in Richtung } #CrossNames)))"},{"id":"ForkSideStraight","rule":"{geradeaus}"},{"id":"ManeuverFooter","rule":"{Ziel} @StopArrival ({ bei } #StopName) (#StopSide)"},{"id":"StopArrival","rule":"{ } #StopArrival({früher},{später})"},{"id":"ManeuverDepart","rule":"{Abfahrt von} ({ } #StopName)"},{"id":"ManeuverFerryBypass","rule":"{Fährzeit etwa} ({ ~ } #ItemTime) ({ } #ItemLength)"},{"id":"Names","rule":"NAME ({ (} ALT_NAME {)})"},{"id":"AzimuthNE","rule":"{in nordöstlicher Richtung}"},{"id":"ManeuverFerry","rule":"{Nehmen Sie die Fähre} ({ } @@Names)"},{"id":"ManeuverUTurn","rule":"{Wenden Sie} @AtIntersectionOrCrossNames { und fahren Sie zurück } ({ auf } @@Names)"},{"id":"ManeuverArrive","rule":"{Ankunft} @StopArrival ({ bei } #StopName) (#StopSide)"},{"id":"ManeuverStopArrive","rule":"#FirstUpper((#StopArriveAction ({ } #Azimuth) ({ auf } @@Names)))"},{"id":"PathCurveActionTurnLeft","rule":"{biegen Sie } @AtExit @AtIntersectionOrCrossNames { links ab } ({ - Sie bleiben auf } @@Names) ({ in Richtung } #Destination)"},{"id":"TimeZoneChange","rule":"#Sign (#TotalHours(0) { h }) (#RoundedMinutesOfHour(0) { min})"},{"id":"ManeuverOntoHighway","rule":"#FirstUpper(#HighwayAction)"},{"id":"FirstActionMakeSharpRight","rule":"{biegen Sie} @AtIntersectionNames { scharf rechts } ({ auf } NAME) { ab } { und } #SecondTurn(#SecondActionBearing)"},{"id":"ManeuverPathCurves","rule":"#FirstUpper(#PathCurveAction)"},{"id":"UTurnRampActionTurnLeft","rule":"{biegen Sie links auf die Auffahrt ab}"},{"id":"ManeuverTurnOntoLocalRoad","rule":"#FirstUpper(#LocalRoadAction)"},{"id":"ManeuverDoubleTurn","rule":"#FirstUpper(#FirstTurn(#FirstActionBearing))"},{"id":"UnitFootPlural","rule":"{ft}"},{"id":"LocalRoadActionTurnRight","rule":"{biegen Sie} @AtExit @AtIntersectionNames { rechts } ({ auf } @@Names) { ab } ({ in Richtung } #Destination)"},{"id":"ManeuverUTurnViaRamp","rule":"#FirstUpper( (#UTurnRampAction { und wenden Sie und fahren Sie zurück} ({ auf } @@Names)) )"},{"id":"ManeuverUTurnViaRoundabout","rule":"@RoundaboutHeaderGoBack ({ auf } @@Names)"},{"id":"FirstActionTurnLeft","rule":"{biegen Sie} @AtIntersectionNames { links } ({ auf } NAME) { ab } { und } #SecondTurn(#SecondActionBearing)"},{"id":"RoundaboutHeaderGoBack","rule":"#Select(({Im Kreisverkehr nehmen Sie die } @@ExitNumberString(#ExitNumber) { Ausfahrt und fahren Sie zurück}), {Fahren Sie im Kreisverkehr zurück})"},{"id":"AtIntersectionOrCrossNames","rule":"#Select(@AtIntersectionNames, ({ bei } #CrossNames))"},{"id":"AtIntersectionNames","rule":"{ bei } #Intersection(NAME) ({ (} #Intersection(ALT_NAME) {)})"},{"id":"AzimuthS","rule":"{in südlicher Richtung}"},{"id":"ManeuverEndOfFerry","rule":"#FirstUpper(#EndOfFerryAction)"},{"id":"UnitNauticalPlural","rule":"{nmi}"},{"id":"PathCurveActionMakeSharpRight","rule":"{biegen Sie } @AtExit @AtIntersectionOrCrossNames { scharf rechts ab } ({ - Sie bleiben auf } @@Names) ({ in Richtung } #Destination)"},{"id":"ManeuverFork","rule":"#FirstUpper( (#Select(@AtExit, {an der Gabelung }) #ForkAction ({ } #ForkSide) #Select(@OnBranchDestination, ({ auf } @@Names))) )"},{"id":"OnBranchDestination","rule":"({ auf } #Branch) ({ in Richtung } #Destination)"},{"id":"AtExit","rule":"{an der Ausfahrt } #SignpostExit { }"},{"id":"LocalRoadActionGo","rule":"@AtExit {fahren Sie} @AtIntersectionNames ({ auf } @@Names) ({ in Richtung } #Destination)"},{"id":"EventTakeRoundaboutToStay","rule":"{Fahren Sie in den Kreisverkehr} ({ und bleiben Sie auf } @@Names)"},{"id":"DirectionCumulativeLength","rule":"#CumulativeDistance"},{"id":"AzimuthSW","rule":"{in südwestlicher Richtung}"},{"id":"ToProceed","rule":"{ und fahren Sie weiter} #Select(@OnBranchDestination, ({ auf } @@Names))"},{"id":"ManeuverSkipRoundabout","rule":"@RoundaboutHeader @ToProceed"},{"id":"AzimuthW","rule":"{in westlicher Richtung}"},{"id":"RoundaboutHeader","rule":"#Select(({Im Kreisverkehr nehmen Sie die } @@ExitNumberString(#ExitNumber) { Ausfahrt}), {Im Kreisverkehr})"},{"id":"ManeuverSkipRoundaboutRamp","rule":"@RoundaboutHeader #Select(@ToBranchDestination, ({ auf } @@Names))"},{"id":"ToBranchDestination","rule":"({ zur } #Branch) ({ in Richtung } #Destination)"},{"id":"EventRestrictionViolation","rule":"{Beschränkung: } #Restriction"},{"id":"ManeuverSkipHighwayRamps","rule":"#FirstUpper( @AtExit #SkipHighwayRampAction #Select(@AndGoOnBranchDestination, ({ und fahren Sie auf } @@Names)) )"},{"id":"AndGoOnBranchDestination","rule":"({ und fahren Sie auf } #Branch) ({ in Richtung } #Destination)"},{"id":"LocalRoadActionBearRight","rule":"@AtExit {halten Sie sich rechts} @AtIntersectionNames ({ auf } @@Names) ({ in Richtung } #Destination)"},{"id":"ManeuverSkipSignpostRamps","rule":"#FirstUpper( @AtExit #SkipSignpostRampAction #Select(@ToBranchDestination, ({ in Richtung } @@Names)) )"},{"id":"TravelTimeShort","rule":"{< 1 min}"},{"id":"UnitMilePlural","rule":"{mi}"},{"id":"EventTimeChanged","rule":"{Sie erreichen eine neue Zeitzone.} ({ Zeitanpassung: } #TZChange)"},{"id":"FirstActionBearRight","rule":"{halten Sie sich rechts} @AtIntersectionNames ({ auf } NAME) { und } #SecondTurn(#SecondActionBearing)"},{"id":"PathCurveActionContinue","rule":"{fahren Sie weiter} @AtExit @AtIntersectionOrCrossNames ({- Sie bleiben auf } @@Names) ({ in Richtung } #Destination)"},{"id":"EventCrossingBorder","rule":"{Sie erreichen} ({ } CROSSADMINBORDER)"},{"id":"AzimuthN","rule":"{in nördlicher Richtung}"},{"id":"AzimuthE","rule":"{in östlicher Richtung}"},{"id":"AzimuthNW","rule":"{in nordwestlicher Richtung}"},{"id":"PathCurveActionBearRight","rule":"@AtExit {halten Sie sich rechts} @AtIntersectionOrCrossNames ({ - Sie bleiben auf } @@Names) ({ in Richtung } #Destination)"},{"id":"LocalRoadActionContinue","rule":"@AtExit {fahren Sie weiter}  @AtIntersectionNames ({ auf } @@Names) ({ in Richtung } #Destination)"},{"id":"LocalRoadActionMakeSharpRight","rule":" {biegen Sie } @AtExit @AtIntersectionNames { scharf rechts } ({ auf } @@Names) { ab } ({ in Richtung } #Destination)"},{"id":"LocalRoadActionMakeSharpLeft","rule":"{biegen Sie } @AtExit @AtIntersectionNames { scharf links } ({ auf } @@Names) { ab } ({ in Richtung } #Destination)"},{"id":"PathCurveActionBearLeft","rule":"@AtExit {halten Sie sich links} @AtIntersectionOrCrossNames ({ - Sie bleiben auf } @@Names) ({ in Richtung } #Destination)"},{"id":"LocalRoadActionTurnLeft","rule":"{biegen Sie } @AtExit @AtIntersectionNames { links } ({ auf } @@Names) { ab } ({ in Richtung } #Destination)"},{"id":"LocalRoadActionBearLeft","rule":"@AtExit {halten Sie sich links} @AtIntersectionNames ({ auf } @@Names) ({ in Richtung } #Destination)"},{"id":"PathCurveActionTurnRight","rule":"{biegen Sie } @AtExit @AtIntersectionOrCrossNames { rechts ab } ({ - Sie bleiben auf } @@Names) ({ in Richtung } #Destination)"},{"id":"PathCurveActionMakeSharpLeft","rule":"{biegen Sie } @AtExit @AtIntersectionOrCrossNames { scharf links ab } ({ - Sie bleiben auf } @@Names) ({ in Richtung } #Destination)"},{"id":"FirstActionTurnRight","rule":"{biegen Sie} @AtIntersectionNames { rechts } ({ auf } NAME) { ab } { und } #SecondTurn(#SecondActionBearing)"},{"id":"FirstActionMakeSharpLeft","rule":"{biegen Sie} @AtIntersectionNames { scharf links } ({ auf } NAME) { ab } { und } #SecondTurn(#SecondActionBearing)"},{"id":"FirstActionBearLeft","rule":"{halten Sie sich links} @AtIntersectionNames ({ auf } NAME) { und } #SecondTurn(#SecondActionBearing)"},{"id":"FirstActionContinue","rule":"{fahren Sie weiter} @AtIntersectionNames ({ auf } NAME) { und } #SecondTurn(#SecondActionBearing)"},{"id":"SecondActionBearRight","rule":"{halten Sie sich dann rechts} ({ auf } NAME)"},{"id":"DirectionAfterBreak","rule":"(#DepartTime { }) {Bleiben Sie} { auf } @@Names"},{"id":"SecondActionTurnRight","rule":"{biegen Sie dann rechts} ({ auf } NAME { ab })"},{"id":"SecondActionMakeSharpRight","rule":"{biegen Sie dann scharf rechts} ({ auf } NAME { ab })"},{"id":"SkipHighwayRampActionAtForkRight","rule":"{nehmen Sie die Auffahrt rechts}"},{"id":"SecondActionMakeSharpLeft","rule":"{biegen Sie dann scharf links} ({ auf } NAME { ab })"},{"id":"EndOfFerryActionTurnLeft","rule":"{biegen Sie } @AtExit { links ab } #Select(@OnBranchDestination,  ({ auf } @@Names))"},{"id":"SecondActionTurnLeft","rule":"{biegen Sie dann links} ({ auf } NAME { ab })"},{"id":"SecondActionBearLeft","rule":"{halten Sie sich dann links} ({ auf } NAME)"},{"id":"SecondActionContinue","rule":"{fahren Sie dann weiter} ({ auf } NAME)"},{"id":"HighwayActionBearRight","rule":"@AtExit {halten Sie sich rechts} @AtIntersectionNames #Select(@OnBranchDestination, ({ auf } @@Names))"},{"id":"DistanceLong","rule":"#Distance(1) ({ } #DistanceUnits)"},{"id":"SkipHighwayRampActionAtFork","rule":"#Select(#SkipHighwayRampActionAtFork, {nehmen Sie die Auffahrt})"},{"id":"UnitNauticalNeutral","rule":"{nmi}"},{"id":"SkipHighwayRampActionBearRight","rule":"{halten Sie sich rechts auf die Auffahrt}"},{"id":"SkipHighwayRampActionTurnRight","rule":"{biegen Sie rechts auf die Auffahrt ab}"},{"id":"SkipHighwayRampActionMakeSharpRight","rule":"{biegen Sie scharf rechts auf die Auffahrt ab}"},{"id":"SkipHighwayRampActionMakeSharpLeft","rule":"{biegen Sie scharf links auf die Auffahrt ab}"},{"id":"SkipHighwayRampActionTurnLeft","rule":"{biegen Sie links auf die Auffahrt ab}"},{"id":"SkipHighwayRampActionBearLeft","rule":"{halten Sie sich links auf die Auffahrt}"},{"id":"SkipHighwayRampActionTakeRamp","rule":"{nehmen Sie die Auffahrt}"},{"id":"SkipHighwayRampActionAtForkLeft","rule":"{nehmen Sie die Auffahrt links}"},{"id":"SkipSignpostRampActionAtFork","rule":"#Select(#SkipSignpostRampActionAtFork, {nehmen Sie die Auffahrt})"},{"id":"SkipSignpostRampActionBearRight","rule":"{halten Sie sich rechts auf die Auffahrt}"},{"id":"SkipSignpostRampActionTurnRight","rule":"{biegen Sie rechts auf die Auffahrt ab}"},{"id":"UnitYardNeutral","rule":"{yd}"},{"id":"SkipSignpostRampActionMakeSharpRight","rule":"{biegen Sie scharf rechts auf die Auffahrt ab}"},{"id":"UTurnRampActionTakeRamp","rule":"{nehmen Sie die Auffahrt}"},{"id":"SkipSignpostRampActionMakeSharpLeft","rule":"{biegen Sie scharf links auf die Auffahrt ab}"},{"id":"SkipSignpostRampActionTurnLeft","rule":"{biegen Sie links auf die Auffahrt ab}"},{"id":"SkipSignpostRampActionBearLeft","rule":"{halten Sie sich links auf die Auffahrt}"},{"id":"SkipSignpostRampActionTakeRamp","rule":"{nehmen Sie die Auffahrt}"},{"id":"SkipSignpostRampActionAtForkLeft","rule":"{nehmen Sie die Auffahrt links}"},{"id":"SkipSignpostRampActionAtForkRight","rule":"{nehmen Sie die Auffahrt rechts}"},{"id":"UTurnRampActionFork","rule":"#Select(#UTurnRampActionAtFork, {nehmen Sie die Auffahrt})"},{"id":"UTurnRampActionBearRight","rule":"{halten Sie sich rechts auf die Auffahrt}"},{"id":"UTurnRampActionTurnRight","rule":"{biegen Sie rechts auf die Auffahrt ab}"},{"id":"UTurnRampActionMakeSharpRight","rule":"{biegen Sie scharf rechts auf die Auffahrt ab}"},{"id":"UTurnRampActionMakeSharpLeft","rule":"{biegen Sie scharf links auf die Auffahrt ab}"},{"id":"UTurnRampActionBearLeft","rule":"{halten Sie sich links auf die Auffahrt}"},{"id":"UTurnRampActionAtForkLeft","rule":"{nehmen Sie die Auffahrt links}"},{"id":"UTurnRampActionAtForkRight","rule":"{nehmen Sie die Auffahrt rechts}"},{"id":"HighwayActionGo","rule":"@AtExit {fahren Sie} @AtIntersectionNames #Select(@OnBranchDestination, ({ auf } @@Names))"},{"id":"HighwayActionTurnRight","rule":"{biegen Sie} @AtExit @AtIntersectionNames { rechts } #Select(@OnBranchDestination, ({ auf } @@Names { ab }))"},{"id":"HighwayActionMakeSharpRight","rule":"{biegen Sie} @AtExit @AtIntersectionNames { scharf rechts} #Select(@OnBranchDestination, ({ auf } @@Names { ab }))"},{"id":"ForkActionLeft","rule":"{halten Sie sich}"},{"id":"HighwayActionMakeSharpLeft","rule":"{biegen Sie} @AtExit @AtIntersectionNames { scharf links} #Select(@OnBranchDestination, ({ auf } @@Names { ab }))"},{"id":"HighwayActionTurnLeft","rule":"{biegen Sie} @AtExit @AtIntersectionNames { links } #Select(@OnBranchDestination, ({ auf } @@Names { ab }))"},{"id":"HighwayActionBearLeft","rule":"@AtExit {halten Sie sich links} @AtIntersectionNames #Select(@OnBranchDestination, ({ auf } @@Names))"},{"id":"CrossNames","rule":"#String(0) ({ / } #String(1))"},{"id":"EndOfFerryActionGo","rule":"@AtExit {fahren Sie} #Select(@OnBranchDestination,  ({ auf } @@Names))"},{"id":"EndOfFerryActionBearRight","rule":"@AtExit {halten Sie sich rechts} #Select(@OnBranchDestination,  ({ auf } @@Names))"},{"id":"EndOfFerryActionTurnRight","rule":"{biegen Sie } @AtExit { rechts ab } #Select(@OnBranchDestination,  ({ auf } @@Names))"},{"id":"EndOfFerryActionMakeSharpRight","rule":"{biegen Sie } @AtExit { scharf rechts ab } #Select(@OnBranchDestination,  ({ auf } @@Names))"},{"id":"EndOfFerryActionMakeSharpLeft","rule":"{biegen Sie } @AtExit { scharf links ab } #Select(@OnBranchDestination,  ({ auf } @@Names))"},{"id":"EndOfFerryActionBearLeft","rule":"@AtExit {halten Sie sich links} #Select(@OnBranchDestination,  ({ auf } @@Names))"},{"id":"StopArriveActionContinue","rule":"{fahren Sie weiter}"},{"id":"StopArriveActionGo","rule":"{fahren Sie}"},{"id":"StopArriveActionBack","rule":"{fahren Sie zurück}"},{"id":"ForkActionRight","rule":"{halten Sie sich}"},{"id":"ForkActionStraight","rule":"{fahren Sie}"},{"id":"UnitSecondNeutral","rule":"{sek}"},{"id":"ForkSideLeft","rule":"{links}"},{"id":"ForkSideRight","rule":"{rechts}"},{"id":"DistanceShort","rule":"{< } #MinDistance(1) ({ } #DistanceUnits)"},{"id":"CumulativeDistanceLong","rule":"#Select(#Distance(1), {0}) ({ } #DistanceUnits)"},{"id":"TimeShort","rule":"{< 1 min}"},{"id":"TimeLong","rule":"(#TotalHours(0) { h }) (#RoundedMinutesOfHour(0) { min})"},{"id":"TravelTimeLong","rule":"(#Days(0) { d }) (#HoursOfDay(0) { h }) (#RoundedMinutesOfHour(0) { min})"},{"id":"StopTimeShort","rule":"{< 1 min}"},{"id":"StopTimeLong","rule":"(#TotalHours(0) { h }) (#RoundedMinutesOfHour(0) { min})"},{"id":"SignpostDestination","rule":"#String(0) ({ / } #String(1)) ({ / } #String(2)) ({ / } #String(3)) ({ / } #String(4))"},{"id":"StopSideLeft","rule":"{, auf der linken Seite}"},{"id":"StopSideRight","rule":"{, auf der rechten Seite}"},{"id":"UnitMileSingular","rule":"{mi}"},{"id":"UnitMileNeutral","rule":"{mi}"},{"id":"UnitKilometerSingular","rule":"{km}"},{"id":"UnitKilometerPlural","rule":"{km}"},{"id":"UnitKilometerNeutral","rule":"{km}"},{"id":"UnitMeterSingular","rule":"{m}"},{"id":"UnitMeterPlural","rule":"{m}"},{"id":"UnitMeterNeutral","rule":"{m}"},{"id":"UnitFootSingular","rule":"{ft}"},{"id":"UnitFootNeutral","rule":"{ft}"},{"id":"UnitYardSingular","rule":"{yd}"},{"id":"DirectionTime","rule":"#ItemTime"},{"id":"UnitYardPlural","rule":"{yd}"},{"id":"UnitNauticalSingular","rule":"{nmi}"},{"id":"UnitSecondSingular","rule":"{sek}"},{"id":"UnitSecondPlural","rule":"{sek}"},{"id":"StopSummary","rule":"{Strecke: } #StopLength"},{"id":"StopTimeWindow","rule":"{Zeitfenster: } #StopTimeWindowStart { - } #StopTimeWindowEnd"},{"id":"StopStayTime","rule":"{Einsatzzeit: } #StopStayTime"},{"id":"StopFullTime","rule":"#StopFullTime"},{"id":"StopWaitTime","rule":"{Wartezeit: } #StopWaitTime"},{"id":"StopViolationTime","rule":"{Zeitverletzung: } #StopViolationTime"},{"id":"StopLength","rule":"#StopLength"},{"id":"DirectionDrive","rule":"{Fahren Sie} ({ } #ItemLength) ({ ~ } #ItemTime)"},{"id":"DirectionLength","rule":"#ItemLength"},{"id":"DirectionETA","rule":"#ArriveTime"},{"id":"DirectionBranch","rule":"#Branch"},{"id":"DirectionToward","rule":"#Destination"},{"id":"DirectionCrossStreet","rule":"#CrossNames"},{"id":"DirectionExitName","rule":"#SignpostExit"},{"id":"DirectionRestBreak","rule":"#ArriveTime ({-} #DepartTime) { Ruhezeit}"},{"id":"DirectionStreet","rule":"NAME"},{"id":"DirectionAltNames","rule":"ALT_NAME ({ / } ALT_NAME2)"},{"id":"DirectionDayEnd","rule":"(#ArriveTime { }) {Ende des Tages}"}],"lookupMapping":[{"id":"ExitNumberString","value":[{"key":"1","value":"{ERSTE}"},{"key":"2","value":"{ZWEITE}"},{"key":"3","value":"{DRITTE}"},{"key":"4","value":"{VIERTE}"},{"key":"5","value":"{FÜNFTE}"},{"key":"6","value":"{SECHSTE}"},{"key":"7","value":"{SIEBTE}"},{"key":"8","value":"{ACHTE}"},{"key":"9","value":"{NEUNTE}"},{"key":"10","value":"{ZEHNTE}"}]}]}}}]}}