{"directions":{"settings":[{"style":{"id":"NA Desktop","language":{"id":"en","description":"English","strings":[{"id":"AzimuthSE","rule":"{southeast}"},{"id":"ManeuverStopOnRoundabout","rule":"{Take roundabout}"},{"id":"ManeuverHeader","rule":"{Start} ({ at } #StopName)"},{"id":"ManeuverAnyRoad","rule":"#FirstUpper(({go} ({ } #Azimuth) ({ on } @@Names) ({ toward } #CrossNames)))"},{"id":"ForkSideStraight","rule":"{straight}"},{"id":"ManeuverFooter","rule":"{Finish} @StopArrival ({ at } #StopName) (#StopSide)"},{"id":"StopArrival","rule":"{ } #StopArrival({early},{late})"},{"id":"ManeuverDepart","rule":"{Depart} ({ } #StopName)"},{"id":"ManeuverFerryBypass","rule":"{Stay on ferry for} ({ ~ } #ItemTime) ({ } #ItemLength)"},{"id":"Names","rule":"NAME ({ (} ALT_NAME {)})"},{"id":"AzimuthNE","rule":"{northeast}"},{"id":"ManeuverFerry","rule":"{Take} ({ } @@Names) { ferry}"},{"id":"ManeuverUTurn","rule":"{Make U-turn} @AtIntersectionOrCrossNames { and go back} ({ on } @@Names)"},{"id":"ManeuverArrive","rule":"{Arrive} @StopArrival ({ at } #StopName) (#StopSide)"},{"id":"ManeuverStopArrive","rule":"#FirstUpper((#StopArriveAction ({ } #Azimuth) ({ on } @@Names)))"},{"id":"PathCurveActionTurnLeft","rule":"{turn left}"},{"id":"TimeZoneChange","rule":"#Sign (#TotalHours(0) { hr }) (#RoundedMinutesOfHour(0) { min})"},{"id":"ManeuverOntoHighway","rule":"#FirstUpper( @AtExit #HighwayAction @AtIntersectionNames #Select(@OnBranchDestination, ({ on } @@Names)) )"},{"id":"AtExit","rule":"{at exit } #SignpostExit { }"},{"id":"AtIntersectionNames","rule":"{ at } #Intersection(NAME) ({ (} #Intersection(ALT_NAME) {)})"},{"id":"OnBranchDestination","rule":"({ on } #Branch) ({ toward } #Destination)"},{"id":"FirstActionMakeSharpRight","rule":"{make sharp right} @AtIntersectionNames ({ on } NAME)"},{"id":"ManeuverPathCurves","rule":"#FirstUpper( (@AtExit #PathCurveAction @AtIntersectionOrCrossNames ({ to stay on } @@Names) ({ toward } #Destination)) )"},{"id":"UTurnRampActionTurnLeft","rule":"{turn left onto ramp}"},{"id":"AtIntersectionOrCrossNames","rule":"#Select(@AtIntersectionNames, ({ at } #CrossNames))"},{"id":"ManeuverTurnOntoLocalRoad","rule":"#FirstUpper( (@AtExit #LocalRoadAction @AtIntersectionNames ({ on } @@Names) ({ toward } #Destination)) )"},{"id":"ManeuverDoubleTurn","rule":"#FirstUpper( (#FirstTurn(#FirstActionBearing) { and } #SecondTurn(#SecondActionBearing)) )"},{"id":"UnitFootPlural","rule":"{ft}"},{"id":"LocalRoadActionTurnRight","rule":"{turn right}"},{"id":"ManeuverUTurnViaRamp","rule":"#FirstUpper( (#UTurnRampAction { to make U-turn and go back} ({ on } @@Names)) )"},{"id":"ManeuverUTurnViaRoundabout","rule":"@RoundaboutHeaderGoBack ({ on } @@Names)"},{"id":"FirstActionTurnLeft","rule":"{turn left} @AtIntersectionNames ({ on } NAME)"},{"id":"RoundaboutHeaderGoBack","rule":"#Select(({At roundabout, take the } @@ExitNumberString(#ExitNumber) { exit to go back}), {Take roundabout and go back})"},{"id":"AzimuthS","rule":"{south}"},{"id":"ManeuverEndOfFerry","rule":"#FirstUpper( @AtExit #EndOfFerryAction #Select(@OnBranchDestination,  ({ on } @@Names)) )"},{"id":"UnitNauticalPlural","rule":"{nmi}"},{"id":"PathCurveActionMakeSharpRight","rule":"{make sharp right}"},{"id":"ManeuverFork","rule":"#FirstUpper( (#Select(@AtExit, {at fork }) #ForkAction ({ } #ForkSide) #Select(@OnBranchDestination, ({ on } @@Names))) )"},{"id":"LocalRoadActionGo","rule":"{go}"},{"id":"EventTakeRoundaboutToStay","rule":"{Take roundabout} ({ to stay on } @@Names)"},{"id":"DirectionCumulativeLength","rule":"#CumulativeDistance"},{"id":"AzimuthSW","rule":"{southwest}"},{"id":"ToProceed","rule":"{ to proceed} #Select(@OnBranchDestination, ({ on } @@Names))"},{"id":"ManeuverSkipRoundabout","rule":"@RoundaboutHeader @ToProceed"},{"id":"AzimuthW","rule":"{west}"},{"id":"RoundaboutHeader","rule":"#Select(({At roundabout, take the } @@ExitNumberString(#ExitNumber) { exit}), {Take roundabout})"},{"id":"ManeuverSkipRoundaboutRamp","rule":"@RoundaboutHeader #Select(@ToBranchDestination, ({ to } @@Names))"},{"id":"ToBranchDestination","rule":"({ to } #Branch) ({ toward } #Destination)"},{"id":"EventRestrictionViolation","rule":"{Restriction: } #Restriction"},{"id":"ManeuverSkipHighwayRamps","rule":"#FirstUpper( @AtExit #SkipHighwayRampAction #Select(@AndGoOnBranchDestination, ({ and go on } @@Names)) )"},{"id":"AndGoOnBranchDestination","rule":"({ and go on } #Branch) ({ toward } #Destination)"},{"id":"LocalRoadActionBearRight","rule":"{bear right}"},{"id":"ManeuverSkipSignpostRamps","rule":"#FirstUpper( @AtExit #SkipSignpostRampAction #Select(@ToBranchDestination, ({ to } @@Names)) )"},{"id":"TravelTimeShort","rule":"{< 1 min}"},{"id":"UnitMilePlural","rule":"{mi}"},{"id":"EventTimeChanged","rule":"{Entering a new time zone.} ({ Time change: } #TZChange)"},{"id":"FirstActionBearRight","rule":"{bear right} @AtIntersectionNames ({ on } NAME)"},{"id":"PathCurveActionContinue","rule":"{continue}"},{"id":"EventCrossingBorder","rule":"{Entering} ({ } CROSSADMINBORDER)"},{"id":"AzimuthN","rule":"{north}"},{"id":"AzimuthE","rule":"{east}"},{"id":"AzimuthNW","rule":"{northwest}"},{"id":"PathCurveActionBearRight","rule":"{bear right}"},{"id":"LocalRoadActionContinue","rule":"{continue}"},{"id":"LocalRoadActionMakeSharpRight","rule":"{make sharp right}"},{"id":"LocalRoadActionMakeSharpLeft","rule":"{make sharp left}"},{"id":"PathCurveActionBearLeft","rule":"{bear left}"},{"id":"LocalRoadActionTurnLeft","rule":"{turn left}"},{"id":"LocalRoadActionBearLeft","rule":"{bear left}"},{"id":"PathCurveActionTurnRight","rule":"{turn right}"},{"id":"PathCurveActionMakeSharpLeft","rule":"{make sharp left}"},{"id":"FirstActionTurnRight","rule":"{turn right} @AtIntersectionNames ({ on } NAME)"},{"id":"FirstActionMakeSharpLeft","rule":"{make sharp left} @AtIntersectionNames ({ on } NAME)"},{"id":"FirstActionBearLeft","rule":"{bear left} @AtIntersectionNames ({ on } NAME)"},{"id":"FirstActionContinue","rule":"{continue} @AtIntersectionNames ({ on } NAME)"},{"id":"SecondActionBearRight","rule":"{immediately bear right} ({ on } NAME)"},{"id":"DirectionAfterBreak","rule":"(#DepartTime { }) {Stay} { on } @@Names"},{"id":"SecondActionTurnRight","rule":"{immediately turn right} ({ on } NAME)"},{"id":"SecondActionMakeSharpRight","rule":"{immediately make sharp right} ({ on } NAME)"},{"id":"SkipHighwayRampActionAtForkRight","rule":"{take ramp on the right}"},{"id":"SecondActionMakeSharpLeft","rule":"{immediately make sharp left} ({ on } NAME)"},{"id":"EndOfFerryActionTurnLeft","rule":"{turn left}"},{"id":"SecondActionTurnLeft","rule":"{immediately turn left} ({ on } NAME)"},{"id":"SecondActionBearLeft","rule":"{immediately bear left} ({ on } NAME)"},{"id":"SecondActionContinue","rule":"{immediately continue} ({ on } NAME)"},{"id":"HighwayActionBearRight","rule":"{bear right}"},{"id":"DistanceLong","rule":"#Distance(1) ({ } #DistanceUnits)"},{"id":"SkipHighwayRampActionAtFork","rule":"#Select(#SkipHighwayRampActionAtFork, {take ramp})"},{"id":"UnitNauticalNeutral","rule":"{nmi}"},{"id":"SkipHighwayRampActionBearRight","rule":"{bear right onto ramp}"},{"id":"SkipHighwayRampActionTurnRight","rule":"{turn right onto ramp}"},{"id":"SkipHighwayRampActionMakeSharpRight","rule":"{make sharp right onto ramp}"},{"id":"SkipHighwayRampActionMakeSharpLeft","rule":"{make sharp left onto ramp}"},{"id":"SkipHighwayRampActionTurnLeft","rule":"{turn left onto ramp}"},{"id":"SkipHighwayRampActionBearLeft","rule":"{bear left onto ramp}"},{"id":"SkipHighwayRampActionTakeRamp","rule":"{take ramp}"},{"id":"SkipHighwayRampActionAtForkLeft","rule":"{take ramp on the left}"},{"id":"SkipSignpostRampActionAtFork","rule":"#Select(#SkipSignpostRampActionAtFork, {take ramp})"},{"id":"SkipSignpostRampActionBearRight","rule":"{bear right onto ramp}"},{"id":"SkipSignpostRampActionTurnRight","rule":"{turn right onto ramp}"},{"id":"UnitYardNeutral","rule":"{yd}"},{"id":"SkipSignpostRampActionMakeSharpRight","rule":"{make sharp right onto ramp}"},{"id":"UTurnRampActionTakeRamp","rule":"{take ramp}"},{"id":"SkipSignpostRampActionMakeSharpLeft","rule":"{make sharp left onto ramp}"},{"id":"SkipSignpostRampActionTurnLeft","rule":"{turn left onto ramp}"},{"id":"SkipSignpostRampActionBearLeft","rule":"{bear left onto ramp}"},{"id":"SkipSignpostRampActionTakeRamp","rule":"{take ramp}"},{"id":"SkipSignpostRampActionAtForkLeft","rule":"{take ramp on the left}"},{"id":"SkipSignpostRampActionAtForkRight","rule":"{take ramp on the right}"},{"id":"UTurnRampActionFork","rule":"#Select(#UTurnRampActionAtFork, {take ramp})"},{"id":"UTurnRampActionBearRight","rule":"{bear right onto ramp}"},{"id":"UTurnRampActionTurnRight","rule":"{turn right onto ramp}"},{"id":"UTurnRampActionMakeSharpRight","rule":"{make sharp right onto ramp}"},{"id":"UTurnRampActionMakeSharpLeft","rule":"{make sharp left onto ramp}"},{"id":"UTurnRampActionBearLeft","rule":"{bear left onto ramp}"},{"id":"UTurnRampActionAtForkLeft","rule":"{take ramp on the left}"},{"id":"UTurnRampActionAtForkRight","rule":"{take ramp on the right}"},{"id":"HighwayActionGo","rule":"{go}"},{"id":"HighwayActionTurnRight","rule":"{turn right}"},{"id":"HighwayActionMakeSharpRight","rule":"{make sharp right}"},{"id":"ForkActionLeft","rule":"{keep}"},{"id":"HighwayActionMakeSharpLeft","rule":"{make sharp left}"},{"id":"HighwayActionTurnLeft","rule":"{turn left}"},{"id":"HighwayActionBearLeft","rule":"{bear left}"},{"id":"CrossNames","rule":"#String(0) ({ / } #String(1))"},{"id":"EndOfFerryActionGo","rule":"{go}"},{"id":"EndOfFerryActionBearRight","rule":"{bear right}"},{"id":"EndOfFerryActionTurnRight","rule":"{turn right}"},{"id":"EndOfFerryActionMakeSharpRight","rule":"{make sharp right}"},{"id":"EndOfFerryActionMakeSharpLeft","rule":"{make sharp left}"},{"id":"EndOfFerryActionBearLeft","rule":"{bear left}"},{"id":"StopArriveActionContinue","rule":"{continue}"},{"id":"StopArriveActionGo","rule":"{go}"},{"id":"StopArriveActionBack","rule":"{go back}"},{"id":"ForkActionRight","rule":"{keep}"},{"id":"ForkActionStraight","rule":"{go}"},{"id":"UnitSecondNeutral","rule":"{sec}"},{"id":"ForkSideLeft","rule":"{left}"},{"id":"ForkSideRight","rule":"{right}"},{"id":"DistanceShort","rule":"{< } #MinDistance(1) ({ } #DistanceUnits)"},{"id":"CumulativeDistanceLong","rule":"#Select(#Distance(1), {0}) ({ } #DistanceUnits)"},{"id":"TimeShort","rule":"{< 1 min}"},{"id":"TimeLong","rule":"(#TotalHours(0) { hr }) (#RoundedMinutesOfHour(0) { min})"},{"id":"TravelTimeLong","rule":"(#Days(0) { d }) (#HoursOfDay(0) { hr }) (#RoundedMinutesOfHour(0) { min})"},{"id":"StopTimeShort","rule":"{< 1 min}"},{"id":"StopTimeLong","rule":"(#TotalHours(0) { hr }) (#RoundedMinutesOfHour(0) { min})"},{"id":"SignpostDestination","rule":"#String(0) ({ / } #String(1)) ({ / } #String(2)) ({ / } #String(3)) ({ / } #String(4))"},{"id":"StopSideLeft","rule":"{, on the left}"},{"id":"StopSideRight","rule":"{, on the right}"},{"id":"UnitMileSingular","rule":"{mi}"},{"id":"UnitMileNeutral","rule":"{mi}"},{"id":"UnitKilometerSingular","rule":"{km}"},{"id":"UnitKilometerPlural","rule":"{km}"},{"id":"UnitKilometerNeutral","rule":"{km}"},{"id":"UnitMeterSingular","rule":"{m}"},{"id":"UnitMeterPlural","rule":"{m}"},{"id":"UnitMeterNeutral","rule":"{m}"},{"id":"UnitFootSingular","rule":"{ft}"},{"id":"UnitFootNeutral","rule":"{ft}"},{"id":"UnitYardSingular","rule":"{yd}"},{"id":"DirectionTime","rule":"#ItemTime"},{"id":"UnitYardPlural","rule":"{yd}"},{"id":"UnitNauticalSingular","rule":"{nmi}"},{"id":"UnitSecondSingular","rule":"{sec}"},{"id":"UnitSecondPlural","rule":"{sec}"},{"id":"StopSummary","rule":"{Distance: } #StopLength"},{"id":"StopTimeWindow","rule":"{Time Window: } #StopTimeWindowStart { - } #StopTimeWindowEnd"},{"id":"StopStayTime","rule":"{Service Time: } #StopStayTime"},{"id":"StopFullTime","rule":"#StopFullTime"},{"id":"StopWaitTime","rule":"{Wait Time: } #StopWaitTime"},{"id":"StopViolationTime","rule":"{Time Violation: } #StopViolationTime"},{"id":"StopLength","rule":"#StopLength"},{"id":"DirectionDrive","rule":"{Drive} ({ } #ItemLength) ({ ~ } #ItemTime)"},{"id":"DirectionLength","rule":"#ItemLength"},{"id":"DirectionETA","rule":"#ArriveTime"},{"id":"DirectionBranch","rule":"#Branch"},{"id":"DirectionToward","rule":"#Destination"},{"id":"DirectionCrossStreet","rule":"#CrossNames"},{"id":"DirectionExitName","rule":"#SignpostExit"},{"id":"DirectionRestBreak","rule":"#ArriveTime ({-} #DepartTime) { Rest break}"},{"id":"DirectionStreet","rule":"NAME"},{"id":"DirectionAltNames","rule":"ALT_NAME ({ / } ALT_NAME2)"},{"id":"DirectionDayEnd","rule":"(#ArriveTime { }) {End of day}"}],"lookupMapping":[{"id":"ExitNumberString","value":[{"key":"1","value":"{first}"},{"key":"2","value":"{second}"},{"key":"3","value":"{third}"},{"key":"4","value":"{fourth}"},{"key":"5","value":"{fifth}"},{"key":"6","value":"{sixth}"},{"key":"7","value":"{seventh}"},{"key":"8","value":"{eighth}"},{"key":"9","value":"{ninth}"},{"key":"10","value":"{tenth}"}]}]}}}]}}