{"directions":{"settings":[{"style":{"id":"NA Desktop","language":{"id":"he","description":"עברית","strings":[{"id":"AzimuthSE","rule":"{דרום מזרחה}"},{"id":"ManeuverStopOnRoundabout","rule":"{סע בככר}"},{"id":"ManeuverHeader","rule":"{נקודת} ({ מוצא } #StopName)"},{"id":"ManeuverAnyRoad","rule":"#FirstUpper(({סע } ({ } #Azimuth) ({ על } @@Names) ({ לכיוון } #CrossNames)))"},{"id":"ForkSideStraight","rule":"{ישר}"},{"id":"ManeuverFooter","rule":"{סיום} @StopArrival ({ ב} #StopName) (#StopSide)"},{"id":"StopArrival","rule":"{ } #StopArrival({מוקדם},{מאוחר})"},{"id":"ManeuverDepart","rule":"{יציאה} ({ מ} #StopName)"},{"id":"ManeuverFerryBypass","rule":"{השאר על מעבורת למשך } ({ ~ } #ItemTime) ({ } #ItemLength)"},{"id":"Names","rule":"NAME ({ (} ALT_NAME {)})"},{"id":"AzimuthNE","rule":"{צפון מזרחה}"},{"id":"ManeuverFerry","rule":"{ עלה על מעבורת } ({ } @@Names) {}"},{"id":"ManeuverUTurn","rule":"{פנה פניית פרסה} @AtIntersectionOrCrossNames { וחזור} ({ לכיוון } @@Names)"},{"id":"ManeuverArrive","rule":"{הגעה} @StopArrival ({ אל } #StopName) (#StopSide)"},{"id":"ManeuverStopArrive","rule":"#FirstUpper((#StopArriveAction ({ } #Azimuth) ({ על } @@Names)))"},{"id":"PathCurveActionTurnLeft","rule":"{פנה שמאלה}"},{"id":"TimeZoneChange","rule":"#Sign (#TotalHours(0) { שעות }) (#RoundedMinutesOfHour(0) { דקות})"},{"id":"ManeuverOntoHighway","rule":"#FirstUpper( @AtExit #HighwayAction @AtIntersectionNames #Select(@OnBranchDestination, ({ לכיוון } @@Names)) )"},{"id":"AtExit","rule":"{ביציאה } #SignpostExit { }"},{"id":"AtIntersectionNames","rule":"{ ב} #Intersection(NAME) ({ (} #Intersection(ALT_NAME) {)})"},{"id":"OnBranchDestination","rule":"({ על } #Branch) ({ לכיוון } #Destination)"},{"id":"FirstActionMakeSharpRight","rule":"{פנה פנייה חדה ימינה} @AtIntersectionNames ({ לכיוון } NAME)"},{"id":"ManeuverPathCurves","rule":"#FirstUpper( (@AtExit #PathCurveAction @AtIntersectionOrCrossNames ({ השאר על } @@Names) ({ לעבר} #Destination)) )"},{"id":"UTurnRampActionTurnLeft","rule":"{פנה שמאלה ליציאה}"},{"id":"AtIntersectionOrCrossNames","rule":"#Select(@AtIntersectionNames, ({ ב} #CrossNames))"},{"id":"ManeuverTurnOntoLocalRoad","rule":"#FirstUpper( (@AtExit #LocalRoadAction @AtIntersectionNames ({ על } @@Names) ({ לעבר } #Destination)) )"},{"id":"ManeuverDoubleTurn","rule":"#FirstUpper( (#FirstTurn(#FirstActionBearing) { וגם } #SecondTurn(#SecondActionBearing)) )"},{"id":"UnitFootPlural","rule":"{ft}"},{"id":"LocalRoadActionTurnRight","rule":"{פנה ימינה}"},{"id":"ManeuverUTurnViaRamp","rule":"#FirstUpper( (#UTurnRampAction { פנה פניית פרסה וחזור} ({ לכיוון } @@Names)) )"},{"id":"ManeuverUTurnViaRoundabout","rule":"@RoundaboutHeaderGoBack ({ לכיוון } @@Names)"},{"id":"FirstActionTurnLeft","rule":"{פנה שמאלה} @AtIntersectionNames ({ לכיוון } NAME)"},{"id":"RoundaboutHeaderGoBack","rule":"#Select(({בכיכר, צא ביציאה ה} @@ExitNumberString(#ExitNumber) { }), {וחזור חזרה})"},{"id":"AzimuthS","rule":"{דרומה}"},{"id":"ManeuverEndOfFerry","rule":"#FirstUpper( @AtExit #EndOfFerryAction #Select(@OnBranchDestination,  ({ לכיוון } @@Names)) )"},{"id":"UnitNauticalPlural","rule":"{nmi}"},{"id":"PathCurveActionMakeSharpRight","rule":"{פנה פנייה חדה ימינה}"},{"id":"ManeuverFork","rule":"#FirstUpper((#Select(@AtExit, {במזלג }) #ForkAction ({ } #ForkSide) #Select(@OnBranchDestination, ({ לכיוון } @@Names))) )"},{"id":"LocalRoadActionGo","rule":"{סע}"},{"id":"EventTakeRoundaboutToStay","rule":"{בכיכר} ({ השאר על } @@Names)"},{"id":"DirectionCumulativeLength","rule":"#CumulativeDistance"},{"id":"AzimuthSW","rule":"{דרום מערבה}"},{"id":"ToProceed","rule":"{ המשך} #Select(@OnBranchDestination, ({ על } @@Names))"},{"id":"ManeuverSkipRoundabout","rule":"@RoundaboutHeader @ToProceed"},{"id":"AzimuthW","rule":"{מערבה}"},{"id":"RoundaboutHeader","rule":"#Select(({בכיכר, צא ביציאה ה} @@ExitNumberString(#ExitNumber) { }), {סע בכיכר ו})"},{"id":"ManeuverSkipRoundaboutRamp","rule":"@RoundaboutHeader #Select(@ToBranchDestination, ({ אל } @@Names))"},{"id":"ToBranchDestination","rule":"({ אל } #Branch) ({ לעבר } #Destination)"},{"id":"EventRestrictionViolation","rule":"{הגבלה: } #Restriction"},{"id":"ManeuverSkipHighwayRamps","rule":"#FirstUpper( @AtExit #SkipHighwayRampAction #Select(@AndGoOnBranchDestination, ({ והמשך } @@Names)) )"},{"id":"AndGoOnBranchDestination","rule":"({ והמשך } #Branch) ({ לעבר } #Destination)"},{"id":"LocalRoadActionBearRight","rule":"{הצמד ימינה}"},{"id":"ManeuverSkipSignpostRamps","rule":"#FirstUpper( @AtExit #SkipSignpostRampAction #Select(@ToBranchDestination, ({ אל } @@Names)) )"},{"id":"TravelTimeShort","rule":"{< דקה}"},{"id":"UnitMilePlural","rule":"{מייל}"},{"id":"EventTimeChanged","rule":"{כניסה לאזור זמן חדש.} ({ שינוי הזמן: } #TZChange)"},{"id":"FirstActionBearRight","rule":"{הצמד לימין} @AtIntersectionNames ({ לכיוון } NAME)"},{"id":"PathCurveActionContinue","rule":"{המשך}"},{"id":"EventCrossingBorder","rule":"{הכנס} ({ } CROSSADMINBORDER)"},{"id":"AzimuthN","rule":"{צפונה}"},{"id":"AzimuthE","rule":"{מזרחה}"},{"id":"AzimuthNW","rule":"{צפון מערבה}"},{"id":"PathCurveActionBearRight","rule":"{הצמד ימינה}"},{"id":"LocalRoadActionContinue","rule":"{המשך}"},{"id":"LocalRoadActionMakeSharpRight","rule":"{פנה פניה חדה ימינה}"},{"id":"LocalRoadActionMakeSharpLeft","rule":"{פנה פנייה חדה שמאלה}"},{"id":"PathCurveActionBearLeft","rule":"{הצמד שמאלה}"},{"id":"LocalRoadActionTurnLeft","rule":"{פניה שמאלה}"},{"id":"LocalRoadActionBearLeft","rule":"{הצמד שמאלה}"},{"id":"PathCurveActionTurnRight","rule":"{פנה ימינה}"},{"id":"PathCurveActionMakeSharpLeft","rule":"{פנה פנייה חדה שמאלה}"},{"id":"FirstActionTurnRight","rule":"{פנה ימינה} @AtIntersectionNames ({ לכיוון } NAME)"},{"id":"FirstActionMakeSharpLeft","rule":"{פנה פנייה חדה שמאלה} @AtIntersectionNames ({ לכיוון } NAME)"},{"id":"FirstActionBearLeft","rule":"{הצמד לשמאל} @AtIntersectionNames ({ לכיוון } NAME)"},{"id":"FirstActionContinue","rule":"{continue} @AtIntersectionNames ({ לכיוון } NAME)"},{"id":"SecondActionBearRight","rule":"{הצמד מיידית לימין} ({ לכיוון } NAME)"},{"id":"DirectionAfterBreak","rule":"(#DepartTime { }) {השאר} { ב} @@Names"},{"id":"SecondActionTurnRight","rule":"{פנה מיידית ימינה} ({ לכיוון } NAME)"},{"id":"SecondActionMakeSharpRight","rule":"{פניה חדה ימינה} ({ לכיוון } NAME)"},{"id":"SkipHighwayRampActionAtForkRight","rule":"{צא ביציאה הימנית}"},{"id":"SecondActionMakeSharpLeft","rule":"{פניה חדה שמאלה} ({ לכיוון } NAME)"},{"id":"EndOfFerryActionTurnLeft","rule":"{פנה שמאלה}"},{"id":"SecondActionTurnLeft","rule":"{פנה עכשיו שמאלה} ({ לכיוון } NAME)"},{"id":"SecondActionBearLeft","rule":"{היצמד מיידית לשמאל} ({ לכיוון } NAME)"},{"id":"SecondActionContinue","rule":"{מיד המשך} ({ לכיוון } NAME)"},{"id":"HighwayActionBearRight","rule":"{הצמד ימינה}"},{"id":"DistanceLong","rule":"#Distance(1) ({ } #DistanceUnits)"},{"id":"SkipHighwayRampActionAtFork","rule":"#Select(#SkipHighwayRampActionAtFork, {צא ביציאה})"},{"id":"UnitNauticalNeutral","rule":"{nmi}"},{"id":"SkipHighwayRampActionBearRight","rule":"{הצמד לימין לעבר היציאה}"},{"id":"SkipHighwayRampActionTurnRight","rule":"{פנה ימינה ליציאה}"},{"id":"SkipHighwayRampActionMakeSharpRight","rule":"{פניה חדה ימינה ליציאה}"},{"id":"SkipHighwayRampActionMakeSharpLeft","rule":"{פניה חדה שמאלה ליציאה}"},{"id":"SkipHighwayRampActionTurnLeft","rule":"{פנה שמאלה ליציאה}"},{"id":"SkipHighwayRampActionBearLeft","rule":"{הצמד לשמאל לעבר היציאה}"},{"id":"SkipHighwayRampActionTakeRamp","rule":"{צא ביציאה}"},{"id":"SkipHighwayRampActionAtForkLeft","rule":"{צא ביציאה השמאלית}"},{"id":"SkipSignpostRampActionAtFork","rule":"#Select(#SkipSignpostRampActionAtFork, {צא ביציאה})"},{"id":"SkipSignpostRampActionBearRight","rule":"{הצמד לימין לעבר היציאה}"},{"id":"SkipSignpostRampActionTurnRight","rule":"{פנה ימינה ליציאה}"},{"id":"UnitYardNeutral","rule":"{yd}"},{"id":"SkipSignpostRampActionMakeSharpRight","rule":"{פניה חדה ימינה ליציאה}"},{"id":"UTurnRampActionTakeRamp","rule":"{צא ביציאה}"},{"id":"SkipSignpostRampActionMakeSharpLeft","rule":"{פניה חדה שמאלה ליציאה}"},{"id":"SkipSignpostRampActionTurnLeft","rule":"{פנה שמאלה ליציאה}"},{"id":"SkipSignpostRampActionBearLeft","rule":"{הצמד לשמאל לעבר היציאה}"},{"id":"SkipSignpostRampActionTakeRamp","rule":"{צא ביציאה}"},{"id":"SkipSignpostRampActionAtForkLeft","rule":"{צא ביציאה השמאלית}"},{"id":"SkipSignpostRampActionAtForkRight","rule":"{צא ביציאה הימנית}"},{"id":"UTurnRampActionFork","rule":"#Select(#UTurnRampActionAtFork, {צא ביציאה})"},{"id":"UTurnRampActionBearRight","rule":"{הצמד ימינה ליציאה}"},{"id":"UTurnRampActionTurnRight","rule":"{פנה ימינה ליציאה}"},{"id":"UTurnRampActionMakeSharpRight","rule":"{פניה חדה ימינה ליציאה}"},{"id":"UTurnRampActionMakeSharpLeft","rule":"{פניה חדה שמאלה ליציאה}"},{"id":"UTurnRampActionBearLeft","rule":"{הצמד שמאלה ליציאה}"},{"id":"UTurnRampActionAtForkLeft","rule":"{צא ביציאה השמאלית}"},{"id":"UTurnRampActionAtForkRight","rule":"{צא ביציאה הימנית}"},{"id":"HighwayActionGo","rule":"{סע}"},{"id":"HighwayActionTurnRight","rule":"{פנה ימינה}"},{"id":"HighwayActionMakeSharpRight","rule":"{פנה פנייה חדה ימינה}"},{"id":"ForkActionLeft","rule":"{המשך}"},{"id":"HighwayActionMakeSharpLeft","rule":"{פנה פנייה חדה שמאלה}"},{"id":"HighwayActionTurnLeft","rule":"{פנה שמאלה}"},{"id":"HighwayActionBearLeft","rule":"{הצמד שמאלה}"},{"id":"CrossNames","rule":"#String(0) ({ / } #String(1))"},{"id":"EndOfFerryActionGo","rule":"{סע}"},{"id":"EndOfFerryActionBearRight","rule":"{הצמד ימינה}"},{"id":"EndOfFerryActionTurnRight","rule":"{פנה ימינה}"},{"id":"EndOfFerryActionMakeSharpRight","rule":"{פנה פנייה חדה ימינה}"},{"id":"EndOfFerryActionMakeSharpLeft","rule":"{פנה פנייה חדה שמאלה}"},{"id":"EndOfFerryActionBearLeft","rule":"{הצמד שמאלה}"},{"id":"StopArriveActionContinue","rule":"{המשך}"},{"id":"StopArriveActionGo","rule":"{סע}"},{"id":"StopArriveActionBack","rule":"{סע אחורה}"},{"id":"ForkActionRight","rule":"{המשך}"},{"id":"ForkActionStraight","rule":"{המשך}"},{"id":"UnitSecondNeutral","rule":"{שנ}"},{"id":"ForkSideLeft","rule":"{שמאלה}"},{"id":"ForkSideRight","rule":"{ימינה}"},{"id":"DistanceShort","rule":"{< } #MinDistance(1) ({ } #DistanceUnits)"},{"id":"CumulativeDistanceLong","rule":"#Select(#Distance(1), {0}) ({ } #DistanceUnits)"},{"id":"TimeShort","rule":"{< דקה}"},{"id":"TimeLong","rule":"(#TotalHours(0) { שעות }) (#RoundedMinutesOfHour(0) { דקות})"},{"id":"TravelTimeLong","rule":"(#Days(0) { d }) (#HoursOfDay(0) { hr }) (#RoundedMinutesOfHour(0) { min})"},{"id":"StopTimeShort","rule":"{< דקה}"},{"id":"StopTimeLong","rule":"(#TotalHours(0) { שעות }) (#RoundedMinutesOfHour(0) { דקות})"},{"id":"SignpostDestination","rule":"#String(0) ({ / } #String(1)) ({ / } #String(2)) ({ / } #String(3)) ({ / } #String(4))"},{"id":"StopSideLeft","rule":"{שמאל}"},{"id":"StopSideRight","rule":"{ימין}"},{"id":"UnitMileSingular","rule":"{מייל}"},{"id":"UnitMileNeutral","rule":"{מייל}"},{"id":"UnitKilometerSingular","rule":"{ק\"מ}"},{"id":"UnitKilometerPlural","rule":"{ק\"מ}"},{"id":"UnitKilometerNeutral","rule":"{ק\"מ}"},{"id":"UnitMeterSingular","rule":"{מ'}"},{"id":"UnitMeterPlural","rule":"{מ'}"},{"id":"UnitMeterNeutral","rule":"{מ'}"},{"id":"UnitFootSingular","rule":"{ft}"},{"id":"UnitFootNeutral","rule":"{ft}"},{"id":"UnitYardSingular","rule":"{yd}"},{"id":"DirectionTime","rule":"#ItemTime"},{"id":"UnitYardPlural","rule":"{yd}"},{"id":"UnitNauticalSingular","rule":"{nmi}"},{"id":"UnitSecondSingular","rule":"{שנ}"},{"id":"UnitSecondPlural","rule":"{שנ}"},{"id":"StopSummary","rule":"{מרחק: } #StopLength"},{"id":"StopTimeWindow","rule":"{חלון זמן: } #StopTimeWindowStart { - } #StopTimeWindowEnd"},{"id":"StopStayTime","rule":"{זמן שירות: } #StopStayTime"},{"id":"StopFullTime","rule":"#StopFullTime"},{"id":"StopWaitTime","rule":"{זמן המתנה: } #StopWaitTime"},{"id":"StopViolationTime","rule":"{הפרת זמן: } #StopViolationTime"},{"id":"StopLength","rule":"#StopLength"},{"id":"DirectionDrive","rule":"{סע} ({ } #ItemLength) ({ ~ } #ItemTime)"},{"id":"DirectionLength","rule":"#ItemLength"},{"id":"DirectionETA","rule":"#ArriveTime"},{"id":"DirectionBranch","rule":"#Branch"},{"id":"DirectionToward","rule":"#Destination"},{"id":"DirectionCrossStreet","rule":"#CrossNames"},{"id":"DirectionExitName","rule":"#SignpostExit"},{"id":"DirectionRestBreak","rule":"#ArriveTime ({-} #DepartTime) { הפסקת מנוחה}"},{"id":"DirectionStreet","rule":"NAME"},{"id":"DirectionAltNames","rule":"ALT_NAME ({ / } ALT_NAME2)"},{"id":"DirectionDayEnd","rule":"(#ArriveTime { }) {סוף יום}"}],"lookupMapping":[{"id":"ExitNumberString","value":[{"key":"1","value":"{ראשונה}"},{"key":"2","value":"{שניה}"},{"key":"3","value":"{שלישית}"},{"key":"4","value":"{רביעית}"},{"key":"5","value":"{חמישית}"},{"key":"6","value":"{שישית}"},{"key":"7","value":"{שביעית}"},{"key":"8","value":"{שמינית}"},{"key":"9","value":"{תשיעית}"},{"key":"10","value":"{עשירית}"}]}]}}}]}}