{"directions":{"settings":[{"style":{"id":"NA Desktop","language":{"id":"ja","description":"日本語","strings":[{"id":"AzimuthSE","rule":"{南東}"},{"id":"ManeuverStopOnRoundabout","rule":"{ロータリーに進入}"},{"id":"ManeuverHeader","rule":"(#StopName { を}) {出発}"},{"id":"ManeuverAnyRoad","rule":"#FirstUpper(((@@Names { を}) (#CrossNames { へ向かって}) (#Azimuth {に}) {進む}))"},{"id":"ForkSideStraight","rule":"{真っすぐ}"},{"id":"ManeuverFooter","rule":"(#StopName { に}) @StopArrival {到着} (#StopSide)"},{"id":"StopArrival","rule":"{ } #StopArrival({早めに},{遅れて})"},{"id":"ManeuverDepart","rule":"(#StopName { を}) {出発}"},{"id":"ManeuverFerryBypass","rule":"{フェリー乗船時間} ({ } #ItemTime) ({ ～ } #ItemLength)"},{"id":"Names","rule":"NAME  ({ (} ALT_NAME {) })"},{"id":"AzimuthNE","rule":"{北東}"},{"id":"ManeuverFerry","rule":"({ } @@Names) { に乗る}"},{"id":"ManeuverUTurn","rule":"@AtIntersectionOrCrossNames { U ターンして} (@@Names { を}) {戻る}"},{"id":"ManeuverArrive","rule":"(#StopName { に}) @StopArrival {到着} (#StopSide)"},{"id":"ManeuverStopArrive","rule":"#FirstUpper(((@@Names { を}) (#Azimuth {に}) #StopArriveAction))"},{"id":"PathCurveActionTurnLeft","rule":"{左折}"},{"id":"TimeZoneChange","rule":"#Sign (#TotalHours(0) { 時間 }) (#RoundedMinutesOfHour(0) { 分})"},{"id":"ManeuverOntoHighway","rule":"#FirstUpper(( @AtExit @AtIntersectionNames #Select(@OnBranchDestination, (@@Names { を})) #HighwayAction))"},{"id":"AtExit","rule":"{ } #SignpostExit { 出口で}"},{"id":"AtIntersectionNames","rule":"#Intersection(NAME) ({ (} #Intersection(ALT_NAME) {) }) { で}"},{"id":"OnBranchDestination","rule":"(#Branch { を}) (#Destination { 方面に})"},{"id":"FirstActionMakeSharpRight","rule":"@AtIntersectionNames (NAME { を}) {右折}"},{"id":"ManeuverPathCurves","rule":"#FirstUpper(( @AtExit @AtIntersectionOrCrossNames (#Destination { 方面に}) #PathCurveAction ({、そして} @@Names { をそのまま進む})))"},{"id":"UTurnRampActionTurnLeft","rule":"{左折して、ランプに}"},{"id":"AtIntersectionOrCrossNames","rule":"#Select(@AtIntersectionNames, (#CrossNames { で}))"},{"id":"ManeuverTurnOntoLocalRoad","rule":"#FirstUpper(( @AtExit @AtIntersectionNames (@@Names { を}) (#Destination { 方面に}) #LocalRoadAction))"},{"id":"ManeuverDoubleTurn","rule":"#FirstUpper((#FirstTurn(#FirstActionBearing) { 、そして} #SecondTurn(#SecondActionBearing)))"},{"id":"UnitFootPlural","rule":"{フィート}"},{"id":"LocalRoadActionTurnRight","rule":"{右折}"},{"id":"ManeuverUTurnViaRamp","rule":"#FirstUpper((#UTurnRampAction {入り、U ターンして} (@@Names { を}) {戻る}))"},{"id":"ManeuverUTurnViaRoundabout","rule":"@RoundaboutHeaderGoBack ( (@@Names { を}) {戻る})"},{"id":"FirstActionTurnLeft","rule":"@AtIntersectionNames (NAME { を}) {左折}"},{"id":"RoundaboutHeaderGoBack","rule":"#Select(({ロータリーから } @@ExitNumberString(#ExitNumber) { 出口に入り、}), {ロータリーに入り})"},{"id":"AzimuthS","rule":"{南}"},{"id":"ManeuverEndOfFerry","rule":"#FirstUpper(( @AtExit #Select(@OnBranchDestination, (@@Names { を})) #EndOfFerryAction))"},{"id":"UnitNauticalPlural","rule":"{海里}"},{"id":"PathCurveActionMakeSharpRight","rule":"{右折}"},{"id":"ManeuverFork","rule":"#FirstUpper((#Select(@AtExit, {分岐点で}) { } #Select(@OnBranchDestination, (@@Names { を})) ({ } #ForkSide) #ForkAction))"},{"id":"LocalRoadActionGo","rule":"{進む}"},{"id":"EventTakeRoundaboutToStay","rule":"{ロータリーに進入} ({、そして} @@Names { をそのまま進む})"},{"id":"DirectionCumulativeLength","rule":"#CumulativeDistance"},{"id":"AzimuthSW","rule":"{南西}"},{"id":"ToProceed","rule":"#Select(@OnBranchDestination, (@@Names { を})) {進む}"},{"id":"ManeuverSkipRoundabout","rule":"@RoundaboutHeader @ToProceed"},{"id":"AzimuthW","rule":"{西}"},{"id":"RoundaboutHeader","rule":"#Select(({ロータリーから } @@ExitNumberString(#ExitNumber) { 出口に入り、}), {ロータリーから})"},{"id":"ManeuverSkipRoundaboutRamp","rule":"@RoundaboutHeader (#Select(@ToBranchDestination, (@@Names { に向かって}))) {進む}"},{"id":"ToBranchDestination","rule":"(#Branch { に向かって}) (#Destination { 方面に})"},{"id":"EventRestrictionViolation","rule":"{規制: } #Restriction"},{"id":"ManeuverSkipHighwayRamps","rule":"#FirstUpper(( @AtExit #SkipHighwayRampAction {入り} #Select(@AndGoOnBranchDestination, (@@Names {を進む})) ))"},{"id":"AndGoOnBranchDestination","rule":"(#Destination { 方面に}) (#Branch { を進む})"},{"id":"LocalRoadActionBearRight","rule":"{右方向に進む}"},{"id":"ManeuverSkipSignpostRamps","rule":"#FirstUpper(( @AtExit #Select(@ToBranchDestination, (@@Names { に向かって}))  #SkipSignpostRampAction {入る}))"},{"id":"TravelTimeShort","rule":"{< 1 分}"},{"id":"UnitMilePlural","rule":"{マイル}"},{"id":"EventTimeChanged","rule":"{新しいタイム ゾーンに入る。} ({ 時間の変更: } #TZChange)"},{"id":"FirstActionBearRight","rule":"@AtIntersectionNames (NAME { を}) {右方向に進む}"},{"id":"PathCurveActionContinue","rule":"{そのまま進む}"},{"id":"EventCrossingBorder","rule":"(CROSSADMINBORDER { に} ) {入る}"},{"id":"AzimuthN","rule":"{北}"},{"id":"AzimuthE","rule":"{東}"},{"id":"AzimuthNW","rule":"{北西}"},{"id":"PathCurveActionBearRight","rule":"{右方向に進む}"},{"id":"LocalRoadActionContinue","rule":"{そのまま進む}"},{"id":"LocalRoadActionMakeSharpRight","rule":"{右折}"},{"id":"LocalRoadActionMakeSharpLeft","rule":"{左折}"},{"id":"PathCurveActionBearLeft","rule":"{左方向に進む}"},{"id":"LocalRoadActionTurnLeft","rule":"{左折}"},{"id":"LocalRoadActionBearLeft","rule":"{左方向に進む}"},{"id":"PathCurveActionTurnRight","rule":"{右折}"},{"id":"PathCurveActionMakeSharpLeft","rule":"{左折}"},{"id":"FirstActionTurnRight","rule":"@AtIntersectionNames (NAME { を}) {右折}"},{"id":"FirstActionMakeSharpLeft","rule":"@AtIntersectionNames (NAME { を}) {左折}"},{"id":"FirstActionBearLeft","rule":"@AtIntersectionNames (NAME { を}) {左方向に進む}"},{"id":"FirstActionContinue","rule":"@AtIntersectionNames (NAME { を}) {そのまま進む}"},{"id":"SecondActionBearRight","rule":"{すぐに} (NAME { を}) {右方向に進む}"},{"id":"DirectionAfterBreak","rule":"(#DepartTime { に}) NAME ({  (} ALT_NAME {) }) { に} {とどまる}"},{"id":"SecondActionTurnRight","rule":"{すぐに} (NAME { を}) {右折}"},{"id":"SecondActionMakeSharpRight","rule":"{すぐに} (NAME { を}) {右折}"},{"id":"SkipHighwayRampActionAtForkRight","rule":"{右側のランプに}"},{"id":"SecondActionMakeSharpLeft","rule":"{すぐに} (NAME { を}) {左折}"},{"id":"EndOfFerryActionTurnLeft","rule":"{左折}"},{"id":"SecondActionTurnLeft","rule":"{すぐに} (NAME { を}) {左折}"},{"id":"SecondActionBearLeft","rule":"{すぐに} (NAME { を}) {左方向に進む}"},{"id":"SecondActionContinue","rule":"{すぐに} (NAME { を}) {そのまま進む}"},{"id":"HighwayActionBearRight","rule":"{右方向に進む}"},{"id":"DistanceLong","rule":"#Distance(1) ({ } #DistanceUnits)"},{"id":"SkipHighwayRampActionAtFork","rule":"#Select(#SkipHighwayRampActionAtFork, {ランプに})"},{"id":"UnitNauticalNeutral","rule":"{海里}"},{"id":"SkipHighwayRampActionBearRight","rule":"{右方向に進み、ランプに}"},{"id":"SkipHighwayRampActionTurnRight","rule":"{右折して、ランプに}"},{"id":"SkipHighwayRampActionMakeSharpRight","rule":"{右折して、ランプに}"},{"id":"SkipHighwayRampActionMakeSharpLeft","rule":"{左折して、ランプに}"},{"id":"SkipHighwayRampActionTurnLeft","rule":"{左折して、ランプに}"},{"id":"SkipHighwayRampActionBearLeft","rule":"{左方向に進み、ランプに}"},{"id":"SkipHighwayRampActionTakeRamp","rule":"{ランプに}"},{"id":"SkipHighwayRampActionAtForkLeft","rule":"{左側のランプに}"},{"id":"SkipSignpostRampActionAtFork","rule":"#Select(#SkipSignpostRampActionAtFork, {ランプに})"},{"id":"SkipSignpostRampActionBearRight","rule":"{右方向に進み、ランプに}"},{"id":"SkipSignpostRampActionTurnRight","rule":"{右折して、ランプに}"},{"id":"UnitYardNeutral","rule":"{ヤード}"},{"id":"SkipSignpostRampActionMakeSharpRight","rule":"{右折して、ランプに}"},{"id":"UTurnRampActionTakeRamp","rule":"{ランプに}"},{"id":"SkipSignpostRampActionMakeSharpLeft","rule":"{左折して、ランプに}"},{"id":"SkipSignpostRampActionTurnLeft","rule":"{左折して、ランプに}"},{"id":"SkipSignpostRampActionBearLeft","rule":"{左方向に進み、ランプに}"},{"id":"SkipSignpostRampActionTakeRamp","rule":"{ランプに}"},{"id":"SkipSignpostRampActionAtForkLeft","rule":"{左側のランプに}"},{"id":"SkipSignpostRampActionAtForkRight","rule":"{右側のランプに}"},{"id":"UTurnRampActionFork","rule":"#Select(#UTurnRampActionAtFork, {ランプに})"},{"id":"UTurnRampActionBearRight","rule":"{右方向に進み、ランプに}"},{"id":"UTurnRampActionTurnRight","rule":"{右折して、ランプに}"},{"id":"UTurnRampActionMakeSharpRight","rule":"{右折して、ランプに}"},{"id":"UTurnRampActionMakeSharpLeft","rule":"{左折して、ランプに}"},{"id":"UTurnRampActionBearLeft","rule":"{左方向に進み、ランプに}"},{"id":"UTurnRampActionAtForkLeft","rule":"{左側のランプに}"},{"id":"UTurnRampActionAtForkRight","rule":"{右側のランプに}"},{"id":"HighwayActionGo","rule":"{進む}"},{"id":"HighwayActionTurnRight","rule":"{右折}"},{"id":"HighwayActionMakeSharpRight","rule":"{右折}"},{"id":"ForkActionLeft","rule":"{進む}"},{"id":"HighwayActionMakeSharpLeft","rule":"{左折}"},{"id":"HighwayActionTurnLeft","rule":"{左折}"},{"id":"HighwayActionBearLeft","rule":"{左方向に進む}"},{"id":"CrossNames","rule":"#String(0) ({ / } #String(1))"},{"id":"EndOfFerryActionGo","rule":"{進む}"},{"id":"EndOfFerryActionBearRight","rule":"{右方向に進む}"},{"id":"EndOfFerryActionTurnRight","rule":"{右折}"},{"id":"EndOfFerryActionMakeSharpRight","rule":"{右折}"},{"id":"EndOfFerryActionMakeSharpLeft","rule":"{左折}"},{"id":"EndOfFerryActionBearLeft","rule":"{左方向に進む}"},{"id":"StopArriveActionContinue","rule":"{そのまま進む}"},{"id":"StopArriveActionGo","rule":"{進む}"},{"id":"StopArriveActionBack","rule":"{戻る}"},{"id":"ForkActionRight","rule":"{進む}"},{"id":"ForkActionStraight","rule":"{進む}"},{"id":"UnitSecondNeutral","rule":"{秒}"},{"id":"ForkSideLeft","rule":"{左方向に}"},{"id":"ForkSideRight","rule":"{右方向に}"},{"id":"DistanceShort","rule":"{< } #MinDistance(1) ({ } #DistanceUnits)"},{"id":"CumulativeDistanceLong","rule":"#Select(#Distance(1), {0}) ({ } #DistanceUnits)"},{"id":"TimeShort","rule":"{< 1 分}"},{"id":"TimeLong","rule":"(#TotalHours(0) { 時間 }) (#RoundedMinutesOfHour(0) { 分})"},{"id":"TravelTimeLong","rule":"(#Days(0) { 日 }) (#HoursOfDay(0) { 時間 }) (#RoundedMinutesOfHour(0) { 分})"},{"id":"StopTimeShort","rule":"{< 1 分}"},{"id":"StopTimeLong","rule":"(#TotalHours(0) { 時間 }) (#RoundedMinutesOfHour(0) { 分})"},{"id":"SignpostDestination","rule":"#String(0) ({ / } #String(1)) ({ / } #String(2)) ({ / } #String(3)) ({ / } #String(4))"},{"id":"StopSideLeft","rule":"{ (左側) }"},{"id":"StopSideRight","rule":"{ (右側) }"},{"id":"UnitMileSingular","rule":"{マイル}"},{"id":"UnitMileNeutral","rule":"{マイル}"},{"id":"UnitKilometerSingular","rule":"{km}"},{"id":"UnitKilometerPlural","rule":"{km}"},{"id":"UnitKilometerNeutral","rule":"{km}"},{"id":"UnitMeterSingular","rule":"{メートル}"},{"id":"UnitMeterPlural","rule":"{メートル}"},{"id":"UnitMeterNeutral","rule":"{メートル}"},{"id":"UnitFootSingular","rule":"{フィート}"},{"id":"UnitFootNeutral","rule":"{フィート}"},{"id":"UnitYardSingular","rule":"{ヤード}"},{"id":"DirectionTime","rule":"#ItemTime"},{"id":"UnitYardPlural","rule":"{ヤード}"},{"id":"UnitNauticalSingular","rule":"{海里}"},{"id":"UnitSecondSingular","rule":"{秒}"},{"id":"UnitSecondPlural","rule":"{秒}"},{"id":"StopSummary","rule":"{距離: } #StopLength"},{"id":"StopTimeWindow","rule":"{タイム ウィンドウ: } #StopTimeWindowStart { - } #StopTimeWindowEnd"},{"id":"StopStayTime","rule":"{サービス時間: } #StopStayTime"},{"id":"StopFullTime","rule":"#StopFullTime"},{"id":"StopWaitTime","rule":"{待機時間: } #StopWaitTime"},{"id":"StopViolationTime","rule":"{超過時間: } #StopViolationTime"},{"id":"StopLength","rule":"#StopLength"},{"id":"DirectionDrive","rule":"(#ItemLength) ({ ～ } #ItemTime) { 移動}"},{"id":"DirectionLength","rule":"#ItemLength"},{"id":"DirectionETA","rule":"#ArriveTime"},{"id":"DirectionBranch","rule":"#Branch"},{"id":"DirectionToward","rule":"#Destination"},{"id":"DirectionCrossStreet","rule":"#CrossNames"},{"id":"DirectionExitName","rule":"#SignpostExit"},{"id":"DirectionRestBreak","rule":"#ArriveTime ({-} #DepartTime) { 休憩}"},{"id":"DirectionStreet","rule":"NAME"},{"id":"DirectionAltNames","rule":"ALT_NAME ({ / } ALT_NAME2)"},{"id":"DirectionDayEnd","rule":"(#ArriveTime { }) {1日の終了}"}],"lookupMapping":[{"id":"ExitNumberString","value":[{"key":"1","value":"{1 番目の}"},{"key":"2","value":"{2 番目の}"},{"key":"3","value":"{3 番目の}"},{"key":"4","value":"{4 番目の}"},{"key":"5","value":"{5 番目の}"},{"key":"6","value":"{6 番目の}"},{"key":"7","value":"{7 番目の}"},{"key":"8","value":"{8 番目の}"},{"key":"9","value":"{9 番目の}"},{"key":"10","value":"{10 番目の}"}]}]}}}]}}