{"directions":{"settings":[{"style":{"id":"NA Desktop","language":{"id":"ko","description":"한국어","strings":[{"id":"AzimuthSE","rule":"{남동쪽}"},{"id":"ManeuverStopOnRoundabout","rule":"{로터리로 갑니다}"},{"id":"ManeuverHeader","rule":"(#StopName {에서 }) {시작 } "},{"id":"ManeuverAnyRoad","rule":"#FirstUpper((@@Names {에서 } (#Azimuth {으로 }) (#CrossNames {방향으로 }) {이동합니다 }))"},{"id":"ForkSideStraight","rule":"{직진으로 }"},{"id":"ManeuverFooter","rule":"(#StopName #StopSide {에서 }) @StopArrival { 마침 } "},{"id":"StopArrival","rule":"#StopArrival({빨리},{늦게})"},{"id":"ManeuverDepart","rule":"(({ } #StopName {에서 }) {출발 }) "},{"id":"ManeuverFerryBypass","rule":"#ItemTime ({ } #ItemLength) { 동안 여객선을 타야 합니다 } "},{"id":"Names","rule":"NAME ({ (} ALT_NAME {)})"},{"id":"AzimuthNE","rule":"{북동쪽}"},{"id":"ManeuverFerry","rule":"({ } @@Names) {여객선을 탑니다 }"},{"id":"ManeuverUTurn","rule":"@AtIntersectionOrCrossNames {유턴하고 } (@@Names {에서 }) {돌아갑니다 } "},{"id":"ManeuverArrive","rule":"(#StopName #StopSide {에서 }) @StopArrival { 도착 } "},{"id":"ManeuverStopArrive","rule":"#FirstUpper(@@Names {에서 } #Azimuth {으로 } #StopArriveAction )"},{"id":"PathCurveActionTurnLeft","rule":"{좌회전합니다 }"},{"id":"TimeZoneChange","rule":"#Sign (#TotalHours(0) { 시간 }) (#RoundedMinutesOfHour(0) { 분 })"},{"id":"ManeuverOntoHighway","rule":"#FirstUpper((@AtExit #Select(@OnBranchDestination, (@@Names {의 })) @AtIntersectionNames #HighwayAction ))"},{"id":"AtExit","rule":"#SignpostExit { 출구에서 } "},{"id":"AtIntersectionNames","rule":"#Intersection(NAME) ({ (} #Intersection(ALT_NAME) {)}) {에서 }"},{"id":"OnBranchDestination","rule":"(#Destination { 방향으로 }) (#Branch {에서 })"},{"id":"FirstActionMakeSharpRight","rule":"(NAME {의 }) @AtIntersectionNames {오른쪽으로 급회전합니다 } "},{"id":"ManeuverPathCurves","rule":"#FirstUpper( (@AtExit (@@Names #Destination {에 머무르려면 }) @AtIntersectionOrCrossNames #PathCurveAction  )  )"},{"id":"UTurnRampActionTurnLeft","rule":"{진입로에서 좌회전합니다 }"},{"id":"AtIntersectionOrCrossNames","rule":"#Select(@AtIntersectionNames, (#CrossNames {에서 }))"},{"id":"ManeuverTurnOntoLocalRoad","rule":"#FirstUpper((@AtExit (#Destination { 방향으로 }) (@@Names {의 }) @AtIntersectionNames #LocalRoadAction ))"},{"id":"ManeuverDoubleTurn","rule":"#FirstUpper( (#FirstTurn(#FirstActionBearing) {그리고 } #SecondTurn(#SecondActionBearing)) )"},{"id":"UnitFootPlural","rule":"{피트}"},{"id":"LocalRoadActionTurnRight","rule":"{우회전 합니다 }"},{"id":"ManeuverUTurnViaRamp","rule":"#FirstUpper( ({ 유턴 하려면 } #UTurnRampAction {그리고 }  (@@Names {에서 }) {돌아갑니다 }) )"},{"id":"ManeuverUTurnViaRoundabout","rule":"(@@Names {의 }) @RoundaboutHeaderGoBack"},{"id":"FirstActionTurnLeft","rule":"(NAME {의 }) @AtIntersectionNames {좌회전합니다 }"},{"id":"RoundaboutHeaderGoBack","rule":"#Select(({로터리에서 } @@ExitNumberString(#ExitNumber) {출구로 이동합니다}), {로터리로 가서 돌아 갑니다 })"},{"id":"AzimuthS","rule":"{남쪽}"},{"id":"ManeuverEndOfFerry","rule":"#FirstUpper((@AtExit #Select(@OnBranchDestination, (@@Names {에서 })) #EndOfFerryAction ))"},{"id":"UnitNauticalPlural","rule":"{노티컬 마일}"},{"id":"PathCurveActionMakeSharpRight","rule":"{오른쪽으로 급회전합니다 }"},{"id":"ManeuverFork","rule":"#FirstUpper( (#Select(@AtExit, {갈림길에서 }) #Select(@OnBranchDestination, (@@Names {(으)로 })) #ForkSide #ForkAction ) )"},{"id":"LocalRoadActionGo","rule":"{이동합니다 }"},{"id":"EventTakeRoundaboutToStay","rule":"(@@Names {에 있으려면 }) { 로터리로 이동합니다 } "},{"id":"DirectionCumulativeLength","rule":"#CumulativeDistance"},{"id":"AzimuthSW","rule":"{남서쪽}"},{"id":"ToProceed","rule":"#Select(@OnBranchDestination, (@@Names {에서 })) {가기 위해 } "},{"id":"ManeuverSkipRoundabout","rule":"@ToProceed @RoundaboutHeader"},{"id":"AzimuthW","rule":"{서쪽}"},{"id":"RoundaboutHeader","rule":"#Select( ({로터리에서 } @@ExitNumberString(#ExitNumber) {출구로 이동합니다}), { 로터리로 갑니다 })"},{"id":"ManeuverSkipRoundaboutRamp","rule":"#Select(@ToBranchDestination, (@@Names {까지 })) @RoundaboutHeader"},{"id":"ToBranchDestination","rule":"(#Destination { 방향으로 }) (#Branch {까지 })"},{"id":"EventRestrictionViolation","rule":"{제한 사항: } #Restriction"},{"id":"ManeuverSkipHighwayRamps","rule":"#FirstUpper( @AtExit #SkipHighwayRampAction #Select(@AndGoOnBranchDestination, (@@Names {(으)로 이동합니다 }) ))"},{"id":"AndGoOnBranchDestination","rule":"({그리고 } (#Branch {에서 }) (#Destination { 방향으로 }) {이동합니다 }) "},{"id":"LocalRoadActionBearRight","rule":"{오른쪽으로 이동합니다 }"},{"id":"ManeuverSkipSignpostRamps","rule":"#FirstUpper((@AtExit #Select(@ToBranchDestination, (@@Names {까지 })) #SkipSignpostRampAction ))"},{"id":"TravelTimeShort","rule":"{< 1 분}"},{"id":"UnitMilePlural","rule":"{마일}"},{"id":"EventTimeChanged","rule":"{새로운 시간대를 입력하세요.} ({ 시간 변경: } #TZChange)"},{"id":"FirstActionBearRight","rule":"(NAME {의 }) @AtIntersectionNames {오른쪽으로 이동합니다 } "},{"id":"PathCurveActionContinue","rule":"{계속 이동합니다 }"},{"id":"EventCrossingBorder","rule":"({ } CROSSADMINBORDER) {입력} "},{"id":"AzimuthN","rule":"{북쪽}"},{"id":"AzimuthE","rule":"{동쪽}"},{"id":"AzimuthNW","rule":"{북서쪽}"},{"id":"PathCurveActionBearRight","rule":"{오른쪽으로 이동합니다 }"},{"id":"LocalRoadActionContinue","rule":"{계속 이동합니다 }"},{"id":"LocalRoadActionMakeSharpRight","rule":"{오른쪽으로 급회전합니다 }"},{"id":"LocalRoadActionMakeSharpLeft","rule":"{왼쪽으로 급회전합니다 }"},{"id":"PathCurveActionBearLeft","rule":"{왼쪽으로 이동합니다 }"},{"id":"LocalRoadActionTurnLeft","rule":"{좌회전합니다 }"},{"id":"LocalRoadActionBearLeft","rule":"{왼쪽으로 이동합니다 }"},{"id":"PathCurveActionTurnRight","rule":"{우회전합니다 }"},{"id":"PathCurveActionMakeSharpLeft","rule":"{왼쪽으로 급회전합니다 }"},{"id":"FirstActionTurnRight","rule":"(NAME {의 }) @AtIntersectionNames {우회전합니다 } "},{"id":"FirstActionMakeSharpLeft","rule":"(NAME {의 }) @AtIntersectionNames {왼쪽으로 급회전합니다 } "},{"id":"FirstActionBearLeft","rule":"(NAME {의 }) @AtIntersectionNames {왼쪽으로 이동합니다 }"},{"id":"FirstActionContinue","rule":"(NAME {의 }) @AtIntersectionNames {계속 이동합니다 } "},{"id":"SecondActionBearRight","rule":"(NAME {에서 }) {바로 오른쪽으로 이동합니다}"},{"id":"DirectionAfterBreak","rule":"(#DepartTime { }) NAME ({ (} ALT_NAME {)}) {에서 머무릅니다 } "},{"id":"SecondActionTurnRight","rule":"(NAME {에서 }) {바로 우회전합니다 } "},{"id":"SecondActionMakeSharpRight","rule":"(NAME {에서 }) {바로 오른쪽으로 급회전합니다 }"},{"id":"SkipHighwayRampActionAtForkRight","rule":"{오른쪽 진입로로 이동합니다 }"},{"id":"SecondActionMakeSharpLeft","rule":"(NAME {에서 }) {바로 왼쪽으로 급회전합니다 }"},{"id":"EndOfFerryActionTurnLeft","rule":"{좌회전 합니다 }"},{"id":"SecondActionTurnLeft","rule":"(NAME {에서 }) {바로 좌회전합니다 }"},{"id":"SecondActionBearLeft","rule":"(NAME {에서 }) {바로 왼쪽으로 이동합니다 }"},{"id":"SecondActionContinue","rule":"(NAME {에서 }) {바로 계속 이동합니다}"},{"id":"HighwayActionBearRight","rule":"{오른쪽으로 이동합니다 }"},{"id":"DistanceLong","rule":"#Distance(1) ({ } #DistanceUnits)"},{"id":"SkipHighwayRampActionAtFork","rule":"#Select(#SkipHighwayRampActionAtFork, {진입로로 이동합니다 })"},{"id":"UnitNauticalNeutral","rule":"{노티컬 마일}"},{"id":"SkipHighwayRampActionBearRight","rule":"{진입로에서 오른쪽으로 이동합니다 }"},{"id":"SkipHighwayRampActionTurnRight","rule":"{진입로에서 우회전합니다 }"},{"id":"SkipHighwayRampActionMakeSharpRight","rule":"{진입로에서 오른쪽으로 급회전합니다 }"},{"id":"SkipHighwayRampActionMakeSharpLeft","rule":"{진입로에서 왼쪽으로 급회전합니다 }"},{"id":"SkipHighwayRampActionTurnLeft","rule":"{진입로에서 좌회전합니다 }"},{"id":"SkipHighwayRampActionBearLeft","rule":"{진입로에서 왼쪽으로 이동합니다 }"},{"id":"SkipHighwayRampActionTakeRamp","rule":"{진입로로 이동합니다 }"},{"id":"SkipHighwayRampActionAtForkLeft","rule":"{왼쪽 진입로로 이동합니다 }"},{"id":"SkipSignpostRampActionAtFork","rule":"#Select(#SkipSignpostRampActionAtFork, {진입로로 이동합니다 })"},{"id":"SkipSignpostRampActionBearRight","rule":"{진입로에서 오른쪽으로 이동합니다 }"},{"id":"SkipSignpostRampActionTurnRight","rule":"{진입로에서 우회전합니다 }"},{"id":"UnitYardNeutral","rule":"{야드}"},{"id":"SkipSignpostRampActionMakeSharpRight","rule":"{진입로에서 오른쪽으로 급회전합니다 }"},{"id":"UTurnRampActionTakeRamp","rule":"{진입로로 이동합니다 }"},{"id":"SkipSignpostRampActionMakeSharpLeft","rule":"{진입로에서 왼쪽으로 급회전합니다 }"},{"id":"SkipSignpostRampActionTurnLeft","rule":"{진입로에서 좌회전합니다 }"},{"id":"SkipSignpostRampActionBearLeft","rule":"{진입로에서 왼쪽으로 이동합니다 }"},{"id":"SkipSignpostRampActionTakeRamp","rule":"{진입로로 이동합니다 }"},{"id":"SkipSignpostRampActionAtForkLeft","rule":"{왼쪽 진입로로 이동합니다 }"},{"id":"SkipSignpostRampActionAtForkRight","rule":"{오른쪽 진입로로 이동합니다 }"},{"id":"UTurnRampActionFork","rule":"#Select(#UTurnRampActionAtFork, {진입로로 이동합니다 })"},{"id":"UTurnRampActionBearRight","rule":"{진입로에서 오른쪽으로 이동합니다 }"},{"id":"UTurnRampActionTurnRight","rule":"{진입로에서 우회전합니다 }"},{"id":"UTurnRampActionMakeSharpRight","rule":"{진입로에서 오른쪽으로 급회전합니다 }"},{"id":"UTurnRampActionMakeSharpLeft","rule":"{진입로에서 왼쪽으로 급회전합니다 }"},{"id":"UTurnRampActionBearLeft","rule":"{진입로에서 왼쪽으로 이동합니다 }"},{"id":"UTurnRampActionAtForkLeft","rule":"{왼쪽 진입로로 이동합니다 }"},{"id":"UTurnRampActionAtForkRight","rule":"{오른쪽 진입로로 이동합니다 }"},{"id":"HighwayActionGo","rule":"{이동합니다 }"},{"id":"HighwayActionTurnRight","rule":"{우회전합니다 }"},{"id":"HighwayActionMakeSharpRight","rule":"{오른쪽으로 급회전합니다 }"},{"id":"ForkActionLeft","rule":"{계속 이동합니다 }"},{"id":"HighwayActionMakeSharpLeft","rule":"{왼쪽으로 급회전합니다 }"},{"id":"HighwayActionTurnLeft","rule":"{좌회전합니다 }"},{"id":"HighwayActionBearLeft","rule":"{왼쪽으로 이동합니다 }"},{"id":"CrossNames","rule":"#String(0) ({ / } #String(1))"},{"id":"EndOfFerryActionGo","rule":"{이동합니다 }"},{"id":"EndOfFerryActionBearRight","rule":"{오른쪽으로 이동합니다 }"},{"id":"EndOfFerryActionTurnRight","rule":"{우회전 합니다 }"},{"id":"EndOfFerryActionMakeSharpRight","rule":"{오른쪽으로 급회전합니다 }"},{"id":"EndOfFerryActionMakeSharpLeft","rule":"{왼쪽으로 급회전합니다 }"},{"id":"EndOfFerryActionBearLeft","rule":"{오른쪽으로 이동합니다 }"},{"id":"StopArriveActionContinue","rule":"{계속 이동합니다 }"},{"id":"StopArriveActionGo","rule":"{이동합니다 }"},{"id":"StopArriveActionBack","rule":"{돌아갑니다 }"},{"id":"ForkActionRight","rule":"{계속 이동합니다 }"},{"id":"ForkActionStraight","rule":"{이동합니다 }"},{"id":"UnitSecondNeutral","rule":"{초}"},{"id":"ForkSideLeft","rule":"{왼쪽으로 }"},{"id":"ForkSideRight","rule":"{오른쪽으로 }"},{"id":"DistanceShort","rule":"{< } #MinDistance(1) ({ } #DistanceUnits)"},{"id":"CumulativeDistanceLong","rule":"#Select(#Distance(1), {0}) ({ } #DistanceUnits)"},{"id":"TimeShort","rule":"{< 1 분}"},{"id":"TimeLong","rule":"(#TotalHours(0) { 시간 }) (#RoundedMinutesOfHour(0) { 분 })"},{"id":"TravelTimeLong","rule":"(#Days(0) { 일 }) (#HoursOfDay(0) { 시간 }) (#RoundedMinutesOfHour(0) { 분 })"},{"id":"StopTimeShort","rule":"{< 1 분}"},{"id":"StopTimeLong","rule":"(#TotalHours(0) { 시간 }) (#RoundedMinutesOfHour(0) { 분})"},{"id":"SignpostDestination","rule":"#String(0) ({ / } #String(1)) ({ / } #String(2)) ({ / } #String(3)) ({ / } #String(4))"},{"id":"StopSideLeft","rule":"{왼쪽}"},{"id":"StopSideRight","rule":"{오른쪽}"},{"id":"UnitMileSingular","rule":"{마일}"},{"id":"UnitMileNeutral","rule":"{마일}"},{"id":"UnitKilometerSingular","rule":"{킬로미터}"},{"id":"UnitKilometerPlural","rule":"{킬로미터}"},{"id":"UnitKilometerNeutral","rule":"{킬로미터}"},{"id":"UnitMeterSingular","rule":"{미터}"},{"id":"UnitMeterPlural","rule":"{미터}"},{"id":"UnitMeterNeutral","rule":"{미터}"},{"id":"UnitFootSingular","rule":"{피트}"},{"id":"UnitFootNeutral","rule":"{피트}"},{"id":"UnitYardSingular","rule":"{야드}"},{"id":"DirectionTime","rule":"#ItemTime"},{"id":"UnitYardPlural","rule":"{야드}"},{"id":"UnitNauticalSingular","rule":"{노티컬 마일}"},{"id":"UnitSecondSingular","rule":"{초}"},{"id":"UnitSecondPlural","rule":"{초}"},{"id":"StopSummary","rule":"{거리: } #StopLength"},{"id":"StopTimeWindow","rule":"{시간 창: } #StopTimeWindowStart { - } #StopTimeWindowEnd"},{"id":"StopStayTime","rule":"{서비스 시간: } #StopStayTime"},{"id":"StopFullTime","rule":"#StopFullTime"},{"id":"StopWaitTime","rule":"{대기 시간: } #StopWaitTime"},{"id":"StopViolationTime","rule":"{위반 시간: } #StopViolationTime"},{"id":"StopLength","rule":"#StopLength"},{"id":"DirectionDrive","rule":"({ } #ItemLength) ({ ~ } #ItemTime) {운전} "},{"id":"DirectionLength","rule":"#ItemLength"},{"id":"DirectionETA","rule":"#ArriveTime"},{"id":"DirectionBranch","rule":"#Branch"},{"id":"DirectionToward","rule":"#Destination"},{"id":"DirectionCrossStreet","rule":"#CrossNames"},{"id":"DirectionExitName","rule":"#SignpostExit"},{"id":"DirectionRestBreak","rule":"#ArriveTime ({-} #DepartTime) {휴식}"},{"id":"DirectionStreet","rule":"NAME"},{"id":"DirectionAltNames","rule":"ALT_NAME ({ / } ALT_NAME2)"},{"id":"DirectionDayEnd","rule":"(#ArriveTime { }) {일과 종료}"}],"lookupMapping":[{"id":"ExitNumberString","value":[{"key":"1","value":"{첫번째 }"},{"key":"2","value":"{두번째 }"},{"key":"3","value":"{세번째 }"},{"key":"4","value":"{네번째}"},{"key":"5","value":"{다섯번째 }"},{"key":"6","value":"{여섯번째 }"},{"key":"7","value":"{일곱번째 }"},{"key":"8","value":"{여덟번째 }"},{"key":"9","value":"{아홉번째 }"},{"key":"10","value":"{열번째 }"}]}]}}}]}}