{"directions":{"settings":[{"style":{"id":"NA Desktop","language":{"id":"lt","description":"Lietuvių","strings":[{"id":"AzimuthSE","rule":"{pietryčių kryptimi}"},{"id":"ManeuverStopOnRoundabout","rule":"{Apvažiuoti žiedą}"},{"id":"ManeuverHeader","rule":"{Išvykti} ({ iš } #StopName)"},{"id":"ManeuverAnyRoad","rule":"#FirstUpper(({važiuoti} ({ } #Azimuth) ({ } @@Names) ({ link } #CrossNames)))"},{"id":"ForkSideStraight","rule":"{tiesiai}"},{"id":"ManeuverFooter","rule":"{Atvykti} @StopArrival ({ į } #StopName) (#StopSide)"},{"id":"StopArrival","rule":"{ } #StopArrival({per anksti},{per vėlai})"},{"id":"ManeuverDepart","rule":"{Išvykti} ({ iš } #StopName)"},{"id":"ManeuverFerryBypass","rule":"{Likti kelte} ({ ~ } #ItemTime) ({ } #ItemLength)"},{"id":"Names","rule":"NAME ({ (} ALT_NAME {)})"},{"id":"AzimuthNE","rule":"{šiaurės rytų kryptimi}"},{"id":"ManeuverFerry","rule":"{Keltis} ({ } @@Names) { keltu}"},{"id":"ManeuverUTurn","rule":"{Apsisukti} @AtIntersectionOrCrossNames { ir grįžti atgal} ({ } @@Names)"},{"id":"ManeuverArrive","rule":"{Atvykti} @StopArrival ({ į } #StopName) (#StopSide)"},{"id":"ManeuverStopArrive","rule":"#FirstUpper((#StopArriveAction ({ } #Azimuth) ({ } @@Names)))"},{"id":"PathCurveActionTurnLeft","rule":"{pasukti į kairę}"},{"id":"TimeZoneChange","rule":"#Sign (#TotalHours(0) { val. }) (#RoundedMinutesOfHour(0) { min.})"},{"id":"ManeuverOntoHighway","rule":"#FirstUpper( @AtExit #HighwayAction @AtIntersectionNames #Select(@OnBranchDestination, ({ } @@Names)) )"},{"id":"AtExit","rule":"{ties išvažiavimu } #SignpostExit { }"},{"id":"AtIntersectionNames","rule":"{ ties } #Intersection(NAME) ({ (} #Intersection(ALT_NAME) {)})"},{"id":"OnBranchDestination","rule":"({ } #Branch) ({ link } #Destination)"},{"id":"FirstActionMakeSharpRight","rule":"{staigus posūkis į dešinę} @AtIntersectionNames ({ } NAME)"},{"id":"ManeuverPathCurves","rule":"#FirstUpper( (@AtExit #PathCurveAction @AtIntersectionOrCrossNames ({ likti kelyje } @@Names) ({ link } #Destination)) )"},{"id":"UTurnRampActionTurnLeft","rule":"{nuvažiavus rampa pasukti į kairę}"},{"id":"AtIntersectionOrCrossNames","rule":"#Select(@AtIntersectionNames, ({ ties } #CrossNames))"},{"id":"ManeuverTurnOntoLocalRoad","rule":"#FirstUpper( (@AtExit #LocalRoadAction @AtIntersectionNames ({ } @@Names) ({ link } #Destination)) )"},{"id":"ManeuverDoubleTurn","rule":"#FirstUpper( (#FirstTurn(#FirstActionBearing) { ir } #SecondTurn(#SecondActionBearing)) )"},{"id":"UnitFootPlural","rule":"{pėd.}"},{"id":"LocalRoadActionTurnRight","rule":"{pasukti į dešinę}"},{"id":"ManeuverUTurnViaRamp","rule":"#FirstUpper( (#UTurnRampAction { apsisukti ir grįžti} ({ } @@Names)) )"},{"id":"ManeuverUTurnViaRoundabout","rule":"@RoundaboutHeaderGoBack ({ } @@Names)"},{"id":"FirstActionTurnLeft","rule":"{pasukti į kairę} @AtIntersectionNames ({ } NAME)"},{"id":"RoundaboutHeaderGoBack","rule":"#Select(({Žiede sukti į } @@ExitNumberString(#ExitNumber) { išvažiavimą ir grįžti}), {Apvažiuoti žiedą ir grįžti})"},{"id":"AzimuthS","rule":"{pietų kryptimi}"},{"id":"ManeuverEndOfFerry","rule":"#FirstUpper( @AtExit #EndOfFerryAction #Select(@OnBranchDestination,  ({ } @@Names)) )"},{"id":"UnitNauticalPlural","rule":"{jmyl.}"},{"id":"PathCurveActionMakeSharpRight","rule":"{staigus posūkis į dešinę}"},{"id":"ManeuverFork","rule":"#FirstUpper( (#Select(@AtExit, {išsišakojime }) #ForkAction ({ } #ForkSide) #Select(@OnBranchDestination, ({ } @@Names))) )"},{"id":"LocalRoadActionGo","rule":"{važiuoti}"},{"id":"EventTakeRoundaboutToStay","rule":"{Apvažiuoti žiedą} ({ ir likti kelyje } @@Names)"},{"id":"DirectionCumulativeLength","rule":"#CumulativeDistance"},{"id":"AzimuthSW","rule":"{pietvakarių kryptimi}"},{"id":"ToProceed","rule":"{ išvažiavimui į} #Select(@OnBranchDestination, ({ } @@Names))"},{"id":"ManeuverSkipRoundabout","rule":"@RoundaboutHeader @ToProceed"},{"id":"AzimuthW","rule":"{vakarų kryptimi}"},{"id":"RoundaboutHeader","rule":"#Select(({Žiede sukti į } @@ExitNumberString(#ExitNumber) { išvažiavimą}), {Apvažiuoti žiedą,})"},{"id":"ManeuverSkipRoundaboutRamp","rule":"@RoundaboutHeader #Select(@ToBranchDestination, ({ link } @@Names))"},{"id":"ToBranchDestination","rule":"({ pasukti į } #Branch) ({ link } #Destination)"},{"id":"EventRestrictionViolation","rule":"{Apribojimas: } #Restriction"},{"id":"ManeuverSkipHighwayRamps","rule":"#FirstUpper( @AtExit #SkipHighwayRampAction #Select(@AndGoOnBranchDestination, ({ ir vykti } @@Names)) )"},{"id":"AndGoOnBranchDestination","rule":"({ ir vykti } #Branch) ({ link } #Destination)"},{"id":"LocalRoadActionBearRight","rule":"{laikytis dešinės}"},{"id":"ManeuverSkipSignpostRamps","rule":"#FirstUpper( @AtExit #SkipSignpostRampAction #Select(@ToBranchDestination, ({ į } @@Names)) )"},{"id":"TravelTimeShort","rule":"{< 1 min.}"},{"id":"UnitMilePlural","rule":"{myl.}"},{"id":"EventTimeChanged","rule":"{Kita laiko zona.} ({ Laiko pasikeitimas: } #TZChange)"},{"id":"FirstActionBearRight","rule":"{laikytis dešinės} @AtIntersectionNames ({ } NAME)"},{"id":"PathCurveActionContinue","rule":"{tęsti važiavimą}"},{"id":"EventCrossingBorder","rule":"{Įvažiuoti į} ({ } CROSSADMINBORDER)"},{"id":"AzimuthN","rule":"{šiaurės kryptimi}"},{"id":"AzimuthE","rule":"{rytų kryptimi}"},{"id":"AzimuthNW","rule":"{šiaurės vakarų kryptimi}"},{"id":"PathCurveActionBearRight","rule":"{laikytis dešinės}"},{"id":"LocalRoadActionContinue","rule":"{tęsti važiavimą}"},{"id":"LocalRoadActionMakeSharpRight","rule":"{staigus posūkis į dešinę}"},{"id":"LocalRoadActionMakeSharpLeft","rule":"{staigus posūkis į kairę}"},{"id":"PathCurveActionBearLeft","rule":"{laikytis kairės}"},{"id":"LocalRoadActionTurnLeft","rule":"{pasukti į kairę}"},{"id":"LocalRoadActionBearLeft","rule":"{laikytis kairės}"},{"id":"PathCurveActionTurnRight","rule":"{pasukti į dešinę}"},{"id":"PathCurveActionMakeSharpLeft","rule":"{staigus posūkis į kairę}"},{"id":"FirstActionTurnRight","rule":"{pasukti į dešinę} @AtIntersectionNames ({ } NAME)"},{"id":"FirstActionMakeSharpLeft","rule":"{staigus posūkis į kairę} @AtIntersectionNames ({ } NAME)"},{"id":"FirstActionBearLeft","rule":"{laikytis kairės} @AtIntersectionNames ({ } NAME)"},{"id":"FirstActionContinue","rule":"{tęsti važiavimą} @AtIntersectionNames ({ } NAME)"},{"id":"SecondActionBearRight","rule":"{iškart laikykitės dešinės} ({ } NAME)"},{"id":"DirectionAfterBreak","rule":"(#DepartTime { }) {Likti} { } @@Names"},{"id":"SecondActionTurnRight","rule":"{iškart sukti į dešinę} ({ } NAME)"},{"id":"SecondActionMakeSharpRight","rule":"{iškart staigus posūkis į dešinę} ({ į } NAME)"},{"id":"SkipHighwayRampActionAtForkRight","rule":"{užvažiuoti ant rampos iš dešinės}"},{"id":"SecondActionMakeSharpLeft","rule":"{iškart staigus posūkis į kairę} ({ į } NAME)"},{"id":"EndOfFerryActionTurnLeft","rule":"{pasuktį į kairę}"},{"id":"SecondActionTurnLeft","rule":"{iškart sukti į kairę} ({ } NAME)"},{"id":"SecondActionBearLeft","rule":"{iškart laikykitės kairės} ({ } NAME)"},{"id":"SecondActionContinue","rule":"{iškart tęskite} ({ } NAME)"},{"id":"HighwayActionBearRight","rule":"{laikytis dešinės}"},{"id":"DistanceLong","rule":"#Distance(1) ({ } #DistanceUnits)"},{"id":"SkipHighwayRampActionAtFork","rule":"#Select(#SkipHighwayRampActionAtFork, {važiuoti rampa})"},{"id":"UnitNauticalNeutral","rule":"{jmyl.}"},{"id":"SkipHighwayRampActionBearRight","rule":"{nuvažiavus rampa laikytis dešinės}"},{"id":"SkipHighwayRampActionTurnRight","rule":"{nuvažiavus rampa pasukti į dešinę}"},{"id":"SkipHighwayRampActionMakeSharpRight","rule":"{nuvažiavus rampa staigus posūkis į dešinę}"},{"id":"SkipHighwayRampActionMakeSharpLeft","rule":"{nuvažiavus rampa staigus posūkis į kairę}"},{"id":"SkipHighwayRampActionTurnLeft","rule":"{nuvažiavus rampa pasukti į kairę}"},{"id":"SkipHighwayRampActionBearLeft","rule":"{nuvažiavus rampa laikytis kairės}"},{"id":"SkipHighwayRampActionTakeRamp","rule":"{važiuoti rampa}"},{"id":"SkipHighwayRampActionAtForkLeft","rule":"{užvažiuoti ant rampos iš kairės}"},{"id":"SkipSignpostRampActionAtFork","rule":"#Select(#SkipSignpostRampActionAtFork, {važiuoti rampa})"},{"id":"SkipSignpostRampActionBearRight","rule":"{nuvažiavus rampa laikytis dešinės}"},{"id":"SkipSignpostRampActionTurnRight","rule":"{nuvažiavus rampa pasukti į dešinę}"},{"id":"UnitYardNeutral","rule":"{jard.}"},{"id":"SkipSignpostRampActionMakeSharpRight","rule":"{nuvažiavus rampa staigus posūkis į dešinę}"},{"id":"UTurnRampActionTakeRamp","rule":"{važiuoti rampa}"},{"id":"SkipSignpostRampActionMakeSharpLeft","rule":"{nuvažiavus rampa staigus posūkis į kairę}"},{"id":"SkipSignpostRampActionTurnLeft","rule":"{nuvažiavus rampa pasukti į kairę}"},{"id":"SkipSignpostRampActionBearLeft","rule":"{nuvažiavus rampa laikytis kairės}"},{"id":"SkipSignpostRampActionTakeRamp","rule":"{važiuoti rampa}"},{"id":"SkipSignpostRampActionAtForkLeft","rule":"{užvažiuoti ant rampos iš kairės}"},{"id":"SkipSignpostRampActionAtForkRight","rule":"{užvažiuoti ant rampos iš dešinės}"},{"id":"UTurnRampActionFork","rule":"#Select(#UTurnRampActionAtFork, {važiuoti rampa})"},{"id":"UTurnRampActionBearRight","rule":"{nuvažiavus rampa laikytis dešinės}"},{"id":"UTurnRampActionTurnRight","rule":"{nuvažiavus rampa pasukti į dešinę}"},{"id":"UTurnRampActionMakeSharpRight","rule":"{nuvažiavus rampa staigus posūkis į dešinę}"},{"id":"UTurnRampActionMakeSharpLeft","rule":"{nuvažiavus rampa staigus posūkis į kairę}"},{"id":"UTurnRampActionBearLeft","rule":"{nuvažiavus rampa laikytis kairės}"},{"id":"UTurnRampActionAtForkLeft","rule":"{užvažiuoti ant rampos kairėje}"},{"id":"UTurnRampActionAtForkRight","rule":"{užvažiuoti ant rampos dešinėje}"},{"id":"HighwayActionGo","rule":"{važiuoti}"},{"id":"HighwayActionTurnRight","rule":"{pasukti į dešinę}"},{"id":"HighwayActionMakeSharpRight","rule":"{staigus posūkis į dešinę}"},{"id":"ForkActionLeft","rule":"{laikytis}"},{"id":"HighwayActionMakeSharpLeft","rule":"{staigus posūkis į kairę}"},{"id":"HighwayActionTurnLeft","rule":"{pasukti į kairę}"},{"id":"HighwayActionBearLeft","rule":"{laikytis kairės}"},{"id":"CrossNames","rule":"#String(0) ({ / } #String(1))"},{"id":"EndOfFerryActionGo","rule":"{važiuoti}"},{"id":"EndOfFerryActionBearRight","rule":"{laikytis dešinės}"},{"id":"EndOfFerryActionTurnRight","rule":"{pasukti į dešinę}"},{"id":"EndOfFerryActionMakeSharpRight","rule":"{staigus posūkis į dešinę}"},{"id":"EndOfFerryActionMakeSharpLeft","rule":"{staigus posūkis į kairę}"},{"id":"EndOfFerryActionBearLeft","rule":"{laikytis kairės}"},{"id":"StopArriveActionContinue","rule":"{tęsti važiavimą}"},{"id":"StopArriveActionGo","rule":"{važiuoti}"},{"id":"StopArriveActionBack","rule":"{vykti atgal}"},{"id":"ForkActionRight","rule":"{laikytis}"},{"id":"ForkActionStraight","rule":"{važiuoti}"},{"id":"UnitSecondNeutral","rule":"{s}"},{"id":"ForkSideLeft","rule":"{kairės}"},{"id":"ForkSideRight","rule":"{dešinės}"},{"id":"DistanceShort","rule":"{< } #MinDistance(1) ({ } #DistanceUnits)"},{"id":"CumulativeDistanceLong","rule":"#Select(#Distance(1), {0}) ({ } #DistanceUnits)"},{"id":"TimeShort","rule":"{< 1 min.}"},{"id":"TimeLong","rule":"(#TotalHours(0) { val. }) (#RoundedMinutesOfHour(0) { min.})"},{"id":"TravelTimeLong","rule":"(#Days(0) { d. }) (#HoursOfDay(0) { val. }) (#RoundedMinutesOfHour(0) { min.})"},{"id":"StopTimeShort","rule":"{< 1 min.}"},{"id":"StopTimeLong","rule":"(#TotalHours(0) { val. }) (#RoundedMinutesOfHour(0) { min.})"},{"id":"SignpostDestination","rule":"#String(0) ({ / } #String(1)) ({ / } #String(2)) ({ / } #String(3)) ({ / } #String(4))"},{"id":"StopSideLeft","rule":"{, kairėje kelio pusėje}"},{"id":"StopSideRight","rule":"{, dešinėje kelio pusėje}"},{"id":"UnitMileSingular","rule":"{myl.}"},{"id":"UnitMileNeutral","rule":"{myl.}"},{"id":"UnitKilometerSingular","rule":"{km}"},{"id":"UnitKilometerPlural","rule":"{km}"},{"id":"UnitKilometerNeutral","rule":"{km}"},{"id":"UnitMeterSingular","rule":"{m}"},{"id":"UnitMeterPlural","rule":"{m}"},{"id":"UnitMeterNeutral","rule":"{m}"},{"id":"UnitFootSingular","rule":"{pėd.}"},{"id":"UnitFootNeutral","rule":"{pėd.}"},{"id":"UnitYardSingular","rule":"{jard.}"},{"id":"DirectionTime","rule":"#ItemTime"},{"id":"UnitYardPlural","rule":"{jard.}"},{"id":"UnitNauticalSingular","rule":"{jmyl.}"},{"id":"UnitSecondSingular","rule":"{s}"},{"id":"UnitSecondPlural","rule":"{s}"},{"id":"StopSummary","rule":"{Atstumas: } #StopLength"},{"id":"StopTimeWindow","rule":"{Atvykimo laiko intervalas: } #StopTimeWindowStart { - } #StopTimeWindowEnd"},{"id":"StopStayTime","rule":"{Aptarnavimo laikas: } #StopStayTime"},{"id":"StopFullTime","rule":"#StopFullTime"},{"id":"StopWaitTime","rule":"{Laukimo laikas: } #StopWaitTime"},{"id":"StopViolationTime","rule":"{Grafiko pažeidimų laikas: } #StopViolationTime"},{"id":"StopLength","rule":"#StopLength"},{"id":"DirectionDrive","rule":"{Važiuoti} ({ } #ItemLength) ({ ~ } #ItemTime)"},{"id":"DirectionLength","rule":"#ItemLength"},{"id":"DirectionETA","rule":"#ArriveTime"},{"id":"DirectionBranch","rule":"#Branch"},{"id":"DirectionToward","rule":"#Destination"},{"id":"DirectionCrossStreet","rule":"#CrossNames"},{"id":"DirectionExitName","rule":"#SignpostExit"},{"id":"DirectionRestBreak","rule":"#ArriveTime ({-} #DepartTime) { Poilsio pertrauka}"},{"id":"DirectionStreet","rule":"NAME"},{"id":"DirectionAltNames","rule":"ALT_NAME ({ / } ALT_NAME2)"},{"id":"DirectionDayEnd","rule":"(#ArriveTime { }) {Dienos pabaiga}"}],"lookupMapping":[{"id":"ExitNumberString","value":[{"key":"1","value":"{1-ą}"},{"key":"2","value":"{2-ą}"},{"key":"3","value":"{3-ią}"},{"key":"4","value":"{4-ą}"},{"key":"5","value":"{5-ą}"},{"key":"6","value":"{6-ą}"},{"key":"7","value":"{7-ą}"},{"key":"8","value":"{8-ą}"},{"key":"9","value":"{9-ą}"},{"key":"10","value":"{10-ą}"}]}]}}}]}}