{"directions":{"settings":[{"style":{"id":"NA Desktop","language":{"id":"nl","description":"Nederlands","strings":[{"id":"AzimuthSE","rule":"{zuidoostelijke}"},{"id":"ManeuverStopOnRoundabout","rule":"{Neem de rotonde}"},{"id":"ManeuverHeader","rule":"{U vertrekt} ({ vanaf } #StopName)"},{"id":"ManeuverAnyRoad","rule":"#FirstUpper(({ga} ({ in } #Azimuth) ({ richting naar } #CrossNames)))"},{"id":"ForkSideStraight","rule":"{rechtdoor}"},{"id":"ManeuverFooter","rule":"{U arriveert} @StopArrival ({ op } #StopName) (#StopSide)"},{"id":"StopArrival","rule":"({ } #StopArrival({vroeg},{laat}))"},{"id":"ManeuverDepart","rule":"{U vertrekt} ({ vanaf } #StopName)"},{"id":"ManeuverFerryBypass","rule":"{Blijf op de veerboot voor} ({ ~ } #ItemTime) ({ } #ItemLength)"},{"id":"Names","rule":"NAME ({ (} ALT_NAME {)})"},{"id":"AzimuthNE","rule":"{noordoostelijke}"},{"id":"ManeuverFerry","rule":"{Neem de} ({ } @@Names) { veerboot}"},{"id":"ManeuverUTurn","rule":"{Maak een U-bocht} @AtIntersectionOrCrossNames { en ga terug } ({ naar } @@Names)"},{"id":"ManeuverArrive","rule":"{U arriveert} @StopArrival ({ op } #StopName) (#StopSide)"},{"id":"ManeuverStopArrive","rule":"#FirstUpper((#StopArriveAction ({ in } #Azimuth) ({ richting naar } @@Names)))"},{"id":"PathCurveActionTurnLeft","rule":"{sla linksaf}"},{"id":"TimeZoneChange","rule":"#Sign (#TotalHours(0) { uur }) (#RoundedMinutesOfHour(0) { min})"},{"id":"ManeuverOntoHighway","rule":"#FirstUpper( @AtExit #HighwayAction #Select(@OnBranchDestination, ({ naar } @@Names)) )"},{"id":"AtExit","rule":"{bij afslag } #SignpostExit { }"},{"id":"OnBranchDestination","rule":"({ naar } #Branch) ({ richting } #Destination)"},{"id":"FirstActionMakeSharpRight","rule":"{ga scherp rechts} @AtIntersectionNames ({ naar } NAME)"},{"id":"ManeuverPathCurves","rule":"#FirstUpper( (@AtExit #PathCurveAction ({ op } #CrossNames) ({ en blijf op } @@Names) ({ richting } #Destination)) )"},{"id":"UTurnRampActionTurnLeft","rule":"{sla linksaf naar de oprit}"},{"id":"ManeuverTurnOntoLocalRoad","rule":"#FirstUpper( (@AtExit #LocalRoadAction ({ naar } @@Names) ({ richting } #Destination)) )"},{"id":"ManeuverDoubleTurn","rule":"#FirstUpper( (#FirstTurn(#FirstActionBearing) { en } #SecondTurn(#SecondActionBearing)) )"},{"id":"UnitFootPlural","rule":"{ft}"},{"id":"LocalRoadActionTurnRight","rule":"{sla rechtsaf}"},{"id":"ManeuverUTurnViaRamp","rule":"#FirstUpper( (#UTurnRampAction { om een U-bocht te maken en ga terug naar } (@@Names)) )"},{"id":"ManeuverUTurnViaRoundabout","rule":"@RoundaboutHeaderGoBack ({ naar } @@Names)"},{"id":"FirstActionTurnLeft","rule":"{sla linksaf} @AtIntersectionNames ({ naar } NAME)"},{"id":"RoundaboutHeaderGoBack","rule":"#Select(({Neem op de rotonde de } @@ExitNumberString(#ExitNumber) { afslag en ga terug}), {Neem de rotonde en ga terug})"},{"id":"AtIntersectionOrCrossNames","rule":"#Select(@AtIntersectionNames, ({ bij } #CrossNames))"},{"id":"AtIntersectionNames","rule":"{ bij } #Intersection(NAME) ({ (} #Intersection(ALT_NAME) {)})"},{"id":"AzimuthS","rule":"{zuidelijke}"},{"id":"ManeuverEndOfFerry","rule":"#FirstUpper( @AtExit #EndOfFerryAction #Select(@OnBranchDestination,  ({ naar } @@Names)) )"},{"id":"UnitNauticalPlural","rule":"{nmi}"},{"id":"PathCurveActionMakeSharpRight","rule":"{ga scherp rechts}"},{"id":"ManeuverFork","rule":"#FirstUpper( ( #ForkAction ({ bij de splitsing } #ForkSide) #Select(@OnBranchDestination, ({ naar } @@Names))) )"},{"id":"FirstActionBearLeft","rule":"{sla linksaf} @AtIntersectionNames ({ naar } NAME)"},{"id":"LocalRoadActionGo","rule":"{ga}"},{"id":"EventTakeRoundaboutToStay","rule":"{Neem de rotonde} ({ en blijf op } @@Names)"},{"id":"DirectionCumulativeLength","rule":"#CumulativeDistance"},{"id":"AzimuthSW","rule":"{zuidwestelijke}"},{"id":"ManeuverSkipRoundabout","rule":"@RoundaboutHeader #Select(@OnBranchDestination, (({ naar } ) (@@Names)))"},{"id":"AzimuthW","rule":"{westelijke}"},{"id":"RoundaboutHeader","rule":"#Select(({Neem op de rotonde de } @ExitNumberString(#ExitNumber) { afslag}), {Neem rotonde en})"},{"id":"ManeuverSkipRoundaboutRamp","rule":"@RoundaboutHeader #Select(@ToBranchDestination, ({ naar } @@Names))"},{"id":"ToBranchDestination","rule":"({ naar } #Branch) ({ richting } #Destination)"},{"id":"EventRestrictionViolation","rule":"{Restrictie: } #Restriction"},{"id":"ManeuverSkipHighwayRamps","rule":"#FirstUpper( @AtExit #SkipHighwayRampAction #Select(@AndGoOnBranchDestination, ({ en vervolg in} ({ } #Azimuth) ({ richting naar }) @@Names)) )"},{"id":"AndGoOnBranchDestination","rule":"({ naar } #Branch) ({ richting } #Destination)"},{"id":"LocalRoadActionBearRight","rule":"{sla rechtsaf}"},{"id":"ManeuverSkipSignpostRamps","rule":"#FirstUpper( @AtExit #SkipSignpostRampAction #Select(@ToBranchDestination, ({ naar } @@Names)) )"},{"id":"TravelTimeShort","rule":"{< 1 min}"},{"id":"UnitMilePlural","rule":"{mi}"},{"id":"EventTimeChanged","rule":"{U betreedt een andere tijdzone.} ({ Tijdsverschil: } #TZChange)"},{"id":"FirstActionBearRight","rule":"{sla rechtsaf} @AtIntersectionNames ({ naar } NAME)"},{"id":"PathCurveActionContinue","rule":"{weg vervolgen}"},{"id":"EventCrossingBorder","rule":"{Betreed} ({ } CROSSADMINBORDER)"},{"id":"AzimuthN","rule":"{noordelijke}"},{"id":"AzimuthE","rule":"{oostelijke}"},{"id":"AzimuthNW","rule":"{noordwestelijke}"},{"id":"PathCurveActionBearRight","rule":"{sla rechtsaf}"},{"id":"LocalRoadActionContinue","rule":"{weg vervolgen}"},{"id":"LocalRoadActionMakeSharpRight","rule":"{ga scherp rechts}"},{"id":"LocalRoadActionMakeSharpLeft","rule":"{ga scherp links}"},{"id":"PathCurveActionBearLeft","rule":"{sla linksaf}"},{"id":"LocalRoadActionTurnLeft","rule":"{sla linksaf}"},{"id":"LocalRoadActionBearLeft","rule":"{sla linksaf}"},{"id":"PathCurveActionTurnRight","rule":"{sla rechtsaf}"},{"id":"PathCurveActionMakeSharpLeft","rule":"{ga scherp links}"},{"id":"FirstActionTurnRight","rule":"{sla rechtsaf} @AtIntersectionNames ({ naar } NAME)"},{"id":"FirstActionMakeSharpLeft","rule":"{ga scherp links} @AtIntersectionNames ({ naar } NAME)"},{"id":"FirstActionContinue","rule":"{weg vervolgen} @AtIntersectionNames ({ naar } NAME)"},{"id":"SecondActionBearRight","rule":"{houd direct rechts aan} ({ naar } NAME)"},{"id":"DirectionAfterBreak","rule":"(#DepartTime { }) {Blijf} { op } NAME ({ (} ALT_NAME {)})"},{"id":"SecondActionTurnRight","rule":"{sla direct rechtsaf} ({ naar } NAME)"},{"id":"SecondActionMakeSharpRight","rule":"{ga direct scherp rechts} ({ naar } NAME)"},{"id":"SkipHighwayRampActionAtForkRight","rule":"{neem de afrit naar rechts}"},{"id":"SecondActionMakeSharpLeft","rule":"{ga direct scherp links} ({ naar } NAME)"},{"id":"EndOfFerryActionTurnLeft","rule":"{sla linksaf}"},{"id":"SecondActionTurnLeft","rule":"{sla direct linksaf} ({ naar } NAME)"},{"id":"SecondActionBearLeft","rule":"{houd direct links aan} ({ naar } NAME)"},{"id":"SecondActionContinue","rule":"{vervolg de weg} ({ naar } NAME)"},{"id":"HighwayActionBearRight","rule":"{sla rechtsaf}"},{"id":"DistanceLong","rule":"#Distance(1) ({ } #DistanceUnits)"},{"id":"SkipHighwayRampActionAtFork","rule":"#Select(#SkipHighwayRampActionAtFork, {neem de oprit})"},{"id":"UnitNauticalNeutral","rule":"{nmi}"},{"id":"SkipHighwayRampActionBearRight","rule":"{neem de op/afrit naar rechts}"},{"id":"SkipHighwayRampActionTurnRight","rule":"{sla rechtsaf naar de oprit}"},{"id":"SkipHighwayRampActionMakeSharpRight","rule":"{ga scherp rechts naar de oprit}"},{"id":"SkipHighwayRampActionMakeSharpLeft","rule":"{ga scherp links naar de oprit}"},{"id":"SkipHighwayRampActionTurnLeft","rule":"{sla linksaf naar de oprit}"},{"id":"SkipHighwayRampActionBearLeft","rule":"{neem de op/afrit naar links}"},{"id":"SkipHighwayRampActionTakeRamp","rule":"{neem de oprit}"},{"id":"SkipHighwayRampActionAtForkLeft","rule":"{neem de afrit naar links}"},{"id":"SkipSignpostRampActionAtFork","rule":"#Select(#SkipSignpostRampActionAtFork, {neem de oprit})"},{"id":"SkipSignpostRampActionBearRight","rule":"{neem de op/afrit naar rechts}"},{"id":"SkipSignpostRampActionTurnRight","rule":"{sla rechtsaf naar de oprit}"},{"id":"UnitYardNeutral","rule":"{yd}"},{"id":"SkipSignpostRampActionMakeSharpRight","rule":"{ga scherp rechts naar de oprit}"},{"id":"UTurnRampActionTakeRamp","rule":"{neem de oprit}"},{"id":"SkipSignpostRampActionMakeSharpLeft","rule":"{ga scherp links naar de oprit}"},{"id":"SkipSignpostRampActionTurnLeft","rule":"{sla linksaf naar de oprit}"},{"id":"SkipSignpostRampActionBearLeft","rule":"{neem de op/afrit naar links}"},{"id":"SkipSignpostRampActionTakeRamp","rule":"{neem de oprit}"},{"id":"SkipSignpostRampActionAtForkLeft","rule":"{neem de afrit naar links}"},{"id":"SkipSignpostRampActionAtForkRight","rule":"{neem de afrit naar rechts}"},{"id":"UTurnRampActionFork","rule":"#Select(#UTurnRampActionAtFork, {neem de oprit})"},{"id":"UTurnRampActionBearRight","rule":"{neem de op/afrit naar rechts}"},{"id":"UTurnRampActionTurnRight","rule":"{sla rechtsaf naar de oprit}"},{"id":"UTurnRampActionMakeSharpRight","rule":"{ga scherp rechts naar de oprit}"},{"id":"UTurnRampActionMakeSharpLeft","rule":"{ga scherp links naar de oprit}"},{"id":"UTurnRampActionBearLeft","rule":"{neem de op/afrit naar links}"},{"id":"UTurnRampActionAtForkLeft","rule":"{neem de afrit naar links}"},{"id":"UTurnRampActionAtForkRight","rule":"{neem de afrit naar rechts}"},{"id":"HighwayActionGo","rule":"{ga}"},{"id":"HighwayActionTurnRight","rule":"{sla rechtsaf}"},{"id":"HighwayActionMakeSharpRight","rule":"{ga scherp rechts}"},{"id":"ForkActionLeft","rule":"{houd}"},{"id":"HighwayActionMakeSharpLeft","rule":"{ga scherp links}"},{"id":"HighwayActionTurnLeft","rule":"{sla linksaf}"},{"id":"HighwayActionBearLeft","rule":"{sla linksaf}"},{"id":"CrossNames","rule":"#String(0) ({ / } #String(1))"},{"id":"EndOfFerryActionGo","rule":"{ga}"},{"id":"EndOfFerryActionBearRight","rule":"{sla rechtsaf}"},{"id":"EndOfFerryActionTurnRight","rule":"{sla rechtsaf}"},{"id":"EndOfFerryActionMakeSharpRight","rule":"{ga scherp rechts}"},{"id":"EndOfFerryActionMakeSharpLeft","rule":"{ga scherp links}"},{"id":"EndOfFerryActionBearLeft","rule":"{sla linksaf}"},{"id":"StopArriveActionContinue","rule":"{weg vervolgen}"},{"id":"StopArriveActionGo","rule":"{ga}"},{"id":"StopArriveActionBack","rule":"{ga terug}"},{"id":"ForkActionRight","rule":"{houd}"},{"id":"ForkActionStraight","rule":"{ga}"},{"id":"UnitSecondNeutral","rule":"{sec}"},{"id":"ForkSideLeft","rule":"{links aan}"},{"id":"ForkSideRight","rule":"{rechts aan}"},{"id":"DistanceShort","rule":"{< } #MinDistance(1) ({ } #DistanceUnits)"},{"id":"CumulativeDistanceLong","rule":"#Select(#Distance(1), {0}) ({ } #DistanceUnits)"},{"id":"TimeShort","rule":"{< 1 min}"},{"id":"TimeLong","rule":"(#TotalHours(0) { uur }) (#RoundedMinutesOfHour(0) { min})"},{"id":"TravelTimeLong","rule":"(#Days(0) { d }) (#HoursOfDay(0) { uur }) (#RoundedMinutesOfHour(0) { min})"},{"id":"StopTimeShort","rule":"{< 1 min}"},{"id":"StopTimeLong","rule":"(#TotalHours(0) { uur }) (#RoundedMinutesOfHour(0) { min})"},{"id":"SignpostDestination","rule":"#String(0) ({ / } #String(1)) ({ / } #String(2)) ({ / } #String(3)) ({ / } #String(4))"},{"id":"StopSideLeft","rule":"{, de bestemming vindt u aan uw linkerhand}"},{"id":"StopSideRight","rule":"{, de bestemming vindt u aan uw rechterhand}"},{"id":"UnitMileSingular","rule":"{mi}"},{"id":"UnitMileNeutral","rule":"{mi}"},{"id":"UnitKilometerSingular","rule":"{km}"},{"id":"UnitKilometerPlural","rule":"{km}"},{"id":"UnitKilometerNeutral","rule":"{km}"},{"id":"UnitMeterSingular","rule":"{m}"},{"id":"UnitMeterPlural","rule":"{m}"},{"id":"UnitMeterNeutral","rule":"{m}"},{"id":"UnitFootSingular","rule":"{ft}"},{"id":"UnitFootNeutral","rule":"{ft}"},{"id":"UnitYardSingular","rule":"{yd}"},{"id":"DirectionTime","rule":"#ItemTime"},{"id":"UnitYardPlural","rule":"{yd}"},{"id":"UnitNauticalSingular","rule":"{nmi}"},{"id":"UnitSecondSingular","rule":"{sec}"},{"id":"UnitSecondPlural","rule":"{sec}"},{"id":"StopSummary","rule":"{Afstand: } #StopLength"},{"id":"StopTimeWindow","rule":"{Tijdsbestek: } #StopTimeWindowStart { - } #StopTimeWindowEnd"},{"id":"StopStayTime","rule":"{Servicetijd: } #StopStayTime"},{"id":"StopFullTime","rule":"#StopFullTime"},{"id":"StopWaitTime","rule":"{Wachttijd: } #StopWaitTime"},{"id":"StopViolationTime","rule":"{Tijdsoverschrijding: } #StopViolationTime"},{"id":"StopLength","rule":"#StopLength"},{"id":"DirectionDrive","rule":"{Rijd} ({ } #ItemLength) ({ ~ } #ItemTime)"},{"id":"DirectionLength","rule":"#ItemLength"},{"id":"DirectionETA","rule":"#ArriveTime"},{"id":"DirectionBranch","rule":"#Branch"},{"id":"DirectionToward","rule":"#Destination"},{"id":"DirectionCrossStreet","rule":"#CrossNames"},{"id":"DirectionExitName","rule":"#SignpostExit"},{"id":"DirectionRestBreak","rule":"#ArriveTime ({-} #DepartTime) { Rustpauze}"},{"id":"DirectionStreet","rule":"NAME"},{"id":"DirectionAltNames","rule":"ALT_NAME ({ / } ALT_NAME2)"},{"id":"DirectionDayEnd","rule":"(#ArriveTime { }) {Einde van de dag}"}],"lookupMapping":[{"id":"ExitNumberString","value":[{"key":"1","value":"{eerste}"},{"key":"2","value":"{tweede}"},{"key":"3","value":"{derde}"},{"key":"4","value":"{vierde}"},{"key":"5","value":"{vijfde}"},{"key":"6","value":"{zesde}"},{"key":"7","value":"{zevende}"},{"key":"8","value":"{achtste}"},{"key":"9","value":"{negende}"},{"key":"10","value":"{tiende}"}]}]}}}]}}