{"directions":{"settings":[{"style":{"id":"NA Desktop","language":{"id":"pl","description":"Polski","strings":[{"id":"AzimuthSE","rule":"{na południowy-wschód}"},{"id":"ManeuverStopOnRoundabout","rule":"{Wjedź na rondo}"},{"id":"ManeuverHeader","rule":"{Wyjazd} ({ z } #StopName)"},{"id":"ManeuverAnyRoad","rule":"#FirstUpper(({jedź} ({ } #Azimuth) ({ w } @@Names) ({ w kierunku } #CrossNames)))"},{"id":"ForkSideStraight","rule":"{prosto}"},{"id":"ManeuverFooter","rule":"{Dojazd} @StopArrival ({ do } #StopName) (#StopSide)"},{"id":"StopArrival","rule":"{ } #StopArrival({wcześniej},{później})"},{"id":"ManeuverDepart","rule":"{Wyjazd} ({ z } #StopName)"},{"id":"ManeuverFerryBypass","rule":"{Pozostań na promie przez} ({ ~ } #ItemTime) ({ } #ItemLength)"},{"id":"Names","rule":"NAME ({ (} ALT_NAME {)})"},{"id":"AzimuthNE","rule":"{na północny-wschód}"},{"id":"ManeuverFerry","rule":"{Skorzystaj z promu} ({ } @@Names) { }"},{"id":"ManeuverUTurn","rule":"{Zawróć} @AtIntersectionOrCrossNames { i jedź z powrotem} ({ w } @@Names)"},{"id":"ManeuverArrive","rule":"{Przyjazd} @StopArrival ({ do } #StopName) (#StopSide)"},{"id":"ManeuverStopArrive","rule":"#FirstUpper((#StopArriveAction ({ } #Azimuth) ({ w } @@Names)))"},{"id":"PathCurveActionTurnLeft","rule":"{skręć w lewo}"},{"id":"TimeZoneChange","rule":"#Sign (#TotalHours(0) { godz. }) (#RoundedMinutesOfHour(0) { min.})"},{"id":"ManeuverOntoHighway","rule":"#FirstUpper( @AtExit #HighwayAction @AtIntersectionNames #Select(@OnBranchDestination, ({ w } @@Names)) )"},{"id":"AtExit","rule":"{na zjeździe } #SignpostExit { }"},{"id":"AtIntersectionNames","rule":"{ w } #Intersection(NAME) ({ (} #Intersection(ALT_NAME) {)})"},{"id":"OnBranchDestination","rule":"({ na } #Branch) ({ w kierunku } #Destination)"},{"id":"FirstActionMakeSharpRight","rule":"{ostro skręć w prawo} @AtIntersectionNames ({ w } NAME)"},{"id":"ManeuverPathCurves","rule":"#FirstUpper( (@AtExit #PathCurveAction @AtIntersectionOrCrossNames ({, pozostań na } @@Names) ({ w kierunku } #Destination)) )"},{"id":"UTurnRampActionTurnLeft","rule":"{skręć w lewo na wyjazd } "},{"id":"AtIntersectionOrCrossNames","rule":"#Select(@AtIntersectionNames, ({ w } #CrossNames))"},{"id":"ManeuverTurnOntoLocalRoad","rule":"#FirstUpper( (@AtExit #LocalRoadAction @AtIntersectionNames ({ w } @@Names) ({ w kierunku } #Destination)) )"},{"id":"ManeuverDoubleTurn","rule":"#FirstUpper( (#FirstTurn(#FirstActionBearing) { i } #SecondTurn(#SecondActionBearing)) )"},{"id":"UnitFootPlural","rule":"{stopy}"},{"id":"LocalRoadActionTurnRight","rule":"{skręć w prawo}"},{"id":"ManeuverUTurnViaRamp","rule":"#FirstUpper((#UTurnRampAction { aby zawrócić i jechać z powrotem} ({ w } @@Names)))"},{"id":"ManeuverUTurnViaRoundabout","rule":"@RoundaboutHeaderGoBack ({ w } @@Names)"},{"id":"FirstActionTurnLeft","rule":"{skręć w lewo} @AtIntersectionNames ({ w } NAME)"},{"id":"RoundaboutHeaderGoBack","rule":"#Select(({Na rondzie, zjedź } @@ExitNumberString(#ExitNumber) { zjazdem i zawróć}), {Wjedź na rondo i zawróć})"},{"id":"AzimuthS","rule":"{na południe}"},{"id":"ManeuverEndOfFerry","rule":"#FirstUpper( @AtExit #EndOfFerryAction #Select(@OnBranchDestination,  ({ w } @@Names)) )"},{"id":"UnitNauticalPlural","rule":"{mile morskie}"},{"id":"PathCurveActionMakeSharpRight","rule":"{skręć ostro w prawo}"},{"id":"ManeuverFork","rule":"#FirstUpper((#Select(@AtExit, {na rozwidleniu dróg}) #ForkAction ({} #ForkSide) #Select(@OnBranchDestination, ({ w } @@Names))))"},{"id":"LocalRoadActionGo","rule":"{jedź}"},{"id":"EventTakeRoundaboutToStay","rule":"{Wjedź na rondo} ({, pozostań na } @@Names)"},{"id":"DirectionCumulativeLength","rule":"#CumulativeDistance"},{"id":"AzimuthSW","rule":"{na południowy-zachód}"},{"id":"ToProceed","rule":"{ kontynuuj} #Select(@OnBranchDestination, ({ w } @@Names))"},{"id":"ManeuverSkipRoundabout","rule":"@RoundaboutHeader @ToProceed"},{"id":"AzimuthW","rule":"{na zachód}"},{"id":"RoundaboutHeader","rule":"#Select(({Na rondzie, zjedź } @@ExitNumberString(#ExitNumber) { zjazdem}), {Wjedź na rondo})"},{"id":"ManeuverSkipRoundaboutRamp","rule":"@RoundaboutHeader #Select(@ToBranchDestination, ({ do } @@Names))"},{"id":"ToBranchDestination","rule":"({ na } #Branch) ({ w kierunku } #Destination)"},{"id":"EventRestrictionViolation","rule":"{Ograniczenie: } #Restriction"},{"id":"ManeuverSkipHighwayRamps","rule":"#FirstUpper( @AtExit #SkipHighwayRampAction #Select(@AndGoOnBranchDestination, ({ i jedź w } @@Names)) )"},{"id":"AndGoOnBranchDestination","rule":"({ i jedź w } #Branch) ({w kierunku} #Destination)"},{"id":"LocalRoadActionBearRight","rule":"{skręć lekko w prawo}"},{"id":"ManeuverSkipSignpostRamps","rule":"#FirstUpper( @AtExit #SkipSignpostRampAction #Select(@ToBranchDestination, ({ do } @@Names) ))"},{"id":"TravelTimeShort","rule":"{< 1 min.}"},{"id":"UnitMilePlural","rule":"{mile}"},{"id":"EventTimeChanged","rule":"{Wjazd do nowej strefy czasowej.} ({ Zmiana czasu: } #TZChange)"},{"id":"FirstActionBearRight","rule":"{skręć lekko w prawo} @AtIntersectionNames ({ w } NAME)"},{"id":"PathCurveActionContinue","rule":"{kontynuuj}"},{"id":"EventCrossingBorder","rule":"{Wjedź} ({ } CROSSADMINBORDER)"},{"id":"AzimuthN","rule":"{na północ}"},{"id":"AzimuthE","rule":"{na wschód}"},{"id":"AzimuthNW","rule":"{na północny zachód}"},{"id":"PathCurveActionBearRight","rule":"{skręć lekko w prawo}"},{"id":"LocalRoadActionContinue","rule":"{kontynuuj}"},{"id":"LocalRoadActionMakeSharpRight","rule":"{skręć ostro w prawo}"},{"id":"LocalRoadActionMakeSharpLeft","rule":"{skręć ostro w lewo}"},{"id":"PathCurveActionBearLeft","rule":"{skręć lekko w lewo}"},{"id":"LocalRoadActionTurnLeft","rule":"{skręć w lewo}"},{"id":"LocalRoadActionBearLeft","rule":"{skręć lekko w lewo}"},{"id":"PathCurveActionTurnRight","rule":"{skręć w prawo}"},{"id":"PathCurveActionMakeSharpLeft","rule":"{skręć ostro w lewo}"},{"id":"FirstActionTurnRight","rule":"{skręć w prawo} @AtIntersectionNames ({ w } NAME)"},{"id":"FirstActionMakeSharpLeft","rule":"{ostro skręć w lewo} @AtIntersectionNames ({ w } NAME)"},{"id":"FirstActionBearLeft","rule":"{skręć lekko w lewo} @AtIntersectionNames ({ w } NAME)"},{"id":"FirstActionContinue","rule":"{kontynuuj} @AtIntersectionNames ({ w } NAME)"},{"id":"SecondActionBearRight","rule":"{od razu lekko skręć w prawo} ({ w } NAME)"},{"id":"DirectionAfterBreak","rule":"(#DepartTime { }) {Pozostań} { na } NAME ({ (} ALT_NAME {)})"},{"id":"SecondActionTurnRight","rule":"{od razu skręć w prawo} ({ w } NAME)"},{"id":"SecondActionMakeSharpRight","rule":"{od razu ostro skręć w prawo} ({ w } NAME)"},{"id":"SkipHighwayRampActionAtForkRight","rule":"{zjedź z prawej strony}"},{"id":"SecondActionMakeSharpLeft","rule":"{od razu ostro skręć w lewo} ({ w } NAME)"},{"id":"EndOfFerryActionTurnLeft","rule":"{skręć w lewo}"},{"id":"SecondActionTurnLeft","rule":"{od razu skręć w lewo} ({ w } NAME)"},{"id":"SecondActionBearLeft","rule":"{od razu lekko skręć w lewo} ({ w } NAME)"},{"id":"SecondActionContinue","rule":"{od razu kontynuuj} ({ w } NAME)"},{"id":"HighwayActionBearRight","rule":"{skręć lekko w prawo}"},{"id":"DistanceLong","rule":"#Distance(1) ({ } #DistanceUnits)"},{"id":"SkipHighwayRampActionAtFork","rule":"#Select(#SkipHighwayRampActionAtFork,{zjedź})"},{"id":"UnitNauticalNeutral","rule":"{mila(i) morska(iej)}"},{"id":"SkipHighwayRampActionBearRight","rule":"{skręć lekko w prawo na zjazd}"},{"id":"SkipHighwayRampActionTurnRight","rule":"{skręć w prawo na zjazd}"},{"id":"SkipHighwayRampActionMakeSharpRight","rule":"{ostro skręć w prawo na zjazd}"},{"id":"SkipHighwayRampActionMakeSharpLeft","rule":"{ostro skręć w lewo na zjazd}"},{"id":"SkipHighwayRampActionTurnLeft","rule":"{skręć w lewo na zjazd}"},{"id":"SkipHighwayRampActionBearLeft","rule":"{skręć lekko w lewo na zjazd}"},{"id":"SkipHighwayRampActionTakeRamp","rule":"{zjedź}"},{"id":"SkipHighwayRampActionAtForkLeft","rule":"{zjedź z lewej strony}"},{"id":"SkipSignpostRampActionAtFork","rule":"#Select(#SkipSignpostRampActionAtFork, {zjedź})"},{"id":"SkipSignpostRampActionBearRight","rule":"{skręć lekko w prawo na zjazd}"},{"id":"SkipSignpostRampActionTurnRight","rule":"{skręć w prawo na zjazd}"},{"id":"UnitYardNeutral","rule":"{jard(a)}"},{"id":"SkipSignpostRampActionMakeSharpRight","rule":"{ostro skręć w prawo na zjazd}"},{"id":"UTurnRampActionTakeRamp","rule":"{zjedź}"},{"id":"SkipSignpostRampActionMakeSharpLeft","rule":"{ostro skręć w lewo na zjazd}"},{"id":"SkipSignpostRampActionTurnLeft","rule":"{skręć w lewo na zjazd}"},{"id":"SkipSignpostRampActionBearLeft","rule":"{skręć lekko w lewo na zjazd}"},{"id":"SkipSignpostRampActionTakeRamp","rule":"{zjedź}"},{"id":"SkipSignpostRampActionAtForkLeft","rule":"{zjedź z lewej strony}"},{"id":"SkipSignpostRampActionAtForkRight","rule":"{zjedź z prawej strony}"},{"id":"UTurnRampActionFork","rule":"#Select(#UTurnRampActionAtFork,{zjedź})"},{"id":"UTurnRampActionBearRight","rule":"{skręć lekko w prawo na wyjazd } "},{"id":"UTurnRampActionTurnRight","rule":"{skręć w prawo na wyjazd } "},{"id":"UTurnRampActionMakeSharpRight","rule":"{ostro skręć w prawo na wyjazd}"},{"id":"UTurnRampActionMakeSharpLeft","rule":"{ostro skręć w lewo na wyjazd}"},{"id":"UTurnRampActionBearLeft","rule":"{skręć lekko w lewo na wyjazd } "},{"id":"UTurnRampActionAtForkLeft","rule":"{zjedź z lewej strony}"},{"id":"UTurnRampActionAtForkRight","rule":"{zjedź z prawej strony}"},{"id":"HighwayActionGo","rule":"{jedź}"},{"id":"HighwayActionTurnRight","rule":"{skręć w prawo}"},{"id":"HighwayActionMakeSharpRight","rule":"{skręć ostro w prawo}"},{"id":"ForkActionLeft","rule":"{trzymaj się}"},{"id":"HighwayActionMakeSharpLeft","rule":"{skręć ostro w lewo}"},{"id":"HighwayActionTurnLeft","rule":"{skręć w lewo}"},{"id":"HighwayActionBearLeft","rule":"{skręć lekko w lewo}"},{"id":"CrossNames","rule":"#String(0) ({ / } #String(1))"},{"id":"EndOfFerryActionGo","rule":"{jedź}"},{"id":"EndOfFerryActionBearRight","rule":"{skręć lekko w prawo}"},{"id":"EndOfFerryActionTurnRight","rule":"{skręć w prawo}"},{"id":"EndOfFerryActionMakeSharpRight","rule":"{skręć ostro w prawo}"},{"id":"EndOfFerryActionMakeSharpLeft","rule":"{skręć ostro w lewo}"},{"id":"EndOfFerryActionBearLeft","rule":"{skręć lekko w lewo}"},{"id":"StopArriveActionContinue","rule":"{kontynuuj}"},{"id":"StopArriveActionGo","rule":"{jedź}"},{"id":"StopArriveActionBack","rule":"{zawróć}"},{"id":"ForkActionRight","rule":"{trzymaj się}"},{"id":"ForkActionStraight","rule":"{jedź}"},{"id":"UnitSecondNeutral","rule":"{sekunda(y)}"},{"id":"ForkSideLeft","rule":"{lewej strony}"},{"id":"ForkSideRight","rule":"{prawej strony}"},{"id":"DistanceShort","rule":"{< } #MinDistance(1) ({ } #DistanceUnits)"},{"id":"CumulativeDistanceLong","rule":"#Select(#Distance(1), {0}) ({ } #DistanceUnits)"},{"id":"TimeShort","rule":"{< 1 min}"},{"id":"TimeLong","rule":"(#TotalHours(0) { godz. }) (#RoundedMinutesOfHour(0) { min.})"},{"id":"TravelTimeLong","rule":"(#Days(0) { d. }) (#HoursOfDay(0) { godz. }) (#RoundedMinutesOfHour(0) { min.})"},{"id":"StopTimeShort","rule":"{< 1 min.}"},{"id":"StopTimeLong","rule":"(#TotalHours(0) { godz. }) (#RoundedMinutesOfHour(0) { min.})"},{"id":"SignpostDestination","rule":"#String(0) ({ / } #String(1)) ({ / } #String(2)) ({ / } #String(3)) ({ / } #String(4))"},{"id":"StopSideLeft","rule":"{ z lewej strony}"},{"id":"StopSideRight","rule":"{ z prawej strony}"},{"id":"UnitMileSingular","rule":"{mila}"},{"id":"UnitMileNeutral","rule":"{mil}"},{"id":"UnitKilometerSingular","rule":"{km}"},{"id":"UnitKilometerPlural","rule":"{km}"},{"id":"UnitKilometerNeutral","rule":"{km}"},{"id":"UnitMeterSingular","rule":"{m}"},{"id":"UnitMeterPlural","rule":"{m}"},{"id":"UnitMeterNeutral","rule":"{m}"},{"id":"UnitFootSingular","rule":"{stopa}"},{"id":"UnitFootNeutral","rule":"{stopa(y)}"},{"id":"UnitYardSingular","rule":"{jard}"},{"id":"DirectionTime","rule":"#ItemTime"},{"id":"UnitYardPlural","rule":"{jardy}"},{"id":"UnitNauticalSingular","rule":"{mila morska}"},{"id":"UnitSecondSingular","rule":"{sekunda}"},{"id":"UnitSecondPlural","rule":"{sekundy}"},{"id":"StopSummary","rule":"{Odległość: } #StopLength"},{"id":"StopTimeWindow","rule":"{Okno czasu: } #StopTimeWindowStart { - } #StopTimeWindowEnd"},{"id":"StopStayTime","rule":"{Czas obsługi: } #StopStayTime"},{"id":"StopFullTime","rule":"#StopFullTime"},{"id":"StopWaitTime","rule":"{Czas oczekiwania: } #StopWaitTime"},{"id":"StopViolationTime","rule":"{Czas opóźnienia: } #StopViolationTime"},{"id":"StopLength","rule":"#StopLength"},{"id":"DirectionDrive","rule":"{Trasa} ({ } #ItemLength) ({ ~ } #ItemTime)"},{"id":"DirectionLength","rule":"#ItemLength"},{"id":"DirectionETA","rule":"#ArriveTime"},{"id":"DirectionBranch","rule":"#Branch"},{"id":"DirectionToward","rule":"#Destination"},{"id":"DirectionCrossStreet","rule":"#CrossNames"},{"id":"DirectionExitName","rule":"#SignpostExit"},{"id":"DirectionRestBreak","rule":"#ArriveTime ({-} #DepartTime) { Pozostało przerwy}"},{"id":"DirectionStreet","rule":"NAME"},{"id":"DirectionAltNames","rule":"ALT_NAME ({ / } ALT_NAME2)"},{"id":"DirectionDayEnd","rule":"(#ArriveTime { }) {Koniec dnia}"}],"lookupMapping":[{"id":"ExitNumberString","value":[{"key":"1","value":"{1-szym}"},{"key":"2","value":"{2-gim}"},{"key":"3","value":"{3-cim}"},{"key":"4","value":"{4-tym}"},{"key":"5","value":"{5-tym}"},{"key":"6","value":"{6-tym}"},{"key":"7","value":"{7-tym}"},{"key":"8","value":"{8-mym}"},{"key":"9","value":"{9-tym}"},{"key":"10","value":"{10-tym}"}]}]}}}]}}