{"directions":{"settings":[{"style":{"id":"NA Desktop","language":{"id":"pt-BR","description":"Português (Brasil)","strings":[{"id":"AzimuthSE","rule":"{sudeste}"},{"id":"ManeuverStopOnRoundabout","rule":"{Utilizar rotatória}"},{"id":"ManeuverHeader","rule":"{Início} ({ em } #StopName)"},{"id":"ManeuverAnyRoad","rule":"#FirstUpper(({seguir} ({ } #Azimuth) ({ em } @@Names) ({ em direção a } #CrossNames)))"},{"id":"ForkSideStraight","rule":"{reto}"},{"id":"ManeuverFooter","rule":"{Término} @StopArrival ({ em } #StopName) (#StopSide)"},{"id":"StopArrival","rule":"{ } #StopArrival({cedo},{tarde})"},{"id":"ManeuverDepart","rule":"{Partida} ({ } #StopName)"},{"id":"ManeuverFerryBypass","rule":"{Permanecer na balsa} ({ ~ } #ItemTime) ({ } #ItemLength)"},{"id":"Names","rule":"NAME ({ (} ALT_NAME {)})"},{"id":"AzimuthNE","rule":"{nordeste}"},{"id":"ManeuverFerry","rule":"{Utilizar} ({ } @@Names) { balsa}"},{"id":"ManeuverUTurn","rule":"{Fazer retorno} @AtIntersectionOrCrossNames { e voltar} (({ em } @@Names))"},{"id":"ManeuverArrive","rule":"{Chegada} @StopArrival ({ em } #StopName) (#StopSide)"},{"id":"ManeuverStopArrive","rule":"#FirstUpper((#StopArriveAction ({ } #Azimuth) ({ em } @@Names)))"},{"id":"PathCurveActionTurnLeft","rule":"{virar à esquerda}"},{"id":"TimeZoneChange","rule":"#Sign (#TotalHours(0) { h }) (#RoundedMinutesOfHour(0) { min})"},{"id":"ManeuverOntoHighway","rule":"#FirstUpper(( @AtExit #HighwayAction @AtIntersectionNames #Select(@OnBranchDestination, ({ em } @@Names)) ))"},{"id":"AtExit","rule":"{na saída } #SignpostExit { }"},{"id":"AtIntersectionNames","rule":"{ na } #Intersection(NAME) ({ (} #Intersection(ALT_NAME) {)})"},{"id":"OnBranchDestination","rule":"({ em } #Branch) ({ em direção a } #Destination)"},{"id":"FirstActionMakeSharpRight","rule":"{curva acentuada à direita} @AtIntersectionNames ({ em } NAME)"},{"id":"ManeuverPathCurves","rule":"#FirstUpper( (@AtExit #PathCurveAction @AtIntersectionOrCrossNames ({ para permanecer em } @@Names) ({ em direção a } #Destination)) )"},{"id":"UTurnRampActionTurnLeft","rule":"{virar à esquerda sobre a rampa}"},{"id":"AtIntersectionOrCrossNames","rule":"#Select(@AtIntersectionNames, ({ em } #CrossNames))"},{"id":"ManeuverTurnOntoLocalRoad","rule":"#FirstUpper(( @AtExit #LocalRoadAction @AtIntersectionNames ({ em } @@Names)  ({ em direção a } #Destination) ))"},{"id":"ManeuverDoubleTurn","rule":"#FirstUpper((#FirstTurn(#FirstActionBearing) { e } #SecondTurn(#SecondActionBearing)))"},{"id":"UnitFootPlural","rule":"{ft}"},{"id":"LocalRoadActionTurnRight","rule":"{virar à direita}"},{"id":"ManeuverUTurnViaRamp","rule":"#FirstUpper( (#UTurnRampAction { para fazer o retorno e voltar} ({ em } @@Names)) )"},{"id":"ManeuverUTurnViaRoundabout","rule":"@RoundaboutHeaderGoBack (({ em } @@Names))"},{"id":"FirstActionTurnLeft","rule":"{virar à esquerda} @AtIntersectionNames ({ em } NAME)"},{"id":"RoundaboutHeaderGoBack","rule":"#Select(({Na rotatória, utilizar } @@ExitNumberString(#ExitNumber) { saída para voltar}), {Utilizar rotatória e voltar})"},{"id":"AzimuthS","rule":"{sul}"},{"id":"ManeuverEndOfFerry","rule":"#FirstUpper(( @AtExit #EndOfFerryAction #Select(@OnBranchDestination,  ({ em } @@Names)) ))"},{"id":"UnitNauticalPlural","rule":"{nmi}"},{"id":"PathCurveActionMakeSharpRight","rule":"{curva acentuada à direita}"},{"id":"ManeuverFork","rule":"#FirstUpper((#Select(@AtExit, {na bifurcação }) #ForkAction ({ } #ForkSide) #Select(@OnBranchDestination, ({ em } @@Names))))"},{"id":"LocalRoadActionGo","rule":"{seguir}"},{"id":"EventTakeRoundaboutToStay","rule":"{Utilizar rotatória} ({ para permanecer em } @@Names)"},{"id":"DirectionCumulativeLength","rule":"#CumulativeDistance"},{"id":"AzimuthSW","rule":"{sudoeste}"},{"id":"ToProceed","rule":"{ para prosseguir} #Select(@OnBranchDestination, ({ em } @@Names))"},{"id":"ManeuverSkipRoundabout","rule":"@RoundaboutHeader @ToProceed"},{"id":"AzimuthW","rule":"{oeste}"},{"id":"RoundaboutHeader","rule":"#Select(({Na rotatória, utilizar } @@ExitNumberString(#ExitNumber) { saída}), {Utilizar rotatória})"},{"id":"ManeuverSkipRoundaboutRamp","rule":"@RoundaboutHeader #Select(@ToBranchDestination, ({ para } @@Names))"},{"id":"ToBranchDestination","rule":"({ em } #Branch) ({ em direção a } #Destination)"},{"id":"EventRestrictionViolation","rule":"{Restrição: } #Restriction"},{"id":"ManeuverSkipHighwayRamps","rule":"#FirstUpper( @AtExit #SkipHighwayRampAction #Select(@AndGoOnBranchDestination, ({ e continuar } @@Names)) )"},{"id":"AndGoOnBranchDestination","rule":"({ e continuar } #Branch) ({ em direção a } #Destination)"},{"id":"LocalRoadActionBearRight","rule":"{manter à direita}"},{"id":"ManeuverSkipSignpostRamps","rule":"#FirstUpper( @AtExit #SkipSignpostRampAction #Select(@ToBranchDestination, ({ para } @@Names)) )"},{"id":"TravelTimeShort","rule":"{< 1 min}"},{"id":"UnitMilePlural","rule":"{mi}"},{"id":"EventTimeChanged","rule":"{Inserir uma nova zona de tempo.} ({ Alterar tempo: } #TZChange)"},{"id":"FirstActionBearRight","rule":"{manter à direita} @AtIntersectionNames ({ em } NAME)"},{"id":"PathCurveActionContinue","rule":"{continuar}"},{"id":"EventCrossingBorder","rule":"{Entrar} ({ } CROSSADMINBORDER)"},{"id":"AzimuthN","rule":"{norte}"},{"id":"AzimuthE","rule":"{leste}"},{"id":"AzimuthNW","rule":"{noroeste}"},{"id":"PathCurveActionBearRight","rule":"{manter à direita}"},{"id":"LocalRoadActionContinue","rule":"{continuar}"},{"id":"LocalRoadActionMakeSharpRight","rule":"{curva acentuada à direita}"},{"id":"LocalRoadActionMakeSharpLeft","rule":"{curva acentuada à esquerda}"},{"id":"PathCurveActionBearLeft","rule":"{manter à esquerda}"},{"id":"LocalRoadActionTurnLeft","rule":"{virar à esquerda}"},{"id":"LocalRoadActionBearLeft","rule":"{manter à esquerda}"},{"id":"PathCurveActionTurnRight","rule":"{virar à direita}"},{"id":"PathCurveActionMakeSharpLeft","rule":"{curva acentuada à esquerda}"},{"id":"FirstActionTurnRight","rule":"{virar à direita} @AtIntersectionNames ({ em } NAME)"},{"id":"FirstActionMakeSharpLeft","rule":"{curva acentuada à esquerda} @AtIntersectionNames ({ em } NAME)"},{"id":"FirstActionBearLeft","rule":"{manter à esquerda} @AtIntersectionNames ({ em } NAME)"},{"id":"FirstActionContinue","rule":"{continuar} @AtIntersectionNames ({ em } NAME)"},{"id":"SecondActionBearRight","rule":"{imediatamente manter à direita} ({ em } NAME)"},{"id":"DirectionAfterBreak","rule":"(#DepartTime { }) {Permanecer} { em } NAME ({ (} ALT_NAME {)})"},{"id":"SecondActionTurnRight","rule":"{imediatamente virar à direita} ({ on } NAME)"},{"id":"SecondActionMakeSharpRight","rule":"{imediatamente curva acentuada à direita} ({ on } NAME)"},{"id":"SkipHighwayRampActionAtForkRight","rule":"{utilizar rampa à direita}"},{"id":"SecondActionMakeSharpLeft","rule":"{imediatamente curva acentuada à esquerda} ({ on } NAME)"},{"id":"EndOfFerryActionTurnLeft","rule":"{virar à esquerda}"},{"id":"SecondActionTurnLeft","rule":"{imediatamente virar à esquerda} ({ on } NAME)"},{"id":"SecondActionBearLeft","rule":"{imediatamente manter à esquerda} ({ em } NAME)"},{"id":"SecondActionContinue","rule":"{imediatamente continuar} ({ em } NAME)"},{"id":"HighwayActionBearRight","rule":"{manter à direita}"},{"id":"DistanceLong","rule":"#Distance(1) ({ } #DistanceUnits)"},{"id":"SkipHighwayRampActionAtFork","rule":"#Select(#SkipHighwayRampActionAtFork, {na})"},{"id":"UnitNauticalNeutral","rule":"{nmi}"},{"id":"SkipHighwayRampActionBearRight","rule":"{manter à direita sobre a rampa}"},{"id":"SkipHighwayRampActionTurnRight","rule":"{virar à direita sobre a rampa}"},{"id":"SkipHighwayRampActionMakeSharpRight","rule":"{curva acentuada à direita sobre a rampa}"},{"id":"SkipHighwayRampActionMakeSharpLeft","rule":"{curva acentuada à esquerda sobre a rampa}"},{"id":"SkipHighwayRampActionTurnLeft","rule":"{virar à esquerda sobre a rampa}"},{"id":"SkipHighwayRampActionBearLeft","rule":"{manter à esquerda sobre a rampa}"},{"id":"SkipHighwayRampActionTakeRamp","rule":"{utilizar rampa}"},{"id":"SkipHighwayRampActionAtForkLeft","rule":"{utilizar rampa à esquerda}"},{"id":"SkipSignpostRampActionAtFork","rule":"#Select(#SkipSignpostRampActionAtFork, {utilizar a rampa})"},{"id":"SkipSignpostRampActionBearRight","rule":"{manter à direita sobre a rampa}"},{"id":"SkipSignpostRampActionTurnRight","rule":"{virar à direita sobre a rampa}"},{"id":"UnitYardNeutral","rule":"{yd}"},{"id":"SkipSignpostRampActionMakeSharpRight","rule":"{curva acentuada à direita sobre a rampa}"},{"id":"UTurnRampActionTakeRamp","rule":"{utilizar rampa}"},{"id":"SkipSignpostRampActionMakeSharpLeft","rule":"{curva acentuada à esquerda sobre a rampa}"},{"id":"SkipSignpostRampActionTurnLeft","rule":"{virar à esquerda sobre a rampa}"},{"id":"SkipSignpostRampActionBearLeft","rule":"{manter à esquerda sobre a rampa}"},{"id":"SkipSignpostRampActionTakeRamp","rule":"{utilizar a rampa}"},{"id":"SkipSignpostRampActionAtForkLeft","rule":"{utilizar a rampa na à esquerda}"},{"id":"SkipSignpostRampActionAtForkRight","rule":"{utilizar a rampa na à direita}"},{"id":"UTurnRampActionFork","rule":"#Select(#UTurnRampActionAtFork, {sobre a rampa})"},{"id":"UTurnRampActionBearRight","rule":"{manter à direita sobre a rampa}"},{"id":"UTurnRampActionTurnRight","rule":"{virar à direita sobre a rampa}"},{"id":"UTurnRampActionMakeSharpRight","rule":"{curva acentuada à direita sobre a rampa}"},{"id":"UTurnRampActionMakeSharpLeft","rule":"{curva acentuada à esquerda sobre a rampa}"},{"id":"UTurnRampActionBearLeft","rule":"{manter à esquerda sobre a rampa}"},{"id":"UTurnRampActionAtForkLeft","rule":"{utilizar rampa na esquerda}"},{"id":"UTurnRampActionAtForkRight","rule":"{utilizar rampa na esquerda}"},{"id":"HighwayActionGo","rule":"{seguir}"},{"id":"HighwayActionTurnRight","rule":"{virar à direita}"},{"id":"HighwayActionMakeSharpRight","rule":"{curva acentuada à direita}"},{"id":"ForkActionLeft","rule":"{manter}"},{"id":"HighwayActionMakeSharpLeft","rule":"{curva acentuada à esquerda}"},{"id":"HighwayActionTurnLeft","rule":"{virar à esquerda}"},{"id":"HighwayActionBearLeft","rule":"{manter à esquerda}"},{"id":"CrossNames","rule":"#String(0) ({ / } #String(1))"},{"id":"EndOfFerryActionGo","rule":"{seguir}"},{"id":"EndOfFerryActionBearRight","rule":"{manter à à direita}"},{"id":"EndOfFerryActionTurnRight","rule":"{virar à direita}"},{"id":"EndOfFerryActionMakeSharpRight","rule":"{curva acentuada à direita}"},{"id":"EndOfFerryActionMakeSharpLeft","rule":"{curva acentuada à esquerda}"},{"id":"EndOfFerryActionBearLeft","rule":"{manter à esquerda}"},{"id":"StopArriveActionContinue","rule":"{continuar}"},{"id":"StopArriveActionGo","rule":"{seguir}"},{"id":"StopArriveActionBack","rule":"{voltar}"},{"id":"ForkActionRight","rule":"{manter}"},{"id":"ForkActionStraight","rule":"{ir}"},{"id":"UnitSecondNeutral","rule":"{s}"},{"id":"ForkSideLeft","rule":"{ à esquerda}"},{"id":"ForkSideRight","rule":"{ à direita}"},{"id":"DistanceShort","rule":"{< } #MinDistance(1) ({ } #DistanceUnits)"},{"id":"CumulativeDistanceLong","rule":"#Select(#Distance(1), {0}) ({ } #DistanceUnits)"},{"id":"TimeShort","rule":"{< 1 min}"},{"id":"TimeLong","rule":"(#TotalHours(0) { h }) (#RoundedMinutesOfHour(0) { min})"},{"id":"TravelTimeLong","rule":"(#Days(0) { d }) (#HoursOfDay(0) { h }) (#RoundedMinutesOfHour(0) { min})"},{"id":"StopTimeShort","rule":"{< 1 min}"},{"id":"StopTimeLong","rule":"(#TotalHours(0) { h }) (#RoundedMinutesOfHour(0) { min})"},{"id":"SignpostDestination","rule":"#String(0) ({ / } #String(1)) ({ / } #String(2)) ({ / } #String(3)) ({ / } #String(4))"},{"id":"StopSideLeft","rule":"{ à esquerda}"},{"id":"StopSideRight","rule":"{ à direita}"},{"id":"UnitMileSingular","rule":"{mi}"},{"id":"UnitMileNeutral","rule":"{mi}"},{"id":"UnitKilometerSingular","rule":"{km}"},{"id":"UnitKilometerPlural","rule":"{km}"},{"id":"UnitKilometerNeutral","rule":"{km}"},{"id":"UnitMeterSingular","rule":"{m}"},{"id":"UnitMeterPlural","rule":"{m}"},{"id":"UnitMeterNeutral","rule":"{m}"},{"id":"UnitFootSingular","rule":"{ft}"},{"id":"UnitFootNeutral","rule":"{ft}"},{"id":"UnitYardSingular","rule":"{yd}"},{"id":"DirectionTime","rule":"#ItemTime"},{"id":"UnitYardPlural","rule":"{yd}"},{"id":"UnitNauticalSingular","rule":"{nmi}"},{"id":"UnitSecondSingular","rule":"{s}"},{"id":"UnitSecondPlural","rule":"{s}"},{"id":"StopSummary","rule":"{Distância: } #StopLength"},{"id":"StopTimeWindow","rule":"{Janela de tempo: } #StopTimeWindowStart { - } #StopTimeWindowEnd"},{"id":"StopStayTime","rule":"{Tempo de serviço: } #StopStayTime"},{"id":"StopFullTime","rule":"#StopFullTime"},{"id":"StopWaitTime","rule":"{Tempo de espera: } #StopWaitTime"},{"id":"StopViolationTime","rule":"{Violação de tempo: } #StopViolationTime"},{"id":"StopLength","rule":"#StopLength"},{"id":"DirectionDrive","rule":"{Dirigir} ({ } #ItemLength) ({ ~ } #ItemTime)"},{"id":"DirectionLength","rule":"#ItemLength"},{"id":"DirectionETA","rule":"#ArriveTime"},{"id":"DirectionBranch","rule":"#Branch"},{"id":"DirectionToward","rule":"#Destination"},{"id":"DirectionCrossStreet","rule":"#CrossNames"},{"id":"DirectionExitName","rule":"#SignpostExit"},{"id":"DirectionRestBreak","rule":"#ArriveTime ({-} #DepartTime) { Parada para descanso}"},{"id":"DirectionStreet","rule":"NAME"},{"id":"DirectionAltNames","rule":"ALT_NAME ({ / } ALT_NAME2)"},{"id":"DirectionDayEnd","rule":"(#ArriveTime { }) {Fim do dia}"}],"lookupMapping":[{"id":"ExitNumberString","value":[{"key":"1","value":"{primeira}"},{"key":"2","value":"{segunda}"},{"key":"3","value":"{terceira}"},{"key":"4","value":"{quarta}"},{"key":"5","value":"{quinta}"},{"key":"6","value":"{sexta}"},{"key":"7","value":"{sétima}"},{"key":"8","value":"{oitava}"},{"key":"9","value":"{nona}"},{"key":"10","value":"{décima}"}]}]}}}]}}