{"directions":{"settings":[{"style":{"id":"NA Desktop","language":{"id":"ru","description":"русский","strings":[{"id":"AzimuthSE","rule":"{юго-восток}"},{"id":"ManeuverStopOnRoundabout","rule":"{Проезжайте по кругу}"},{"id":"ManeuverHeader","rule":"{Начните движение} ({ от } #StopName)"},{"id":"ManeuverAnyRoad","rule":"#FirstUpper(({поезжайте} ({ на } #Azimuth) ({ по } @@Names) ({ в направлении } #CrossNames)))"},{"id":"ForkSideStraight","rule":"{прямо}"},{"id":"ManeuverFooter","rule":"{Завершите движение} @StopArrival ({ в } #StopName) (#StopSide)"},{"id":"StopArrival","rule":"{ } #StopArrival({досрочно},{с опозданием})"},{"id":"ManeuverDepart","rule":"{Отправление} ({ от } #StopName)"},{"id":"ManeuverFerryBypass","rule":"{Оставайтесь на пароме} ({ ~ } #ItemTime) ({ } #ItemLength)"},{"id":"Names","rule":"NAME ({ (} ALT_NAME {)})"},{"id":"AzimuthNE","rule":"{северо-восток}"},{"id":"ManeuverFerry","rule":"{Переправляйтесь на пароме} ({ } @@Names)"},{"id":"ManeuverUTurn","rule":"#FirstUpper(( @AtIntersectionOrCrossNames {развернитесь и продолжайте движение в обратном направлении} ({ по } @@Names) ))"},{"id":"ManeuverArrive","rule":"{Прибытие} @StopArrival ({ в } #StopName) (#StopSide)"},{"id":"ManeuverStopArrive","rule":"#FirstUpper((#StopArriveAction ({ на } #Azimuth) ({ по } @@Names)))"},{"id":"PathCurveActionTurnLeft","rule":"{поверните налево}"},{"id":"TimeZoneChange","rule":"#Sign (#TotalHours(0) { ч. }) (#RoundedMinutesOfHour(0) { мин.})"},{"id":"ManeuverOntoHighway","rule":"#FirstUpper( @AtExit @AtIntersectionNames #HighwayAction )"},{"id":"AtExit","rule":"{на указателе } #SignpostExit { }"},{"id":"AtIntersectionNames","rule":"{на } #Intersection(NAME) ({ (} #Intersection(ALT_NAME) {)}) { }"},{"id":"FirstActionMakeSharpRight","rule":"@AtIntersectionNames {резко поверните направо} ({ на } NAME)"},{"id":"ManeuverPathCurves","rule":"#FirstUpper( (@AtExit @AtIntersectionOrCrossNames #PathCurveAction ({ и продолжайте двигаться по } @@Names) ({ в направлении } #Destination)) )"},{"id":"UTurnRampActionTurnLeft","rule":"{поверните налево на съезд}"},{"id":"AtIntersectionOrCrossNames","rule":"#Select(@AtIntersectionNames, ({на } #CrossNames { }))"},{"id":"ManeuverTurnOntoLocalRoad","rule":"#FirstUpper( (@AtExit @AtIntersectionNames #LocalRoadAction ({ в направлении } #Destination)) )"},{"id":"ManeuverDoubleTurn","rule":"#FirstUpper( (#FirstTurn(#FirstActionBearing) { и } #SecondTurn(#SecondActionBearing)) )"},{"id":"UnitFootPlural","rule":"{футов}"},{"id":"LocalRoadActionTurnRight","rule":"{поверните направо} ({ на } @@Names)"},{"id":"ManeuverUTurnViaRamp","rule":"#FirstUpper((#UTurnRampAction {, чтобы выполнить разворот и проследовать в обратном направлении} ({ по } @@Names)))"},{"id":"ManeuverUTurnViaRoundabout","rule":"@RoundaboutHeaderGoBack ({ по } @@Names)"},{"id":"FirstActionTurnLeft","rule":"@AtIntersectionNames {поверните налево} ({ на } NAME)"},{"id":"RoundaboutHeaderGoBack","rule":"#Select(({На круге сверните на } @@ExitNumberString(#ExitNumber) { съезд, и следуйте в обратном направлении}), {Двигайтесь по кругу и следуйте в обратном направлении})"},{"id":"AzimuthS","rule":"{юг}"},{"id":"ManeuverEndOfFerry","rule":"#FirstUpper( @AtExit #EndOfFerryAction )"},{"id":"UnitNauticalPlural","rule":"{мор. миль}"},{"id":"PathCurveActionMakeSharpRight","rule":"{резко поверните направо}"},{"id":"ManeuverFork","rule":"#FirstUpper((#Select(@AtExit, {на развилке }) #ForkAction ({ } #ForkSide) #Select(@PoBranchDestination, ({ по } @@Names))))"},{"id":"PoBranchDestination","rule":"({ по } #Branch) ({ в направлении } #Destination)"},{"id":"LocalRoadActionGo","rule":"{поезжайте} ({ по } @@Names)"},{"id":"EventTakeRoundaboutToStay","rule":"{Проезжайте по кругу} ({ и продолжайте двигаться по } @@Names)"},{"id":"DirectionCumulativeLength","rule":"#CumulativeDistance"},{"id":"AzimuthSW","rule":"{юго-запад}"},{"id":"ToProceed","rule":"{ и двигайтесь} #Select(@PoBranchDestination, ({ по } @@Names))"},{"id":"ManeuverSkipRoundabout","rule":"@RoundaboutHeader @ToProceed"},{"id":"AzimuthW","rule":"{запад}"},{"id":"RoundaboutHeader","rule":"#Select(({На круге сверните на } @@ExitNumberString(#ExitNumber) { съезд}), {Въедьте на круг})"},{"id":"ManeuverSkipRoundaboutRamp","rule":"@RoundaboutHeader #Select(@ToBranchDestination, ({ в направлении } @@Names))"},{"id":"ToBranchDestination","rule":"({ в сторону } #Branch) ({ в направлении } #Destination)"},{"id":"EventRestrictionViolation","rule":"{Ограничение: } #Restriction"},{"id":"ManeuverSkipHighwayRamps","rule":"#FirstUpper( @AtExit #SkipHighwayRampAction #Select(@AndGoOnBranchDestination, ({ и двигайтесь по } @@Names)) )"},{"id":"AndGoOnBranchDestination","rule":"({ и двигайтесь по } #Branch) ({ в направлении } #Destination)"},{"id":"LocalRoadActionBearRight","rule":"{слегка поверните направо} ({ на } @@Names)"},{"id":"ManeuverSkipSignpostRamps","rule":"#FirstUpper( @AtExit #SkipSignpostRampAction #Select(@ToBranchDestination, ({ в направлении } @@Names)) )"},{"id":"TravelTimeShort","rule":"{< 1 мин.}"},{"id":"UnitMilePlural","rule":"{миль}"},{"id":"EventTimeChanged","rule":"{Вы въезжаете в другой часовой пояс.} ({ Перевод часов: } #TZChange)"},{"id":"FirstActionBearRight","rule":"@AtIntersectionNames {слегка поверните направо} ({ на } NAME)"},{"id":"PathCurveActionContinue","rule":"{продолжайте движение}"},{"id":"EventCrossingBorder","rule":"{Въезд} ({ в } CROSSADMINBORDER)"},{"id":"AzimuthN","rule":"{север}"},{"id":"AzimuthE","rule":"{восток}"},{"id":"AzimuthNW","rule":"{северо-запад}"},{"id":"PathCurveActionBearRight","rule":"{слегка поверните направо}"},{"id":"LocalRoadActionContinue","rule":"{продолжайте движение} ({ по } @@Names)"},{"id":"LocalRoadActionMakeSharpRight","rule":"{резко поверните направо} ({ на } @@Names)"},{"id":"LocalRoadActionMakeSharpLeft","rule":"{резко поверните налево} ({ на } @@Names)"},{"id":"PathCurveActionBearLeft","rule":"{слегка поверните налево}"},{"id":"LocalRoadActionTurnLeft","rule":"{поверните налево} ({ на } @@Names)"},{"id":"LocalRoadActionBearLeft","rule":"{слегка поверните налево} ({ на } @@Names)"},{"id":"PathCurveActionTurnRight","rule":"{поверните направо}"},{"id":"PathCurveActionMakeSharpLeft","rule":"{резко поверните налево}"},{"id":"FirstActionTurnRight","rule":"@AtIntersectionNames {поверните направо} ({ на } NAME)"},{"id":"FirstActionMakeSharpLeft","rule":"@AtIntersectionNames {резко поверните налево} ({ на } NAME)"},{"id":"FirstActionBearLeft","rule":"@AtIntersectionNames {слегка поверните налево} ({ на } NAME)"},{"id":"FirstActionContinue","rule":"@AtIntersectionNames {продолжайте движение} ({ по } NAME)"},{"id":"SecondActionBearRight","rule":"{сразу слегка поверните направо} ({ на } NAME)"},{"id":"DirectionAfterBreak","rule":"(#DepartTime { }) {Оставайтесь} { на } NAME ({ (} ALT_NAME {)})"},{"id":"SecondActionTurnRight","rule":"{сразу поверните направо} ({ на } NAME)"},{"id":"SecondActionMakeSharpRight","rule":"{сразу резко поверните направо} ({ на } NAME)"},{"id":"SkipHighwayRampActionAtForkRight","rule":"{сверните на съезд направо}"},{"id":"SecondActionMakeSharpLeft","rule":"{сразу резко поверните налево} ({ на } NAME)"},{"id":"EndOfFerryActionTurnLeft","rule":"{поверните налево} (#Select(@OnBranchDestination,  ({ на } @@Names)) )"},{"id":"SecondActionTurnLeft","rule":"{сразу поверните налево} ({ на } NAME)"},{"id":"SecondActionBearLeft","rule":"{сразу слегка поверните налево} ({ на } NAME)"},{"id":"SecondActionContinue","rule":"{сразу продолжайте движение} ({ по } NAME)"},{"id":"HighwayActionBearRight","rule":"{слегка поверните направо} (#Select(@OnBranchDestination, ({ на } @@Names)) )"},{"id":"DistanceLong","rule":"#Distance(1) ({ } #DistanceUnits)"},{"id":"SkipHighwayRampActionAtFork","rule":"#Select(#SkipHighwayRampActionAtFork, {сверните на съезд})"},{"id":"UnitNauticalNeutral","rule":"{мор. миль}"},{"id":"SkipHighwayRampActionBearRight","rule":"{слегка поверните направо на съезд}"},{"id":"SkipHighwayRampActionTurnRight","rule":"{поверните направо на съезд}"},{"id":"SkipHighwayRampActionMakeSharpRight","rule":"{резко поверните направо на съезд}"},{"id":"SkipHighwayRampActionMakeSharpLeft","rule":"{резко поверните налево на съезд}"},{"id":"SkipHighwayRampActionTurnLeft","rule":"{поверните налево на съезд}"},{"id":"SkipHighwayRampActionBearLeft","rule":"{слегка поверните налево на съезд}"},{"id":"SkipHighwayRampActionTakeRamp","rule":"{сверните на съезд}"},{"id":"SkipHighwayRampActionAtForkLeft","rule":"{сверните на съезд налево}"},{"id":"SkipSignpostRampActionAtFork","rule":"#Select(#SkipSignpostRampActionAtFork, {сверните на съезд})"},{"id":"SkipSignpostRampActionBearRight","rule":"{слегка поверните направо на съезд}"},{"id":"SkipSignpostRampActionTurnRight","rule":"{поверните направо на съезд}"},{"id":"UnitYardNeutral","rule":"{ярдов}"},{"id":"SkipSignpostRampActionMakeSharpRight","rule":"{резко поверните направо на съезд}"},{"id":"UTurnRampActionTakeRamp","rule":"{сверните на съезд}"},{"id":"SkipSignpostRampActionMakeSharpLeft","rule":"{резко поверните налево на съезд}"},{"id":"SkipSignpostRampActionTurnLeft","rule":"{поверните налево на съезд}"},{"id":"SkipSignpostRampActionBearLeft","rule":"{слегка поверните налево на съезд}"},{"id":"SkipSignpostRampActionTakeRamp","rule":"{сверните на съезд}"},{"id":"SkipSignpostRampActionAtForkLeft","rule":"{сверните на съезд налево}"},{"id":"SkipSignpostRampActionAtForkRight","rule":"{сверните на съезд направо}"},{"id":"UTurnRampActionFork","rule":"#Select(#UTurnRampActionAtFork, {сверните на съезд})"},{"id":"UTurnRampActionBearRight","rule":"{слегка поверните направо на съезд}"},{"id":"UTurnRampActionTurnRight","rule":"{поверните направо на съезд}"},{"id":"UTurnRampActionMakeSharpRight","rule":"{резко поверните направо на съезд}"},{"id":"UTurnRampActionMakeSharpLeft","rule":"{резко поверните налево на съезд}"},{"id":"UTurnRampActionBearLeft","rule":"{слегка поверните налево на съезд}"},{"id":"UTurnRampActionAtForkLeft","rule":"{сверните на съезд налево}"},{"id":"UTurnRampActionAtForkRight","rule":"{сверните на съезд направо}"},{"id":"HighwayActionGo","rule":"{поезжайте} (#Select(@PoBranchDestination, ({ по } @@Names)) )"},{"id":"OnBranchDestination","rule":"({ на } #Branch) ({ в направлении } #Destination)"},{"id":"HighwayActionTurnRight","rule":"{поверните направо} (#Select(@OnBranchDestination, ({ на } @@Names)) )"},{"id":"HighwayActionMakeSharpRight","rule":"{резко поверните направо} (#Select(@OnBranchDestination, ({ на } @@Names)) )"},{"id":"ForkActionLeft","rule":"{двигайтесь}"},{"id":"HighwayActionMakeSharpLeft","rule":"{резко поверните налево} (#Select(@OnBranchDestination, ({ на } @@Names)) )"},{"id":"HighwayActionTurnLeft","rule":"{поверните налево} (#Select(@OnBranchDestination, ({ на } @@Names)) )"},{"id":"HighwayActionBearLeft","rule":"{слегка поверните налево} (#Select(@OnBranchDestination, ({ на } @@Names)) )"},{"id":"CrossNames","rule":"#String(0) ({ / } #String(1))"},{"id":"EndOfFerryActionGo","rule":"{поезжайте} (#Select(@PoBranchDestination,  ({ по } @@Names)) )"},{"id":"EndOfFerryActionBearRight","rule":"{слегка поверните направо} (#Select(@OnBranchDestination,  ({ на } @@Names)) )"},{"id":"EndOfFerryActionTurnRight","rule":"{поверните направо} (#Select(@OnBranchDestination,  ({ на } @@Names)) )"},{"id":"EndOfFerryActionMakeSharpRight","rule":"{резко поверните направо} (#Select(@OnBranchDestination,  ({ на } @@Names)) )"},{"id":"EndOfFerryActionMakeSharpLeft","rule":"{резко поверните налево} (#Select(@OnBranchDestination,  ({ на } @@Names)) )"},{"id":"EndOfFerryActionBearLeft","rule":"{слегка поверните налево} (#Select(@OnBranchDestination,  ({ на } @@Names)) )"},{"id":"StopArriveActionContinue","rule":"{продолжайте движение}"},{"id":"StopArriveActionGo","rule":"{поезжайте}"},{"id":"StopArriveActionBack","rule":"{двигайтесь обратно}"},{"id":"ForkActionRight","rule":"{двигайтесь}"},{"id":"ForkActionStraight","rule":"{двигайтесь}"},{"id":"UnitSecondNeutral","rule":"{сек.}"},{"id":"ForkSideLeft","rule":"{левее}"},{"id":"ForkSideRight","rule":"{правее}"},{"id":"DistanceShort","rule":"{< } #MinDistance(1) ({ } #DistanceUnits)"},{"id":"CumulativeDistanceLong","rule":"#Select(#Distance(1), {0}) ({ } #DistanceUnits)"},{"id":"TimeShort","rule":"{< 1 мин.}"},{"id":"TimeLong","rule":"(#TotalHours(0) { ч. }) (#RoundedMinutesOfHour(0) { мин.})"},{"id":"TravelTimeLong","rule":"(#Days(0) { дн. }) (#HoursOfDay(0) { ч. }) (#RoundedMinutesOfHour(0) { мин.})"},{"id":"StopTimeShort","rule":"{< 1 мин.}"},{"id":"StopTimeLong","rule":"(#TotalHours(0) { ч. }) (#RoundedMinutesOfHour(0) { мин.})"},{"id":"SignpostDestination","rule":"#String(0) ({ / } #String(1)) ({ / } #String(2)) ({ / } #String(3)) ({ / } #String(4))"},{"id":"StopSideLeft","rule":"{, на левой стороне}"},{"id":"StopSideRight","rule":"{, на правой стороне}"},{"id":"UnitMileSingular","rule":"{миля}"},{"id":"UnitMileNeutral","rule":"{миль}"},{"id":"UnitKilometerSingular","rule":"{км}"},{"id":"UnitKilometerPlural","rule":"{км}"},{"id":"UnitKilometerNeutral","rule":"{км}"},{"id":"UnitMeterSingular","rule":"{м}"},{"id":"UnitMeterPlural","rule":"{м}"},{"id":"UnitMeterNeutral","rule":"{м}"},{"id":"UnitFootSingular","rule":"{фут}"},{"id":"UnitFootNeutral","rule":"{футов}"},{"id":"UnitYardSingular","rule":"{ярд}"},{"id":"DirectionTime","rule":"#ItemTime"},{"id":"UnitYardPlural","rule":"{ярдов}"},{"id":"UnitNauticalSingular","rule":"{мор. миля}"},{"id":"UnitSecondSingular","rule":"{сек.}"},{"id":"UnitSecondPlural","rule":"{сек.}"},{"id":"StopSummary","rule":"{Расстояние: } #StopLength"},{"id":"StopTimeWindow","rule":"{Окно времени: } #StopTimeWindowStart { - } #StopTimeWindowEnd"},{"id":"StopStayTime","rule":"{Время обслуживания: } #StopStayTime"},{"id":"StopFullTime","rule":"#StopFullTime"},{"id":"StopWaitTime","rule":"{Время ожидания: } #StopWaitTime"},{"id":"StopViolationTime","rule":"{Время опоздания: } #StopViolationTime"},{"id":"StopLength","rule":"#StopLength"},{"id":"DirectionDrive","rule":"{Двигайтесь} ({ } #ItemLength) ({ ~ } #ItemTime)"},{"id":"DirectionLength","rule":"#ItemLength"},{"id":"DirectionETA","rule":"#ArriveTime"},{"id":"DirectionBranch","rule":"#Branch"},{"id":"DirectionToward","rule":"#Destination"},{"id":"DirectionCrossStreet","rule":"#CrossNames"},{"id":"DirectionExitName","rule":"#SignpostExit"},{"id":"DirectionRestBreak","rule":"#ArriveTime ({-} #DepartTime) { Перерыв на отдых}"},{"id":"DirectionStreet","rule":"NAME"},{"id":"DirectionAltNames","rule":"ALT_NAME ({ / } ALT_NAME2)"},{"id":"DirectionDayEnd","rule":"(#ArriveTime { }) {Конец дня}"}],"lookupMapping":[{"id":"ExitNumberString","value":[{"key":"1","value":"{первый}"},{"key":"2","value":"{второй}"},{"key":"3","value":"{третий}"},{"key":"4","value":"{четвертый}"},{"key":"5","value":"{пятый}"},{"key":"6","value":"{шестой}"},{"key":"7","value":"{седьмой}"},{"key":"8","value":"{восьмой}"},{"key":"9","value":"{девятый}"},{"key":"10","value":"{десятый}"}]}]}}}]}}