{"directions":{"settings":[{"style":{"id":"NA Desktop","language":{"id":"zh-CN","description":"简体中文","strings":[{"id":"AzimuthSE","rule":"{向东南}"},{"id":"ManeuverStopOnRoundabout","rule":"{进入环状交叉路}"},{"id":"ManeuverHeader","rule":"({从} #StopName) {开始}"},{"id":"ManeuverAnyRoad","rule":"#FirstUpper(( ({ } #Azimuth) {前行} ({进入} @@Names) ({至} #CrossNames) ))"},{"id":"ForkSideStraight","rule":"{}"},{"id":"ManeuverFooter","rule":"({从} #StopSide) @StopArrival {到达} ({终点} #StopName)"},{"id":"StopArrival","rule":"{} #StopArrival({提前},{推迟})"},{"id":"ManeuverDepart","rule":"{驶离} ({} #StopName)"},{"id":"ManeuverFerryBypass","rule":"{乘坐时间} ({ ~ } #ItemTime) ({} #ItemLength)"},{"id":"Names","rule":"NAME ({ (} ALT_NAME {)})"},{"id":"AzimuthNE","rule":"{向东北}"},{"id":"ManeuverFerry","rule":"{乘坐} ({ } @@Names) {摆渡}"},{"id":"ManeuverUTurn","rule":"@AtIntersectionOrCrossNames {调头} ({进入} @@Names)"},{"id":"ManeuverArrive","rule":"({从} #StopSide) @StopArrival {到达} ({} #StopName)"},{"id":"ManeuverStopArrive","rule":"#FirstUpper((#StopArriveAction ({ } #Azimuth {行驶}) ({进入} @@Names)))"},{"id":"PathCurveActionTurnLeft","rule":"{左转}"},{"id":"TimeZoneChange","rule":"#Sign (#TotalHours(0) { 小时 }) (#RoundedMinutesOfHour(0) { 分钟})"},{"id":"ManeuverOntoHighway","rule":"#FirstUpper( @AtExit #HighwayAction @AtIntersectionNames #Select(@OnBranchDestination, ({进入} @@Names)) )"},{"id":"AtExit","rule":"{出口} #SignpostExit { }"},{"id":"AtIntersectionNames","rule":"{上} #Intersection(NAME) ({ (} #Intersection(ALT_NAME) {)})"},{"id":"OnBranchDestination","rule":"({沿} #Branch {行驶}) ({至} #Destination)"},{"id":"FirstActionMakeSharpRight","rule":"{右后转弯} @AtIntersectionNames ({ 沿 } NAME {行驶})"},{"id":"ManeuverPathCurves","rule":"#FirstUpper( (@AtExit #PathCurveAction @AtIntersectionOrCrossNames ({沿} @@Names {行驶}) ({至} #Destination)) )"},{"id":"UTurnRampActionTurnLeft","rule":"{左转进入匝道}"},{"id":"AtIntersectionOrCrossNames","rule":"#Select(@AtIntersectionNames, ({上} #CrossNames))"},{"id":"ManeuverTurnOntoLocalRoad","rule":"#FirstUpper( (@AtExit #LocalRoadAction @AtIntersectionNames ({进入} @@Names)  ({至} #Destination)) )"},{"id":"ManeuverDoubleTurn","rule":"#FirstUpper( (#FirstTurn(#FirstActionBearing) { ,然后 } #SecondTurn(#SecondActionBearing)) )"},{"id":"UnitFootPlural","rule":"{英尺}"},{"id":"LocalRoadActionTurnRight","rule":"{右转}"},{"id":"ManeuverUTurnViaRamp","rule":"#FirstUpper((#UTurnRampAction {调头} ({进入} @@Names)))"},{"id":"ManeuverUTurnViaRoundabout","rule":"@RoundaboutHeaderGoBack ({进入} @@Names)"},{"id":"FirstActionTurnLeft","rule":"{左转} @AtIntersectionNames ({ 沿 } NAME {行驶})"},{"id":"RoundaboutHeaderGoBack","rule":"#Select(({在环形交叉路口处，进入} @@ExitNumberString(#ExitNumber) {出口并返回}), {进入环状交叉路并返回})"},{"id":"AzimuthS","rule":"{向南}"},{"id":"ManeuverEndOfFerry","rule":"#FirstUpper( @AtExit #EndOfFerryAction #Select(@OnBranchDestination, ({进入} @@Names)) )"},{"id":"UnitNauticalPlural","rule":"{海里}"},{"id":"PathCurveActionMakeSharpRight","rule":"{右后转弯}"},{"id":"ManeuverFork","rule":"#FirstUpper( (#Select(@AtExit, {在岔路口,}) #ForkAction ({} #ForkSide) #Select(@OnBranchDestination, ({ 进入 } @@Names))) )"},{"id":"LocalRoadActionGo","rule":"{前行}"},{"id":"EventTakeRoundaboutToStay","rule":"{进入环状交叉路} ({沿} @@Names {行驶})"},{"id":"DirectionCumulativeLength","rule":"#CumulativeDistance"},{"id":"AzimuthSW","rule":"{向西南}"},{"id":"ToProceed","rule":"{继续} #Select(@OnBranchDestination, ({进入} @@Names))"},{"id":"ManeuverSkipRoundabout","rule":"@RoundaboutHeader @ToProceed"},{"id":"AzimuthW","rule":"{向西}"},{"id":"RoundaboutHeader","rule":"#Select(({在环形交叉路口处，进入} @@ExitNumberString(#ExitNumber) {出口}),{进入环形交叉路口})"},{"id":"ManeuverSkipRoundaboutRamp","rule":"@RoundaboutHeader #Select(@ToBranchDestination, ({行驶至} @@Names))"},{"id":"ToBranchDestination","rule":"({沿} #Branch {行驶}) ({至} #Destination)"},{"id":"EventRestrictionViolation","rule":"{限制：} #Restriction"},{"id":"ManeuverSkipHighwayRamps","rule":"#FirstUpper( @AtExit #SkipHighwayRampAction #Select(@AndGoOnBranchDestination, ({沿} @@Names {行驶})) )"},{"id":"AndGoOnBranchDestination","rule":"({沿} #Branch {行驶}) ({ 至 } #Destination)"},{"id":"LocalRoadActionBearRight","rule":"{向右前行}"},{"id":"ManeuverSkipSignpostRamps","rule":"#FirstUpper( @AtExit #SkipSignpostRampAction #Select(@ToBranchDestination, ({行驶至} @@Names) ))"},{"id":"TravelTimeShort","rule":"{<  1 分钟}"},{"id":"UnitMilePlural","rule":"{英里}"},{"id":"EventTimeChanged","rule":"{进入新时区。} ({时间变化：} #TZChange)"},{"id":"FirstActionBearRight","rule":"{向右前行} @AtIntersectionNames ({ 沿 } NAME {行驶})"},{"id":"PathCurveActionContinue","rule":"{前行}"},{"id":"EventCrossingBorder","rule":"{进入} ({ } CROSSADMINBORDER)"},{"id":"AzimuthN","rule":"{向北}"},{"id":"AzimuthE","rule":"{向东}"},{"id":"AzimuthNW","rule":"{向西北}"},{"id":"PathCurveActionBearRight","rule":"{向右前行}"},{"id":"LocalRoadActionContinue","rule":"{前行}"},{"id":"LocalRoadActionMakeSharpRight","rule":"{右后转弯}"},{"id":"LocalRoadActionMakeSharpLeft","rule":"{左后转弯}"},{"id":"PathCurveActionBearLeft","rule":"{向左前行}"},{"id":"LocalRoadActionTurnLeft","rule":"{左转}"},{"id":"LocalRoadActionBearLeft","rule":"{向左前行}"},{"id":"PathCurveActionTurnRight","rule":"{右转}"},{"id":"PathCurveActionMakeSharpLeft","rule":"{左后转弯}"},{"id":"FirstActionTurnRight","rule":"{右转} @AtIntersectionNames ({ 沿 } NAME {行驶})"},{"id":"FirstActionMakeSharpLeft","rule":"{左后转弯} @AtIntersectionNames ({ 沿 } NAME {行驶})"},{"id":"FirstActionBearLeft","rule":"{向左前行} @AtIntersectionNames ({ 沿 } NAME {行驶})"},{"id":"FirstActionContinue","rule":"{前行} @AtIntersectionNames ({ 沿 } NAME {行驶})"},{"id":"SecondActionBearRight","rule":"{立即向右前行} ({ 沿 } NAME {行驶})"},{"id":"DirectionAfterBreak","rule":"(#DepartTime { }) {停留} {在} NAME ({ (} ALT_NAME {)})"},{"id":"SecondActionTurnRight","rule":"{立即右转} ({ 沿 } NAME {行驶})"},{"id":"SecondActionMakeSharpRight","rule":"{立即右后转弯} ({ 沿 } NAME {行驶})"},{"id":"SkipHighwayRampActionAtForkRight","rule":"{进入右侧匝道}"},{"id":"SecondActionMakeSharpLeft","rule":"{立即左后转弯} ({ 沿 } NAME {行驶})"},{"id":"EndOfFerryActionTurnLeft","rule":"{左转}"},{"id":"SecondActionTurnLeft","rule":"{立即左转} ({ 沿} NAME {行驶})"},{"id":"SecondActionBearLeft","rule":"{立即向左前行} ({ 沿 } NAME {行驶})"},{"id":"SecondActionContinue","rule":"{前行} @AtIntersectionNames ({ 沿 } NAME {行驶})"},{"id":"HighwayActionBearRight","rule":"{向右前行}"},{"id":"DistanceLong","rule":"#Distance(1) ({ } #DistanceUnits)"},{"id":"SkipHighwayRampActionAtFork","rule":"#Select(#SkipHighwayRampActionAtFork,{上匝道，})"},{"id":"UnitNauticalNeutral","rule":"{海里}"},{"id":"SkipHighwayRampActionBearRight","rule":"{从右前方进入匝道}"},{"id":"SkipHighwayRampActionTurnRight","rule":"{右转进入匝道}"},{"id":"SkipHighwayRampActionMakeSharpRight","rule":"{右后转弯进入匝道}"},{"id":"SkipHighwayRampActionMakeSharpLeft","rule":"{左后转弯进入匝道}"},{"id":"SkipHighwayRampActionTurnLeft","rule":"{左转进入匝道}"},{"id":"SkipHighwayRampActionBearLeft","rule":"{从左前方进入匝道}"},{"id":"SkipHighwayRampActionTakeRamp","rule":"{上匝道}"},{"id":"SkipHighwayRampActionAtForkLeft","rule":"{进入左侧匝道}"},{"id":"SkipSignpostRampActionAtFork","rule":"#Select(#SkipSignpostRampActionAtFork, {上匝道})"},{"id":"SkipSignpostRampActionBearRight","rule":"{从右前方进入匝道}"},{"id":"SkipSignpostRampActionTurnRight","rule":"{右转进入匝道}"},{"id":"UnitYardNeutral","rule":"{码}"},{"id":"SkipSignpostRampActionMakeSharpRight","rule":"{右后转弯进入匝道}"},{"id":"UTurnRampActionTakeRamp","rule":"{上匝道}"},{"id":"SkipSignpostRampActionMakeSharpLeft","rule":"{左后转弯进入匝道}"},{"id":"SkipSignpostRampActionTurnLeft","rule":"{左转进入匝道}"},{"id":"SkipSignpostRampActionBearLeft","rule":"{从左前方进入匝道}"},{"id":"SkipSignpostRampActionTakeRamp","rule":"{上匝道}"},{"id":"SkipSignpostRampActionAtForkLeft","rule":"{进入左侧匝道}"},{"id":"SkipSignpostRampActionAtForkRight","rule":"{进入右侧匝道}"},{"id":"UTurnRampActionFork","rule":"#Select(#UTurnRampActionAtFork,{上匝道，})"},{"id":"UTurnRampActionBearRight","rule":"{从右前方进入匝道}"},{"id":"UTurnRampActionTurnRight","rule":"{右转进入匝道}"},{"id":"UTurnRampActionMakeSharpRight","rule":"{右后转弯进入匝道}"},{"id":"UTurnRampActionMakeSharpLeft","rule":"{左后转弯进入匝道}"},{"id":"UTurnRampActionBearLeft","rule":"{从左前方进入匝道}"},{"id":"UTurnRampActionAtForkLeft","rule":"{左转进入匝道}"},{"id":"UTurnRampActionAtForkRight","rule":"{右转进入匝道}"},{"id":"HighwayActionGo","rule":"{前行}"},{"id":"HighwayActionTurnRight","rule":"{右转}"},{"id":"HighwayActionMakeSharpRight","rule":"{右后转弯}"},{"id":"ForkActionLeft","rule":"{靠左}"},{"id":"HighwayActionMakeSharpLeft","rule":"{左后转弯}"},{"id":"HighwayActionTurnLeft","rule":"{左转}"},{"id":"HighwayActionBearLeft","rule":"{向左前行}"},{"id":"CrossNames","rule":"#String(0) ({ / } #String(1))"},{"id":"EndOfFerryActionGo","rule":"{前行}"},{"id":"EndOfFerryActionBearRight","rule":"{向右前行}"},{"id":"EndOfFerryActionTurnRight","rule":"{右转}"},{"id":"EndOfFerryActionMakeSharpRight","rule":"{右后转弯}"},{"id":"EndOfFerryActionMakeSharpLeft","rule":"{左后转弯}"},{"id":"EndOfFerryActionBearLeft","rule":"{向左前行}"},{"id":"StopArriveActionContinue","rule":"{前行}"},{"id":"StopArriveActionGo","rule":"{前行}"},{"id":"StopArriveActionBack","rule":"{调头}"},{"id":"ForkActionRight","rule":"{靠右}"},{"id":"ForkActionStraight","rule":"{前行}"},{"id":"UnitSecondNeutral","rule":"{秒}"},{"id":"ForkSideLeft","rule":"{行驶}"},{"id":"ForkSideRight","rule":"{行驶}"},{"id":"DistanceShort","rule":"{< } #MinDistance(1) ({ } #DistanceUnits)"},{"id":"CumulativeDistanceLong","rule":"#Select(#Distance(1), {0}) ({ } #DistanceUnits)"},{"id":"TimeShort","rule":"{< 1 分钟}"},{"id":"TimeLong","rule":"(#TotalHours(0) { hr }) (#RoundedMinutesOfHour(0) { 分钟})"},{"id":"TravelTimeLong","rule":"(#Days(0) { 天 }) (#HoursOfDay(0) { 小时 }) (#RoundedMinutesOfHour(0) { 分钟})"},{"id":"StopTimeShort","rule":"{<  1 分钟}"},{"id":"StopTimeLong","rule":"(#TotalHours(0) { 小时 }) (#RoundedMinutesOfHour(0) { 分钟})"},{"id":"SignpostDestination","rule":"#String(0) ({ / } #String(1)) ({ / } #String(2)) ({ / } #String(3)) ({ / } #String(4))"},{"id":"StopSideLeft","rule":"{左侧}"},{"id":"StopSideRight","rule":"{右侧}"},{"id":"UnitMileSingular","rule":"{英里}"},{"id":"UnitMileNeutral","rule":"{英里}"},{"id":"UnitKilometerSingular","rule":"{公里}"},{"id":"UnitKilometerPlural","rule":"{公里}"},{"id":"UnitKilometerNeutral","rule":"{公里}"},{"id":"UnitMeterSingular","rule":"{米}"},{"id":"UnitMeterPlural","rule":"{米}"},{"id":"UnitMeterNeutral","rule":"{米}"},{"id":"UnitFootSingular","rule":"{英尺}"},{"id":"UnitFootNeutral","rule":"{英尺}"},{"id":"UnitYardSingular","rule":"{码}"},{"id":"DirectionTime","rule":"#ItemTime"},{"id":"UnitYardPlural","rule":"{码}"},{"id":"UnitNauticalSingular","rule":"{海里}"},{"id":"UnitSecondSingular","rule":"{秒}"},{"id":"UnitSecondPlural","rule":"{秒}"},{"id":"StopSummary","rule":"{里程：} #StopLength"},{"id":"StopTimeWindow","rule":"{时间窗口：} #StopTimeWindowStart { - } #StopTimeWindowEnd"},{"id":"StopStayTime","rule":"{服务时间：} #StopStayTime"},{"id":"StopFullTime","rule":"#StopFullTime"},{"id":"StopWaitTime","rule":"{等待时间：} #StopWaitTime"},{"id":"StopViolationTime","rule":"{延误时间：} #StopViolationTime"},{"id":"StopLength","rule":"#StopLength"},{"id":"DirectionDrive","rule":"{行驶} ({ } #ItemLength) ({ ~ } #ItemTime)"},{"id":"DirectionLength","rule":"#ItemLength"},{"id":"DirectionETA","rule":"#ArriveTime"},{"id":"DirectionBranch","rule":"#Branch"},{"id":"DirectionToward","rule":"#Destination"},{"id":"DirectionCrossStreet","rule":"#CrossNames"},{"id":"DirectionExitName","rule":"#SignpostExit"},{"id":"DirectionRestBreak","rule":"#ArriveTime ({-} #DepartTime) { 休息}"},{"id":"DirectionStreet","rule":"NAME"},{"id":"DirectionAltNames","rule":"ALT_NAME ({ / } ALT_NAME2)"},{"id":"DirectionDayEnd","rule":"(#ArriveTime { }) {一天结束}"}],"lookupMapping":[{"id":"ExitNumberString","value":[{"key":"1","value":"{第一}"},{"key":"2","value":"{第二}"},{"key":"3","value":"{第三}"},{"key":"4","value":"{第四}"},{"key":"5","value":"{第五}"},{"key":"6","value":"{第六}"},{"key":"7","value":"{第七}"},{"key":"8","value":"{第八}"},{"key":"9","value":"{第九}"},{"key":"10","value":"{第十}"}]}]}}}]}}