{"directions":{"settings":[{"style":{"id":"NA Navigation","language":{"id":"ar","description":"العربية","strings":[{"id":"mobManeuverHeader","rule":"{ألمُغادرة من} ({ من} {(} #StopName {)})"},{"id":"mobAtExit","rule":"{عند مَخرج } {(} #SignpostExit {)،} { }"},{"id":"mobManeuverFooter","rule":"{ألوصول إلى ألمكان ألمقصود} ({، على } #StopSide)"},{"id":"mobManeuverDepart","rule":"{ألمُغادرة من} ({ } {(} #StopName {)})"},{"id":"mobPathCurveActionMakeSharpRight","rule":"{الإستدارة بحدة نحوَ اليمين}"},{"id":"mobManeuverStopArrive","rule":"#FirstUpper((#StopArriveAction ({ نحوَ } #Azimuth) ({ على } {(} NAME {)}) ))"},{"id":"mobCrossingBorderTurnActionMakeSharpLeft","rule":"{الإستدارة بحدة نحوَ اليسار}"},{"id":"mobManeuverArrive","rule":"{ألوصول إلى ألمكان ألمقصود} ({، على } #StopSide)"},{"id":"mobAzimuthSW","rule":"{جنوب الغرب}"},{"id":"mobManeuverUTurnViaRamp","rule":"#FirstUpper((#UTurnRampAction { للأستدارة إلى الوراء بصورة قانونية والرجوع} ({ على } {(} NAME {)}) ))"},{"id":"Names","rule":"NAME ({(} ALT_NAME {)})"},{"id":"ManeuverFerry","rule":"{إستخدام عَبارة} ({ } {(} @@Names {)}) { }"},{"id":"mobSkipHighwayRampActionBearLeft","rule":"{الإنعطاف نحوَ اليسار إلى مَنفَذ ألطريق ألسريع}"},{"id":"mobManeuverAnyRoad","rule":"#FirstUpper(({ألسَير نحوَ} ({ } #Azimuth) ({ على } {(} NAME {)}) ({ بإتجاه } {(} #CrossNames {)}) ))"},{"id":"mobManeuverCrossingBorderFerry","rule":"#FirstUpper(( ({ألدخول إلى } {(} CROSSADMINBORDER {)} {، }) @mobAtExit #CrossingBorderFerryAction ({ على} ({ } {(} NAME ({ (} ALT_NAME {)} {)})) { عَبارة}) ))"},{"id":"mobManeuverFerryBypass","rule":"{البقاء على العَبارة } ({ لمدة} #ItemTime) ({ لمسافة تُقارب } #ItemLength)"},{"id":"mobEndOfFerryActionGo","rule":"{ألسَير}"},{"id":"mobManeuverOntoHighway","rule":"#FirstUpper(( @mobAtExit #HighwayAction #Select(({ على } {(} #Branch {)}), ({ على } {(} NAME {)})) ))"},{"id":"mobHighwayChanges","rule":"#FirstUpper(( @mobAtExit {تَغير للطريق} #Select(({ ألمؤدي إلى } {(} #Branch {)}), ({ ألمؤدي إلى } {(} NAME {)})) ))"},{"id":"mobStopArriveActionBack","rule":"{ألرجوع}"},{"id":"mobSkipHighwayRampActionMakeSharpLeft","rule":"{الإستدارة بحدة نحوَ اليسار إلى مَنفَذ ألطريق ألسريع}"},{"id":"mobCrossingBorderFerryActionBearRight","rule":"{الإنعطاف نحوَ اليمين}"},{"id":"mobPathCurveActionBearLeft","rule":"{الإنعطاف نحوَ اليسار}"},{"id":"mobLocalRoadActionMakeSharpRight","rule":"{الإستدارة بحدة نحوَ اليمين}"},{"id":"mobManeuverPathCurves","rule":"#FirstUpper(( @mobAtExit #PathCurveAction @mobAtIntersectionOrCrossNames ({ للإستمرار على } {(} NAME {)}) ))"},{"id":"mobLocalRoadActionTurnRight","rule":"{الإستدارة نحوَ اليمين}"},{"id":"mobAzimuthS","rule":"{الجنوب}"},{"id":"mobAtIntersectionOrCrossNames","rule":"#Select(@mobAtIntersectionNames, ({ عند } {(} #CrossNames {)}))"},{"id":"mobSkipHighwayRampActionTurnRight","rule":"{الإستدارة نحوَ اليمين إلى مَنفَذ ألطريق ألسريع}"},{"id":"mobCrossingBorderTurnActionGo","rule":"{ألسَير}"},{"id":"mobSkipHighwayRampActionBearRight","rule":"{الإنعطاف نحوَ اليمين إلى مَنفَذ ألطريق ألسريع}"},{"id":"mobManeuverSkipHighwayRamps","rule":"#FirstUpper(( @mobAtExit #SkipHighwayRampAction #Select(({ والسَير على } {(} #Branch {)}), ({ والسَير على } {(} NAME {)})) ))"},{"id":"mobManeuverFork","rule":"#FirstUpper((#Select(@mobAtExit, {عند المَفرق، }) #ForkAction ({ نحوَ } #ForkSide) #Select(({ على } {(} #Branch {)}), ({ على } {(} NAME {)})) ))"},{"id":"mobStopTimeShort","rule":"{< 1 دقيقة}"},{"id":"mobAtIntersectionNames","rule":"{ عند } {(} #Intersection(NAME) ({ (} #Intersection(ALT_NAME) {)} {)})"},{"id":"mobManeuverTurnOntoLocalRoad","rule":"#FirstUpper(( @mobAtExit #LocalRoadAction @mobAtIntersectionNames ({ على } {(} NAME {)}) ))"},{"id":"mobPathCurveActionContinue","rule":"{الإستمرار}"},{"id":"mobManeuverCrossingBorderTurn","rule":"#FirstUpper(( ({ألدخول إلى } {(} CROSSADMINBORDER {)} {، }) @mobAtExit #CrossingBorderTurnAction ({ على } {(} NAME {)}) ))"},{"id":"mobManeuverCrossingBorder","rule":"{ألدخول } ({ إلى} {(} CROSSADMINBORDER {)})"},{"id":"mobPathCurveActionTurnLeft","rule":"{الإستدارة نحوَ اليسار}"},{"id":"mobManeuverUTurnViaRoundabout","rule":"@mobRoundaboutHeaderGoBack ({ على } {(} NAME {)})"},{"id":"mobRoundaboutHeaderGoBack","rule":"#Select(({عند ساحة ألدوران، سَلك ألمَخرج } @@ExitNumberString(#ExitNumber) { للرجوع}), {سَلك ساحة ألدوران والرجوع})"},{"id":"mobUnitSecondNeutral","rule":"{ثانية}"},{"id":"mobManeuverUTurn","rule":"{الإستدارة إلى الوراء بصورة قانونية} @mobAtIntersectionNames { والرجوع} ({ على } {(} NAME {)})"},{"id":"mobManeuverFerry","rule":"{إستخدام} ({ } {(} NAME ({ (} ALT_NAME {)} {)})) { عَبارة}"},{"id":"mobLocalRoadActionContinue","rule":"{الإستمرار}"},{"id":"mobManeuverEndOfFerry","rule":"#FirstUpper(( @mobAtExit {ألمُغادرة من ألعَبارة و} #EndOfFerryAction #Select(({ على } {(} #Branch {)}), ({ على } {(} NAME {)})) ))"},{"id":"mobManeuverStopOnRoundabout","rule":"{سَلك ساحة ألدوران}"},{"id":"mobManeuverSkipRoundabout","rule":"@mobRoundaboutHeader @mobToProceed"},{"id":"mobRoundaboutHeader","rule":"#Select(({عند ساحة ألدوران، سَلك ألمَخرج } @@ExitNumberString(#ExitNumber) { }), {سَلك ساحة ألدوران})"},{"id":"mobPathCurveActionMakeSharpLeft","rule":"{الإستدارة بحدة نحوَ اليسار}"},{"id":"mobEndOfFerryActionTurnRight","rule":"{الإستدارة نحوَ اليمين}"},{"id":"mobCrossingBorderFerryActionContinue","rule":"{الإستمرار}"},{"id":"DirectionToward","rule":"{(} #Destination {)}"},{"id":"mobToProceed","rule":"{ للإستمرار} #Select(({ على } {(} #Branch {)}), ({ على } {(} NAME {)}))"},{"id":"mobSkipHighwayRampActionTurnLeft","rule":"{الإستدارة نحوَ اليسار إلى مَنفَذ ألطريق ألسريع}"},{"id":"mobSkipHighwayRampActionAtFork","rule":"#Select(#SkipHighwayRampActionAtFork, {سَلك مَنفَذ ألطريق ألسريع})"},{"id":"mobManeuverSkipRoundaboutRamp","rule":"@mobRoundaboutHeader (#Select(({ إلى } {(} #Branch {)}), ({ إلى } {(} NAME {)})) )"},{"id":"mobManeuverSkipSignpostRamps","rule":"#FirstUpper(( @mobAtExit #SkipSignpostRampAction #Select(({ ألمؤدي إلى } {(} #Branch {)}), ({ ألمؤدي إلى } {(} NAME {)})) ))"},{"id":"mobSkipHighwayRampActionAtForkLeft","rule":"{سَلك مَنفَذ ألطريق ألسريع نحوَ اليسار}"},{"id":"mobAzimuthNE","rule":"{شمال الشرق}"},{"id":"mobAzimuthN","rule":"{الشمال}"},{"id":"mobUnitNauticalSingular","rule":"{ميل بحري}"},{"id":"mobPathCurveActionBearRight","rule":"{الإنعطاف نحوَ اليمين}"},{"id":"mobAzimuthE","rule":"{الشرق}"},{"id":"mobAzimuthSE","rule":"{جنوب الشرق}"},{"id":"mobCrossingBorderTurnActionBearRight","rule":"{الإنعطاف نحوَ اليمين}"},{"id":"mobAzimuthW","rule":"{الغرب}"},{"id":"mobSkipHighwayRampActionTakeRamp","rule":"{سَلك مَنفَذ ألطريق ألسريع}"},{"id":"mobAzimuthNW","rule":"{شمال الغرب}"},{"id":"mobPathCurveActionTurnRight","rule":"{الإستدارة نحوَ اليمين}"},{"id":"mobLocalRoadActionBearRight","rule":"{الإنعطاف نحوَ اليمين}"},{"id":"mobLocalRoadActionMakeSharpLeft","rule":"{الإستدارة بحدة نحوَ اليسار}"},{"id":"mobUTurnRampActionAtForkLeft","rule":"{سَلك مَنفَذ ألطريق ألسريع نحوَ اليسار}"},{"id":"mobLocalRoadActionTurnLeft","rule":"{الإستدارة نحوَ اليسار}"},{"id":"mobLocalRoadActionBearLeft","rule":"{الإنعطاف نحوَ اليسار}"},{"id":"mobLocalRoadActionGo","rule":"{ألسَير}"},{"id":"mobHighwayActionBearRight","rule":"{الإنعطاف نحوَ اليمين}"},{"id":"mobSkipHighwayRampActionMakeSharpRight","rule":"{الإستدارة بحدة نحوَ اليمين إلى مَنفَذ ألطريق ألسريع}"},{"id":"mobSkipHighwayRampActionAtForkRight","rule":"{سَلك مَنفَذ ألطريق ألسريع نحوَ اليمين}"},{"id":"mobSkipSignpostRampActionAtFork","rule":"#Select(#SkipSignpostRampActionAtFork, {سَلك مَنفَذ ألطريق ألسريع})"},{"id":"mobSkipSignpostRampActionBearRight","rule":"{الإنعطاف نحوَ اليمين إلى مَنفَذ ألطريق ألسريع}"},{"id":"mobForkActionLeft","rule":"{الإستمرار}"},{"id":"StopTimeWindow","rule":"{ألفترة الزمنية: } #StopTimeWindowStart { - } #StopTimeWindowEnd"},{"id":"mobSkipSignpostRampActionTurnRight","rule":"{الإستدارة نحوَ اليمين إلى مَنفَذ ألطريق ألسريع}"},{"id":"mobSkipSignpostRampActionMakeSharpRight","rule":"{الإستدارة بحدة نحوَ اليمين إلى مَنفَذ ألطريق ألسريع}"},{"id":"mobSkipSignpostRampActionMakeSharpLeft","rule":"{الإستدارة بحدة نحوَ اليسار إلى مَنفَذ ألطريق ألسريع}"},{"id":"mobSkipSignpostRampActionTurnLeft","rule":"{الإستدارة نحوَ اليسار إلى مَنفَذ ألطريق ألسريع}"},{"id":"mobSkipSignpostRampActionBearLeft","rule":"{الإنعطاف نحوَ اليسار إلى مَنفَذ ألطريق ألسريع}"},{"id":"mobSkipSignpostRampActionTakeRamp","rule":"{سَلك مَنفَذ ألطريق ألسريع}"},{"id":"mobSkipSignpostRampActionAtForkLeft","rule":"{سَلك مَنفَذ ألطريق ألسريع نحوَ اليسار}"},{"id":"mobSkipSignpostRampActionAtForkRight","rule":"{سَلك مَنفَذ ألطريق ألسريع نحوَ اليمين}"},{"id":"mobUTurnRampActionFork","rule":"#Select(#UTurnRampActionAtFork, {سَلك مَنفَذ ألطريق ألسريع})"},{"id":"mobUTurnRampActionBearRight","rule":"{الإنعطاف نحوَ اليمين إلى مَنفَذ ألطريق ألسريع}"},{"id":"mobUTurnRampActionTurnRight","rule":"{الإستدارة نحوَ اليمين إلى مَنفَذ ألطريق ألسريع}"},{"id":"mobUTurnRampActionMakeSharpRight","rule":"{الإستدارة بحدة نحوَ اليمين إلى مَنفَذ ألطريق ألسريع}"},{"id":"mobUTurnRampActionMakeSharpLeft","rule":"{الإستدارة بحدة نحوَ اليسار إلى مَنفَذ ألطريق ألسريع}"},{"id":"mobUTurnRampActionTurnLeft","rule":"{الإستدارة نحوَ اليسار إلى مَنفَذ ألطريق ألسريع}"},{"id":"mobUTurnRampActionBearLeft","rule":"{الإنعطاف نحوَ اليسار إلى مَنفَذ ألطريق ألسريع}"},{"id":"mobUTurnRampActionTakeRamp","rule":"{سَلك مَنفَذ ألطريق ألسريع}"},{"id":"mobUTurnRampActionAtForkRight","rule":"{سَلك مَنفَذ ألطريق ألسريع نحوَ اليمين}"},{"id":"mobHighwayActionGo","rule":"{ألسَير}"},{"id":"DirectionStreet","rule":"{(} NAME {)}"},{"id":"mobHighwayActionTurnRight","rule":"{الإستدارة نحوَ اليمين}"},{"id":"mobEndOfFerryActionBearRight","rule":"{الإنعطاف نحوَ اليمين}"},{"id":"mobHighwayActionMakeSharpRight","rule":"{الإستدارة بحدة نحوَ اليمين}"},{"id":"mobHighwayActionMakeSharpLeft","rule":"{الإستدارة بحدة نحوَ اليسار}"},{"id":"mobHighwayActionTurnLeft","rule":"{الإستدارة نحوَ اليسار}"},{"id":"mobHighwayActionBearLeft","rule":"{الإنعطاف نحوَ اليسار}"},{"id":"mobEndOfFerryActionMakeSharpRight","rule":"{الإستدارة بحدة نحوَ اليمين}"},{"id":"mobEndOfFerryActionMakeSharpLeft","rule":"{الإستدارة بحدة نحوَ اليسار}"},{"id":"mobEndOfFerryActionTurnLeft","rule":"{الإستدارة نحوَ اليسار}"},{"id":"mobEndOfFerryActionBearLeft","rule":"{الإنعطاف نحوَ اليسار}"},{"id":"mobStopArriveActionContinue","rule":"{الإستمرار}"},{"id":"DirectionETA","rule":"#ArriveTime"},{"id":"mobStopArriveActionGo","rule":"{ألسَير}"},{"id":"mobForkActionRight","rule":"{الإستمرار}"},{"id":"mobForkActionStraight","rule":"{ألسَير}"},{"id":"mobForkSideLeft","rule":"{اليسار}"},{"id":"mobForkSideRight","rule":"{اليمين}"},{"id":"mobForkSideStraight","rule":"{الأمام}"},{"id":"mobCrossingBorderTurnActionContinue","rule":"{الإستمرار}"},{"id":"mobCrossingBorderTurnActionTurnRight","rule":"{الإستدارة نحوَ اليمين}"},{"id":"mobCrossingBorderTurnActionMakeSharpRight","rule":"{الإستدارة بحدة نحوَ اليمين}"},{"id":"mobCrossingBorderTurnActionTurnLeft","rule":"{الإستدارة نحوَ اليسار}"},{"id":"mobCrossingBorderTurnActionBearLeft","rule":"{الإنعطاف نحوَ اليسار}"},{"id":"mobCrossingBorderFerryActionTurnRight","rule":"{الإستدارة نحوَ اليمين}"},{"id":"mobCrossingBorderFerryActionMakeSharpRight","rule":"{الإستدارة بحدة نحوَ اليمين}"},{"id":"mobCrossingBorderFerryActionMakeSharpLeft","rule":"{الإستدارة بحدة نحوَ اليسار}"},{"id":"mobCrossingBorderFerryActionTurnLeft","rule":"{الإستدارة نحوَ اليسار}"},{"id":"mobCrossingBorderFerryActionBearLeft","rule":"{الإنعطاف نحوَ اليسار}"},{"id":"mobCrossingBorderFerryActionGo","rule":"{ألسَير}"},{"id":"mobDistanceShort","rule":"{< } #MinDistance(1) ({ } #DistanceUnits)"},{"id":"mobDistanceLong","rule":"#Distance(1) ({ } #DistanceUnits)"},{"id":"mobCumulativeDistanceLong","rule":"#Select(#Distance(1), {0}) ({ } #DistanceUnits)"},{"id":"mobTimeShort","rule":"{< 1 دقيقة}"},{"id":"mobTimeLong","rule":"(#TotalHours(0) { ساعة }) (#RoundedMinutesOfHour(0) { دقيقة})"},{"id":"mobStopTimeLong","rule":"(#TotalHours(0) { ساعة }) (#RoundedMinutesOfHour(0) { دقيقة})"},{"id":"mobTravelTimeShort","rule":"{< 1 دقيقة}"},{"id":"mobTravelTimeLong","rule":"(#Days(0) { يوم }) (#HoursOfDay(0) { ساعة }) (#RoundedMinutesOfHour(0) { دقيقة})"},{"id":"mobSignpostDestination","rule":"#String(0) ({ / } #String(1)) ({ / } #String(2)) ({ / } #String(3)) ({ / } #String(4))"},{"id":"mobStopSideLeft","rule":"{اليسار}"},{"id":"mobStopSideRight","rule":"{اليمين}"},{"id":"mobCrossNames","rule":"#String(0)"},{"id":"mobUnitMileSingular","rule":"{ميل}"},{"id":"mobUnitMilePlural","rule":"{ميل}"},{"id":"mobUnitMileNeutral","rule":"{ميل}"},{"id":"mobUnitKilometerSingular","rule":"{كيلومتر}"},{"id":"mobUnitKilometerPlural","rule":"{كيلومتر}"},{"id":"mobUnitKilometerNeutral","rule":"{كيلومتر}"},{"id":"mobUnitMeterSingular","rule":"{متر}"},{"id":"mobUnitMeterPlural","rule":"{متر}"},{"id":"mobUnitMeterNeutral","rule":"{متر}"},{"id":"mobUnitFootSingular","rule":"{قدم}"},{"id":"mobUnitFootPlural","rule":"{قدم}"},{"id":"mobUnitFootNeutral","rule":"{قدم}"},{"id":"mobUnitYardSingular","rule":"{ياردة}"},{"id":"mobUnitYardPlural","rule":"{ياردة}"},{"id":"mobUnitYardNeutral","rule":"{ياردة}"},{"id":"mobUnitNauticalPlural","rule":"{ميل بحري}"},{"id":"mobUnitNauticalNeutral","rule":"{ميل بحري}"},{"id":"mobUnitSecondSingular","rule":"{ثانية}"},{"id":"mobUnitSecondPlural","rule":"{ثانية}"},{"id":"StopSummary","rule":"{ألمسافة: } #StopLength"},{"id":"StopStayTime","rule":"{زمن ألرحلة: } #StopStayTime"},{"id":"StopFullTime","rule":"#StopFullTime"},{"id":"StopWaitTime","rule":"{زمن الأنتظار: } #StopWaitTime"},{"id":"StopViolationTime","rule":"{ألمخالفة الزمنية: } #StopViolationTime"},{"id":"StopLength","rule":"#StopLength"},{"id":"mobDirectionDrive","rule":"{ألسَير} ({ } #ItemLength)"},{"id":"DirectionLength","rule":"#ItemLength"},{"id":"DirectionTime","rule":"#ItemTime"},{"id":"DirectionCumulativeLength","rule":"#CumulativeDistance"},{"id":"DirectionBranch","rule":"{(} #Branch {)}"},{"id":"DirectionCrossStreet","rule":"{(} #CrossNames {)}"},{"id":"DirectionExitName","rule":"{(} #SignpostExit {)}"},{"id":"mobDirectionAltNames","rule":"{(} ALT_NAME {)}"},{"id":"mobDirectionDayEnd","rule":"{نهاية اليوم}"},{"id":"mobDirectionRestBreak","rule":"{ فترة الإستراحة}"},{"id":"mobDirectionAfterBreak","rule":"{الإستمرار} ({ على } {(} NAME {)})"}],"lookupMapping":[{"id":"ExitNumberString","value":[{"key":"1","value":"{الأول}"},{"key":"2","value":"{ألثاني}"},{"key":"3","value":"{ألثالث}"},{"key":"4","value":"{ألرابع}"},{"key":"5","value":"{ألخامس}"},{"key":"6","value":"{ألسادس}"},{"key":"7","value":"{ألسابع}"},{"key":"8","value":"{ألثامن}"},{"key":"9","value":"{ألتاسع}"},{"key":"10","value":"{ألعاشر}"}]}]}}}]}}