{"directions":{"settings":[{"style":{"id":"NA Navigation","language":{"id":"en","description":"English","strings":[{"id":"mobManeuverHeader","rule":"{Depart} ({ } #StopName)"},{"id":"mobAtExit","rule":"{at exit } #SignpostExit { }"},{"id":"mobManeuverFooter","rule":"{Arrive at destination} ({, on the } #StopSide)"},{"id":"mobManeuverDepart","rule":"{Depart} ({ } #StopName)"},{"id":"mobPathCurveActionMakeSharpRight","rule":"{make sharp right}"},{"id":"mobManeuverStopArrive","rule":"#FirstUpper((#StopArriveAction ({ } #Azimuth) ({ on } NAME) ))"},{"id":"mobCrossingBorderTurnActionMakeSharpLeft","rule":"{make sharp left}"},{"id":"mobManeuverArrive","rule":"{Arrive at destination} ({, on the } #StopSide)"},{"id":"mobAzimuthSW","rule":"{South West}"},{"id":"mobManeuverUTurnViaRamp","rule":"#FirstUpper((#UTurnRampAction { to make a legal U-turn and go back} ({ on } NAME) ))"},{"id":"Names","rule":"NAME ({ (} ALT_NAME {)})"},{"id":"ManeuverFerry","rule":"{Take} ({ } @@Names) { ferry}"},{"id":"mobSkipHighwayRampActionBearLeft","rule":"{bear left onto ramp}"},{"id":"mobManeuverAnyRoad","rule":"#FirstUpper(({go} ({ } #Azimuth) ({ on } NAME) ({ toward } #CrossNames) ))"},{"id":"mobManeuverCrossingBorderFerry","rule":"#FirstUpper(( ({Entering } CROSSADMINBORDER {. }) #FirstUpper(@mobAtExit #CrossingBorderFerryAction ({ on} ({ } NAME ({ (} ALT_NAME {)})) { ferry}) )))"},{"id":"mobManeuverFerryBypass","rule":"{Stay on ferry for} ({ } #ItemTime) ({ ~ } #ItemLength)"},{"id":"mobEndOfFerryActionGo","rule":"{go}"},{"id":"mobManeuverOntoHighway","rule":"#FirstUpper(( @mobAtExit #HighwayAction #Select(({ on } #Branch), ({ on } NAME)) ))"},{"id":"mobHighwayChanges","rule":"#FirstUpper(( @mobAtExit {road changes} #Select(({ to } #Branch), ({ to } NAME)) ))"},{"id":"mobStopArriveActionBack","rule":"{go back}"},{"id":"mobSkipHighwayRampActionMakeSharpLeft","rule":"{make sharp left onto ramp}"},{"id":"mobCrossingBorderFerryActionBearRight","rule":"{bear right}"},{"id":"mobPathCurveActionBearLeft","rule":"{bear left}"},{"id":"mobLocalRoadActionMakeSharpRight","rule":"{make sharp right}"},{"id":"mobManeuverPathCurves","rule":"#FirstUpper(( @mobAtExit #PathCurveAction @mobAtIntersectionOrCrossNames ({ to stay on } NAME) ))"},{"id":"mobLocalRoadActionTurnRight","rule":"{turn right}"},{"id":"mobAzimuthS","rule":"{South}"},{"id":"mobAtIntersectionOrCrossNames","rule":"#Select(@mobAtIntersectionNames, ({ at } #CrossNames))"},{"id":"mobSkipHighwayRampActionTurnRight","rule":"{turn right onto ramp}"},{"id":"mobCrossingBorderTurnActionGo","rule":"{go}"},{"id":"mobSkipHighwayRampActionBearRight","rule":"{bear right onto ramp}"},{"id":"mobManeuverSkipHighwayRamps","rule":"#FirstUpper(( @mobAtExit #SkipHighwayRampAction #Select(({ and go on } #Branch), ({ and go on } NAME)) ))"},{"id":"mobManeuverFork","rule":"#FirstUpper((#Select(@mobAtExit, {at fork }) #ForkAction ({ } #ForkSide) #Select(({ on } #Branch), ({ on } NAME)) ))"},{"id":"mobStopTimeShort","rule":"{< 1 minute}"},{"id":"mobAtIntersectionNames","rule":"{ at } #Intersection(NAME) ({ (} #Intersection(ALT_NAME) {)})"},{"id":"mobManeuverTurnOntoLocalRoad","rule":"#FirstUpper(( @mobAtExit #LocalRoadAction @mobAtIntersectionNames ({ on } NAME) ))"},{"id":"mobPathCurveActionContinue","rule":"{continue}"},{"id":"mobManeuverCrossingBorderTurn","rule":"#FirstUpper(( ({Entering } CROSSADMINBORDER {. }) #FirstUpper(@mobAtExit #CrossingBorderTurnAction ({ on } NAME) )))"},{"id":"mobManeuverCrossingBorder","rule":"{Entering} ({ } CROSSADMINBORDER)"},{"id":"mobPathCurveActionTurnLeft","rule":"{turn left}"},{"id":"mobManeuverUTurnViaRoundabout","rule":"@mobRoundaboutHeaderGoBack ({ on } NAME)"},{"id":"mobRoundaboutHeaderGoBack","rule":"#Select(({At roundabout, take the } @@ExitNumberString(#ExitNumber) { exit to go back}), {Take roundabout and go back})"},{"id":"mobUnitSecondNeutral","rule":"{second(s)}"},{"id":"mobManeuverUTurn","rule":"{Make a legal U-turn} @mobAtIntersectionNames { and go back} ({ on } NAME)"},{"id":"mobManeuverFerry","rule":"{Take} ({ } NAME ({ (} ALT_NAME {)})) { ferry}"},{"id":"mobLocalRoadActionContinue","rule":"{continue}"},{"id":"mobManeuverEndOfFerry","rule":"#FirstUpper(( @mobAtExit {get off the ferry and } #EndOfFerryAction #Select(({ on } #Branch), ({ on } NAME)) ))"},{"id":"mobManeuverStopOnRoundabout","rule":"{Take roundabout}"},{"id":"mobManeuverSkipRoundabout","rule":"@mobRoundaboutHeader @mobToProceed"},{"id":"mobRoundaboutHeader","rule":"#Select(({At roundabout, take the } @@ExitNumberString(#ExitNumber) { exit}), {Take roundabout})"},{"id":"mobPathCurveActionMakeSharpLeft","rule":"{make sharp left}"},{"id":"mobEndOfFerryActionTurnRight","rule":"{turn right}"},{"id":"mobCrossingBorderFerryActionContinue","rule":"{continue}"},{"id":"DirectionToward","rule":"#Destination"},{"id":"mobToProceed","rule":"{ to proceed} #Select(({ on } #Branch), ({ on } NAME))"},{"id":"mobSkipHighwayRampActionTurnLeft","rule":"{turn left onto ramp}"},{"id":"mobSkipHighwayRampActionAtFork","rule":"#Select(#SkipHighwayRampActionAtFork, {take ramp})"},{"id":"mobManeuverSkipRoundaboutRamp","rule":"@mobRoundaboutHeader (#Select(({ to } #Branch), ({ to } NAME)) )"},{"id":"mobManeuverSkipSignpostRamps","rule":"#FirstUpper(( @mobAtExit #SkipSignpostRampAction #Select(({ to } #Branch), ({ to } NAME)) ))"},{"id":"mobSkipHighwayRampActionAtForkLeft","rule":"{take ramp on the left}"},{"id":"mobAzimuthNE","rule":"{North East}"},{"id":"mobAzimuthN","rule":"{North}"},{"id":"mobUnitNauticalSingular","rule":"{nmi}"},{"id":"mobPathCurveActionBearRight","rule":"{bear right}"},{"id":"mobAzimuthE","rule":"{East}"},{"id":"mobAzimuthSE","rule":"{South East}"},{"id":"mobCrossingBorderTurnActionBearRight","rule":"{bear right}"},{"id":"mobAzimuthW","rule":"{West}"},{"id":"mobSkipHighwayRampActionTakeRamp","rule":"{take ramp}"},{"id":"mobAzimuthNW","rule":"{North West}"},{"id":"mobPathCurveActionTurnRight","rule":"{turn right}"},{"id":"mobLocalRoadActionBearRight","rule":"{bear right}"},{"id":"mobLocalRoadActionMakeSharpLeft","rule":"{make sharp left}"},{"id":"mobUTurnRampActionAtForkLeft","rule":"{take ramp on the left}"},{"id":"mobLocalRoadActionTurnLeft","rule":"{turn left}"},{"id":"mobLocalRoadActionBearLeft","rule":"{bear left}"},{"id":"mobLocalRoadActionGo","rule":"{go}"},{"id":"mobHighwayActionBearRight","rule":"{bear right}"},{"id":"mobSkipHighwayRampActionMakeSharpRight","rule":"{make sharp right onto ramp}"},{"id":"mobSkipHighwayRampActionAtForkRight","rule":"{take ramp on the right}"},{"id":"mobSkipSignpostRampActionAtFork","rule":"#Select(#SkipSignpostRampActionAtFork, {take ramp})"},{"id":"mobSkipSignpostRampActionBearRight","rule":"{bear right onto ramp}"},{"id":"mobForkActionLeft","rule":"{keep}"},{"id":"StopTimeWindow","rule":"{Time Window: } #StopTimeWindowStart { - } #StopTimeWindowEnd"},{"id":"mobSkipSignpostRampActionTurnRight","rule":"{turn right onto ramp}"},{"id":"mobSkipSignpostRampActionMakeSharpRight","rule":"{make sharp right onto ramp}"},{"id":"mobSkipSignpostRampActionMakeSharpLeft","rule":"{make sharp left onto ramp}"},{"id":"mobSkipSignpostRampActionTurnLeft","rule":"{turn left onto ramp}"},{"id":"mobSkipSignpostRampActionBearLeft","rule":"{bear left onto ramp}"},{"id":"mobSkipSignpostRampActionTakeRamp","rule":"{take ramp}"},{"id":"mobSkipSignpostRampActionAtForkLeft","rule":"{take ramp on the left}"},{"id":"mobSkipSignpostRampActionAtForkRight","rule":"{take ramp on the right}"},{"id":"mobUTurnRampActionFork","rule":"#Select(#UTurnRampActionAtFork, {take ramp})"},{"id":"mobUTurnRampActionBearRight","rule":"{bear right onto ramp}"},{"id":"mobUTurnRampActionTurnRight","rule":"{turn right onto ramp}"},{"id":"mobUTurnRampActionMakeSharpRight","rule":"{make sharp right onto ramp}"},{"id":"mobUTurnRampActionMakeSharpLeft","rule":"{make sharp left onto ramp}"},{"id":"mobUTurnRampActionTurnLeft","rule":"{turn left onto ramp}"},{"id":"mobUTurnRampActionBearLeft","rule":"{bear left onto ramp}"},{"id":"mobUTurnRampActionTakeRamp","rule":"{take ramp}"},{"id":"mobUTurnRampActionAtForkRight","rule":"{take ramp on the right}"},{"id":"mobHighwayActionGo","rule":"{go}"},{"id":"DirectionStreet","rule":"NAME"},{"id":"mobHighwayActionTurnRight","rule":"{turn right}"},{"id":"mobEndOfFerryActionBearRight","rule":"{bear right}"},{"id":"mobHighwayActionMakeSharpRight","rule":"{make sharp right}"},{"id":"mobHighwayActionMakeSharpLeft","rule":"{make sharp left}"},{"id":"mobHighwayActionTurnLeft","rule":"{turn left}"},{"id":"mobHighwayActionBearLeft","rule":"{bear left}"},{"id":"mobEndOfFerryActionMakeSharpRight","rule":"{make sharp right}"},{"id":"mobEndOfFerryActionMakeSharpLeft","rule":"{make sharp left}"},{"id":"mobEndOfFerryActionTurnLeft","rule":"{turn left}"},{"id":"mobEndOfFerryActionBearLeft","rule":"{bear left}"},{"id":"mobStopArriveActionContinue","rule":"{continue}"},{"id":"DirectionETA","rule":"#ArriveTime"},{"id":"mobStopArriveActionGo","rule":"{go}"},{"id":"mobForkActionRight","rule":"{keep}"},{"id":"mobForkActionStraight","rule":"{go}"},{"id":"mobForkSideLeft","rule":"{left}"},{"id":"mobForkSideRight","rule":"{right}"},{"id":"mobForkSideStraight","rule":"{straight}"},{"id":"mobCrossingBorderTurnActionContinue","rule":"{continue}"},{"id":"mobCrossingBorderTurnActionTurnRight","rule":"{turn right}"},{"id":"mobCrossingBorderTurnActionMakeSharpRight","rule":"{make sharp right}"},{"id":"mobCrossingBorderTurnActionTurnLeft","rule":"{turn left}"},{"id":"mobCrossingBorderTurnActionBearLeft","rule":"{bear left}"},{"id":"mobCrossingBorderFerryActionTurnRight","rule":"{turn right}"},{"id":"mobCrossingBorderFerryActionMakeSharpRight","rule":"{make sharp right}"},{"id":"mobCrossingBorderFerryActionMakeSharpLeft","rule":"{make sharp left}"},{"id":"mobCrossingBorderFerryActionTurnLeft","rule":"{turn left}"},{"id":"mobCrossingBorderFerryActionBearLeft","rule":"{bear left}"},{"id":"mobCrossingBorderFerryActionGo","rule":"{go}"},{"id":"mobDistanceShort","rule":"{< } #MinDistance(1) ({ } #DistanceUnits)"},{"id":"mobDistanceLong","rule":"#Distance(1) ({ } #DistanceUnits)"},{"id":"mobCumulativeDistanceLong","rule":"#Select(#Distance(1), {0}) ({ } #DistanceUnits)"},{"id":"mobTimeShort","rule":"{< 1 minute}"},{"id":"mobTimeLong","rule":"(#TotalHours(0) { hour(s) }) (#RoundedMinutesOfHour(0) { minute(s)})"},{"id":"mobStopTimeLong","rule":"(#TotalHours(0) { hour(s) }) (#RoundedMinutesOfHour(0) { minute(s)})"},{"id":"mobTravelTimeShort","rule":"{< 1 minute}"},{"id":"mobTravelTimeLong","rule":"(#Days(0) { day(s) }) (#HoursOfDay(0) { hour(s) }) (#RoundedMinutesOfHour(0) { minute(s)})"},{"id":"mobSignpostDestination","rule":"#String(0) ({ / } #String(1)) ({ / } #String(2)) ({ / } #String(3)) ({ / } #String(4))"},{"id":"mobStopSideLeft","rule":"{left}"},{"id":"mobStopSideRight","rule":"{right}"},{"id":"mobCrossNames","rule":"#String(0)"},{"id":"mobUnitMileSingular","rule":"{mile}"},{"id":"mobUnitMilePlural","rule":"{miles}"},{"id":"mobUnitMileNeutral","rule":"{mile(s)}"},{"id":"mobUnitKilometerSingular","rule":"{kilometer}"},{"id":"mobUnitKilometerPlural","rule":"{kilometers}"},{"id":"mobUnitKilometerNeutral","rule":"{kilometer(s)}"},{"id":"mobUnitMeterSingular","rule":"{meter}"},{"id":"mobUnitMeterPlural","rule":"{meters}"},{"id":"mobUnitMeterNeutral","rule":"{meter(s)}"},{"id":"mobUnitFootSingular","rule":"{foot}"},{"id":"mobUnitFootPlural","rule":"{feet}"},{"id":"mobUnitFootNeutral","rule":"{feet}"},{"id":"mobUnitYardSingular","rule":"{yard}"},{"id":"mobUnitYardPlural","rule":"{yards}"},{"id":"mobUnitYardNeutral","rule":"{yard(s)}"},{"id":"mobUnitNauticalPlural","rule":"{nmi}"},{"id":"mobUnitNauticalNeutral","rule":"{nmi}"},{"id":"mobUnitSecondSingular","rule":"{second}"},{"id":"mobUnitSecondPlural","rule":"{seconds}"},{"id":"StopSummary","rule":"{Distance: } #StopLength"},{"id":"StopStayTime","rule":"{Service Time: } #StopStayTime"},{"id":"StopFullTime","rule":"#StopFullTime"},{"id":"StopWaitTime","rule":"{Wait Time: } #StopWaitTime"},{"id":"StopViolationTime","rule":"{Time Violation: } #StopViolationTime"},{"id":"StopLength","rule":"#StopLength"},{"id":"mobDirectionDrive","rule":"{Drive} ({ } #ItemLength)"},{"id":"DirectionLength","rule":"#ItemLength"},{"id":"DirectionTime","rule":"#ItemTime"},{"id":"DirectionCumulativeLength","rule":"#CumulativeDistance"},{"id":"DirectionBranch","rule":"#Branch"},{"id":"DirectionCrossStreet","rule":"#CrossNames"},{"id":"DirectionExitName","rule":"#SignpostExit"},{"id":"mobDirectionAltNames","rule":"ALT_NAME"},{"id":"mobDirectionDayEnd","rule":"{End of day}"},{"id":"mobDirectionRestBreak","rule":"{ Rest break}"},{"id":"mobDirectionAfterBreak","rule":"{Stay} ({ on } NAME)"}],"lookupMapping":[{"id":"ExitNumberString","value":[{"key":"1","value":"{first}"},{"key":"2","value":"{second}"},{"key":"3","value":"{third}"},{"key":"4","value":"{fourth}"},{"key":"5","value":"{fifth}"},{"key":"6","value":"{sixth}"},{"key":"7","value":"{seventh}"},{"key":"8","value":"{eighth}"},{"key":"9","value":"{ninth}"},{"key":"10","value":"{tenth}"}]}]}}}]}}