{"directions":{"settings":[{"style":{"id":"NA Navigation","language":{"id":"fr","description":"français","strings":[{"id":"mobManeuverHeader","rule":"{Départ} ({ } #StopName)"},{"id":"mobAtExit","rule":"{a la } #SignpostExit { sortie }"},{"id":"mobManeuverFooter","rule":"{Arrivée à destination} ({, sur la } #StopSide)"},{"id":"mobManeuverDepart","rule":"{Départ} ({ } #StopName)"},{"id":"mobPathCurveActionMakeSharpRight","rule":"{serrer à droite}"},{"id":"mobManeuverStopArrive","rule":"#FirstUpper((#StopArriveAction ({ } #Azimuth) ({ sur } NAME) ))"},{"id":"mobCrossingBorderTurnActionMakeSharpLeft","rule":"{serrer à gauche}"},{"id":"mobManeuverArrive","rule":"{Arrivée à destination} ({, sur la } #StopSide)"},{"id":"mobAzimuthSW","rule":"{Sud Ouest}"},{"id":"mobManeuverUTurnViaRamp","rule":"#FirstUpper((#UTurnRampAction { pour faire un demi-tour autorisé et revenir} ({ sur } NAME) ))"},{"id":"Names","rule":"NAME ({ (} ALT_NAME {)})"},{"id":"ManeuverFerry","rule":"{Prendre} ({ } @@Names) { ferry}"},{"id":"mobSkipHighwayRampActionBearLeft","rule":"{tourner à gauche sur la bretelle}"},{"id":"mobManeuverAnyRoad","rule":"#FirstUpper(({aller} ({ } #Azimuth) ({ sur } NAME) ({ vers } #CrossNames) ))"},{"id":"mobManeuverCrossingBorderFerry","rule":"#FirstUpper(( ({Entrer dans } CROSSADMINBORDER {. }) #FirstUpper(@mobAtExit #CrossingBorderFerryAction ({ sur} ({ } NAME ({ (} ALT_NAME {)})) { ferry}) )))"},{"id":"mobManeuverFerryBypass","rule":"{Rester sur le ferry pendant} ({ } #ItemTime) ({ ~ } #ItemLength)"},{"id":"mobEndOfFerryActionGo","rule":"{aller}"},{"id":"mobManeuverOntoHighway","rule":"#FirstUpper(( @mobAtExit #HighwayAction #Select(({ sur } #Branch), ({ sur } NAME)) ))"},{"id":"mobHighwayChanges","rule":"#FirstUpper(( @mobAtExit {changement de route} #Select(({ vers } #Branch), ({ vers } NAME)) ))"},{"id":"mobStopArriveActionBack","rule":"{revenir}"},{"id":"mobSkipHighwayRampActionMakeSharpLeft","rule":"{serrer à gauche sur la bretelle}"},{"id":"mobCrossingBorderFerryActionBearRight","rule":"{tourner à droite}"},{"id":"mobPathCurveActionBearLeft","rule":"{tourner à gauche}"},{"id":"mobLocalRoadActionMakeSharpRight","rule":"{serrer à droite}"},{"id":"mobManeuverPathCurves","rule":"#FirstUpper(( @mobAtExit #PathCurveAction @mobAtIntersectionOrCrossNames ({ rester sur } NAME) ))"},{"id":"mobLocalRoadActionTurnRight","rule":"{prendre à droite}"},{"id":"mobAzimuthS","rule":"{Sud}"},{"id":"mobAtIntersectionOrCrossNames","rule":"#Select(@mobAtIntersectionNames, ({ à } #CrossNames))"},{"id":"mobSkipHighwayRampActionTurnRight","rule":"{prendre à droite sur la bretelle}"},{"id":"mobCrossingBorderTurnActionGo","rule":"{aller}"},{"id":"mobSkipHighwayRampActionBearRight","rule":"{tourner à droite sur la bretelle}"},{"id":"mobManeuverSkipHighwayRamps","rule":"#FirstUpper(( @mobAtExit #SkipHighwayRampAction #Select(({ et aller sur } #Branch), ({ et allez sur } NAME)) ))"},{"id":"mobManeuverFork","rule":"#FirstUpper((#Select(@mobAtExit, {au carrefour }) #ForkAction ({ } #ForkSide) #Select(({ sur } #Branch), ({ sur } NAME)) ))"},{"id":"mobStopTimeShort","rule":"{< 1 minute}"},{"id":"mobAtIntersectionNames","rule":"{ à } #Intersection(NAME) ({ (} #Intersection(ALT_NAME) {)})"},{"id":"mobManeuverTurnOntoLocalRoad","rule":"#FirstUpper(( @mobAtExit #LocalRoadAction @mobAtIntersectionNames ({ sur } NAME) ))"},{"id":"mobPathCurveActionContinue","rule":"{continuer}"},{"id":"mobManeuverCrossingBorderTurn","rule":"#FirstUpper(( ({Entrer dans } CROSSADMINBORDER {. }) #FirstUpper(@mobAtExit #CrossingBorderTurnAction ({ sur } NAME) )))"},{"id":"mobManeuverCrossingBorder","rule":"{Entrer} ({ } CROSSADMINBORDER)"},{"id":"mobPathCurveActionTurnLeft","rule":"{prendre à gauche}"},{"id":"mobManeuverUTurnViaRoundabout","rule":"@mobRoundaboutHeaderGoBack ({ sur } NAME)"},{"id":"mobRoundaboutHeaderGoBack","rule":"#Select(({Au rond-point, prener } {la } @@ExitNumberString(#ExitNumber) { sortie pour revenir}), {Prendre le rond-point et revenir})"},{"id":"mobUnitSecondNeutral","rule":"{seconde(s)}"},{"id":"mobManeuverUTurn","rule":"{Faire un demi-tour autorisé} @mobAtIntersectionNames { et revenir} ({ sur } NAME)"},{"id":"mobManeuverFerry","rule":"{Prendre} ({ } NAME ({ (} ALT_NAME {)})) { ferry}"},{"id":"mobLocalRoadActionContinue","rule":"{continuer}"},{"id":"mobManeuverEndOfFerry","rule":"#FirstUpper(( @mobAtExit {descendez du ferry et } #EndOfFerryAction #Select(({ sur } #Branch), ({ sur } NAME)) ))"},{"id":"mobManeuverStopOnRoundabout","rule":"{Prener le rond-point}"},{"id":"mobManeuverSkipRoundabout","rule":"@mobRoundaboutHeader @mobToProceed"},{"id":"mobRoundaboutHeader","rule":"#Select(({Au rond-point, prener } @@ExitNumberString(#ExitNumber) { sorter}), {Prener le rond-point})"},{"id":"mobPathCurveActionMakeSharpLeft","rule":"{serrer à gauche}"},{"id":"mobEndOfFerryActionTurnRight","rule":"{prendre à droite}"},{"id":"mobCrossingBorderFerryActionContinue","rule":"{continuer}"},{"id":"DirectionToward","rule":"#Destination"},{"id":"mobToProceed","rule":"{ pour continuer} #Select(({ sur } #Branch), ({ sur } NAME))"},{"id":"mobSkipHighwayRampActionTurnLeft","rule":"{prendre à gauche sur la bretelle}"},{"id":"mobSkipHighwayRampActionAtFork","rule":"#Select(#SkipHighwayRampActionAtFork, {prendre la bretelle})"},{"id":"mobManeuverSkipRoundaboutRamp","rule":"@mobRoundaboutHeader (#Select(({ vers } #Branch), ({ vers } NAME)) )"},{"id":"mobManeuverSkipSignpostRamps","rule":"#FirstUpper(( @mobAtExit #SkipSignpostRampAction #Select(({ vers } #Branch), ({ vers } NAME)) ))"},{"id":"mobSkipHighwayRampActionAtForkLeft","rule":"{prendre la bretelle à gauche}"},{"id":"mobAzimuthNE","rule":"{Nord Est}"},{"id":"mobAzimuthN","rule":"{Nord}"},{"id":"mobUnitNauticalSingular","rule":"{nmi}"},{"id":"mobPathCurveActionBearRight","rule":"{tourner à droite}"},{"id":"mobAzimuthE","rule":"{Est}"},{"id":"mobAzimuthSE","rule":"{Sud Est}"},{"id":"mobCrossingBorderTurnActionBearRight","rule":"{tourner à droite}"},{"id":"mobAzimuthW","rule":"{Ouest}"},{"id":"mobSkipHighwayRampActionTakeRamp","rule":"{prendre la bretelle}"},{"id":"mobAzimuthNW","rule":"{Nord Ouest}"},{"id":"mobPathCurveActionTurnRight","rule":"{prendre à droite}"},{"id":"mobLocalRoadActionBearRight","rule":"{tourner à droite}"},{"id":"mobLocalRoadActionMakeSharpLeft","rule":"{serrer à gauche}"},{"id":"mobUTurnRampActionAtForkLeft","rule":"{prendre la bretelle à gauche}"},{"id":"mobLocalRoadActionTurnLeft","rule":"{prendre à gauche}"},{"id":"mobLocalRoadActionBearLeft","rule":"{tourner à gauche}"},{"id":"mobLocalRoadActionGo","rule":"{aller}"},{"id":"mobHighwayActionBearRight","rule":"{tourner à droite}"},{"id":"mobSkipHighwayRampActionMakeSharpRight","rule":"{serrer à droite sur la bretelle}"},{"id":"mobSkipHighwayRampActionAtForkRight","rule":"{prendre la bretelle à droite}"},{"id":"mobSkipSignpostRampActionAtFork","rule":"#Select(#SkipSignpostRampActionAtFork, {prendre la bretelle})"},{"id":"mobSkipSignpostRampActionBearRight","rule":"{tourner à droite sur la bretelle}"},{"id":"mobForkActionLeft","rule":"{rester}"},{"id":"StopTimeWindow","rule":"{Fenêtre horaire : } #StopTimeWindowStart { - } #StopTimeWindowEnd"},{"id":"mobSkipSignpostRampActionTurnRight","rule":"{prendre à droite sur la bretelle}"},{"id":"mobSkipSignpostRampActionMakeSharpRight","rule":"{serrer à droite sur la bretelle}"},{"id":"mobSkipSignpostRampActionMakeSharpLeft","rule":"{serrer à gauche sur la bretelle}"},{"id":"mobSkipSignpostRampActionTurnLeft","rule":"{prendre à gauche sur la bretelle}"},{"id":"mobSkipSignpostRampActionBearLeft","rule":"{tourner à gauche sur la bretelle}"},{"id":"mobSkipSignpostRampActionTakeRamp","rule":"{prendre la bretelle}"},{"id":"mobSkipSignpostRampActionAtForkLeft","rule":"{prendre la bretelle on the left}"},{"id":"mobSkipSignpostRampActionAtForkRight","rule":"{prendre la bretelle on the right}"},{"id":"mobUTurnRampActionFork","rule":"#Select(#UTurnRampActionAtFork, {prendre la bretelle})"},{"id":"mobUTurnRampActionBearRight","rule":"{tourner à droite sur la bretelle}"},{"id":"mobUTurnRampActionTurnRight","rule":"{prendre à droite sur la bretelle}"},{"id":"mobUTurnRampActionMakeSharpRight","rule":"{serrer à droite sur la bretelle}"},{"id":"mobUTurnRampActionMakeSharpLeft","rule":"{serrer à gauche sur la bretelle}"},{"id":"mobUTurnRampActionTurnLeft","rule":"{prendre à gauche sur la bretelle}"},{"id":"mobUTurnRampActionBearLeft","rule":"{tourner à gauche sur la bretelle}"},{"id":"mobUTurnRampActionTakeRamp","rule":"{prendre la bretelle}"},{"id":"mobUTurnRampActionAtForkRight","rule":"{prendre la bretelle à droite}"},{"id":"mobHighwayActionGo","rule":"{aller}"},{"id":"DirectionStreet","rule":"NAME"},{"id":"mobHighwayActionTurnRight","rule":"{prendre à droite}"},{"id":"mobEndOfFerryActionBearRight","rule":"{tourner à droite}"},{"id":"mobHighwayActionMakeSharpRight","rule":"{serrer à droite}"},{"id":"mobHighwayActionMakeSharpLeft","rule":"{serrer à gauche}"},{"id":"mobHighwayActionTurnLeft","rule":"{prendre à gauche}"},{"id":"mobHighwayActionBearLeft","rule":"{tourner à gauche}"},{"id":"mobEndOfFerryActionMakeSharpRight","rule":"{serrer à droite}"},{"id":"mobEndOfFerryActionMakeSharpLeft","rule":"{serrer à gauche}"},{"id":"mobEndOfFerryActionTurnLeft","rule":"{prendre à gauche}"},{"id":"mobEndOfFerryActionBearLeft","rule":"{tourner à gauche}"},{"id":"mobStopArriveActionContinue","rule":"{continuer}"},{"id":"DirectionETA","rule":"#ArriveTime"},{"id":"mobStopArriveActionGo","rule":"{aller}"},{"id":"mobForkActionRight","rule":"{rester}"},{"id":"mobForkActionStraight","rule":"{aller}"},{"id":"mobForkSideLeft","rule":"{à gauche}"},{"id":"mobForkSideRight","rule":"{à droite}"},{"id":"mobForkSideStraight","rule":"{tout droit}"},{"id":"mobCrossingBorderTurnActionContinue","rule":"{continuer}"},{"id":"mobCrossingBorderTurnActionTurnRight","rule":"{prendre à droite}"},{"id":"mobCrossingBorderTurnActionMakeSharpRight","rule":"{serrer à droite}"},{"id":"mobCrossingBorderTurnActionTurnLeft","rule":"{prendre à gauche}"},{"id":"mobCrossingBorderTurnActionBearLeft","rule":"{tourner à gauche}"},{"id":"mobCrossingBorderFerryActionTurnRight","rule":"{prendre à droite}"},{"id":"mobCrossingBorderFerryActionMakeSharpRight","rule":"{serrer à droite}"},{"id":"mobCrossingBorderFerryActionMakeSharpLeft","rule":"{serrer à gauche}"},{"id":"mobCrossingBorderFerryActionTurnLeft","rule":"{prendre à gauche}"},{"id":"mobCrossingBorderFerryActionBearLeft","rule":"{tourner à gauche}"},{"id":"mobCrossingBorderFerryActionGo","rule":"{aller}"},{"id":"mobDistanceShort","rule":"{< } #MinDistance(1) ({ } #DistanceUnits)"},{"id":"mobDistanceLong","rule":"#Distance(1) ({ } #DistanceUnits)"},{"id":"mobCumulativeDistanceLong","rule":"#Select(#Distance(1), {0}) ({ } #DistanceUnits)"},{"id":"mobTimeShort","rule":"{< 1 minute}"},{"id":"mobTimeLong","rule":"(#TotalHours(0) { heure(s) }) (#RoundedMinutesOfHour(0) { minute(s)})"},{"id":"mobStopTimeLong","rule":"(#TotalHours(0) { heure(s) }) (#RoundedMinutesOfHour(0) { minute(s)})"},{"id":"mobTravelTimeShort","rule":"{< 1 minute}"},{"id":"mobTravelTimeLong","rule":"(#Days(0) { jour(s) }) (#HoursOfDay(0) { heure(s) }) (#RoundedMinutesOfHour(0) { minute(s)})"},{"id":"mobSignpostDestination","rule":"#String(0) ({ / } #String(1)) ({ / } #String(2)) ({ / } #String(3)) ({ / } #String(4))"},{"id":"mobStopSideLeft","rule":"{, sur la gauche}"},{"id":"mobStopSideRight","rule":"{, sur la droite}"},{"id":"mobCrossNames","rule":"#String(0)"},{"id":"mobUnitMileSingular","rule":"{mile}"},{"id":"mobUnitMilePlural","rule":"{miles}"},{"id":"mobUnitMileNeutral","rule":"{mile(s)}"},{"id":"mobUnitKilometerSingular","rule":"{kilomètre}"},{"id":"mobUnitKilometerPlural","rule":"{kilomètres}"},{"id":"mobUnitKilometerNeutral","rule":"{kilomètre(s)}"},{"id":"mobUnitMeterSingular","rule":"{mètre}"},{"id":"mobUnitMeterPlural","rule":"{mètres}"},{"id":"mobUnitMeterNeutral","rule":"{mètre(s)}"},{"id":"mobUnitFootSingular","rule":"{pied}"},{"id":"mobUnitFootPlural","rule":"{pieds}"},{"id":"mobUnitFootNeutral","rule":"{pieds}"},{"id":"mobUnitYardSingular","rule":"{yard}"},{"id":"mobUnitYardPlural","rule":"{yards}"},{"id":"mobUnitYardNeutral","rule":"{yard(s)}"},{"id":"mobUnitNauticalPlural","rule":"{nmi}"},{"id":"mobUnitNauticalNeutral","rule":"{nmi}"},{"id":"mobUnitSecondSingular","rule":"{seconde}"},{"id":"mobUnitSecondPlural","rule":"{secondes}"},{"id":"StopSummary","rule":"{Distance : } #StopLength"},{"id":"StopStayTime","rule":"{Temps de service : } #StopStayTime"},{"id":"StopFullTime","rule":"#StopFullTime"},{"id":"StopWaitTime","rule":"{Temps d’attente : } #StopWaitTime"},{"id":"StopViolationTime","rule":"{Infraction horaire : } #StopViolationTime"},{"id":"StopLength","rule":"#StopLength"},{"id":"mobDirectionDrive","rule":"{Rouler} ({ } #ItemLength)"},{"id":"DirectionLength","rule":"#ItemLength"},{"id":"DirectionTime","rule":"#ItemTime"},{"id":"DirectionCumulativeLength","rule":"#CumulativeDistance"},{"id":"DirectionBranch","rule":"#Branch"},{"id":"DirectionCrossStreet","rule":"#CrossNames"},{"id":"DirectionExitName","rule":"#SignpostExit"},{"id":"mobDirectionAltNames","rule":"ALT_NAME"},{"id":"mobDirectionDayEnd","rule":"{Fin de journée}"},{"id":"mobDirectionRestBreak","rule":"{ Halte}"},{"id":"mobDirectionAfterBreak","rule":"{Rester} ({ sur } NAME)"}],"lookupMapping":[{"id":"ExitNumberString","value":[{"key":"1","value":"{première}"},{"key":"2","value":"{deuxième}"},{"key":"3","value":"{troisième}"},{"key":"4","value":"{quatrième}"},{"key":"5","value":"{cinquième}"},{"key":"6","value":"{sixième}"},{"key":"7","value":"{septième}"},{"key":"8","value":"{huitième}"},{"key":"9","value":"{neuvième}"},{"key":"10","value":"{dixième}"}]}]}}}]}}