{"directions":{"settings":[{"style":{"id":"NA Navigation","language":{"id":"he","description":"עברית","strings":[{"id":"mobManeuverHeader","rule":"{יציאה} ({ } #StopName)"},{"id":"mobAtExit","rule":"{ביציאה } #SignpostExit { }"},{"id":"mobManeuverFooter","rule":"{הגעה ליעד} ({, מצד } #StopSide)"},{"id":"mobManeuverDepart","rule":"{יציאה} ({ } #StopName)"},{"id":"mobPathCurveActionMakeSharpRight","rule":"{פנה פנייה חדה ימינה}"},{"id":"mobManeuverStopArrive","rule":"#FirstUpper((#StopArriveAction ({ } #Azimuth) ({ על } NAME) ))"},{"id":"mobCrossingBorderTurnActionMakeSharpLeft","rule":"{פנה פנייה חדה שמאלה}"},{"id":"mobManeuverArrive","rule":"{הגעה ליעד} ({, מצד } #StopSide)"},{"id":"mobAzimuthSW","rule":"{דרום מערב}"},{"id":"mobManeuverUTurnViaRamp","rule":"#FirstUpper((#UTurnRampAction { לפניית פרסה חוקית וחזרה } ({ אל } NAME) ))"},{"id":"Names","rule":"NAME ({ (} ALT_NAME {)})"},{"id":"ManeuverFerry","rule":"{ עלה על מעבורת } ({ } @@Names) {}"},{"id":"mobSkipHighwayRampActionBearLeft","rule":"{הצמד לשמאל לעבר היציאה}"},{"id":"mobManeuverAnyRoad","rule":"#FirstUpper(({סע} ({ } #Azimuth) ({ על } NAME) ({ לכיוון } #CrossNames) ))"},{"id":"mobManeuverCrossingBorderFerry","rule":"#FirstUpper(( ({הכנס } CROSSADMINBORDER {, }) @mobAtExit #CrossingBorderFerryAction ({ לכיוון} ({ } NAME ({ (} ALT_NAME {)})) { מעבורת}) ))"},{"id":"mobManeuverFerryBypass","rule":"{השאר על מעבורת למשך } ({ } #ItemTime) ({ ~ } #ItemLength)"},{"id":"mobEndOfFerryActionGo","rule":"{סע}"},{"id":"mobManeuverOntoHighway","rule":"#FirstUpper(( @mobAtExit #HighwayAction #Select(({ אל } #Branch), ({ על } NAME)) ))"},{"id":"mobHighwayChanges","rule":"#FirstUpper(( @mobAtExit {הכביש משתנה} #Select(({ אל } #Branch), ({ אל } NAME)) ))"},{"id":"mobStopArriveActionBack","rule":"{סע אחורה}"},{"id":"mobSkipHighwayRampActionMakeSharpLeft","rule":"{פניה חדה שמאלה ליציאה}"},{"id":"mobCrossingBorderFerryActionBearRight","rule":"{הצמד לימין}"},{"id":"mobPathCurveActionBearLeft","rule":"{הצמד לשמאל}"},{"id":"mobLocalRoadActionMakeSharpRight","rule":"{פנה פנייה חדה ימינה}"},{"id":"mobManeuverPathCurves","rule":"#FirstUpper(( @mobAtExit #PathCurveAction @mobAtIntersectionOrCrossNames ({ והשאר על } NAME) ))"},{"id":"mobLocalRoadActionTurnRight","rule":"{פנה ימינה}"},{"id":"mobAzimuthS","rule":"{דרום}"},{"id":"mobAtIntersectionOrCrossNames","rule":"#Select(@mobAtIntersectionNames, ({ ב} #CrossNames))"},{"id":"mobSkipHighwayRampActionTurnRight","rule":"{פנה ימינה ליציאה}"},{"id":"mobCrossingBorderTurnActionGo","rule":"{סע}"},{"id":"mobSkipHighwayRampActionBearRight","rule":"{הצמד לימין לעבר היציאה}"},{"id":"mobManeuverSkipHighwayRamps","rule":"#FirstUpper(( @mobAtExit #SkipHighwayRampAction #Select(({ המשך על } #Branch), ({ והמשך לכיוון } NAME)) ))"},{"id":"mobManeuverFork","rule":"#FirstUpper((#Select(@mobAtExit, {במזלג }) #ForkAction ({ } #ForkSide) #Select(({ על } #Branch), ({ לכיוון } NAME)) ))"},{"id":"mobStopTimeShort","rule":"{< דקה}"},{"id":"mobAtIntersectionNames","rule":"{ ב} #Intersection(NAME) ({ (} #Intersection(ALT_NAME) {)})"},{"id":"mobManeuverTurnOntoLocalRoad","rule":"#FirstUpper(( @mobAtExit #LocalRoadAction @mobAtIntersectionNames ({ על } NAME) ))"},{"id":"mobPathCurveActionContinue","rule":"{המשך}"},{"id":"mobManeuverCrossingBorderTurn","rule":"#FirstUpper(( ({הכנס } CROSSADMINBORDER {, }) @mobAtExit #CrossingBorderTurnAction ({ לכיוון } NAME) ))"},{"id":"mobManeuverCrossingBorder","rule":"{הכנס} ({ } CROSSADMINBORDER)"},{"id":"mobPathCurveActionTurnLeft","rule":"{פנה שמאלה}"},{"id":"mobManeuverUTurnViaRoundabout","rule":"@mobRoundaboutHeaderGoBack ({ על } NAME)"},{"id":"mobRoundaboutHeaderGoBack","rule":"#Select(({בככר, צא ביציאה } @@ExitNumberString(#ExitNumber) { צא וחזור}), {הכנס לככר וחזור בחזרה})"},{"id":"mobUnitSecondNeutral","rule":"{שניות}"},{"id":"mobManeuverUTurn","rule":"{פנה פניית פרסה חוקית} @mobAtIntersectionNames { וחזור} ({ על } NAME)"},{"id":"mobManeuverFerry","rule":"{עלה על} ({ } NAME ({ (} ALT_NAME {)})) { מעבורת}"},{"id":"mobLocalRoadActionContinue","rule":"{המשך}"},{"id":"mobManeuverEndOfFerry","rule":"#FirstUpper(( @mobAtExit {רד מהמעבורת ו} #EndOfFerryAction #Select(({ על } #Branch), ({ לכיוון } NAME)) ))"},{"id":"mobManeuverStopOnRoundabout","rule":"{בככר}"},{"id":"mobManeuverSkipRoundabout","rule":"@mobRoundaboutHeader @mobToProceed"},{"id":"mobRoundaboutHeader","rule":"#Select(({בככר, צא ביציאה } @@ExitNumberString(#ExitNumber) { }), {בככר})"},{"id":"mobPathCurveActionMakeSharpLeft","rule":"{פנה פנייה חדה שמאלה}"},{"id":"mobEndOfFerryActionTurnRight","rule":"{פנה ימינה}"},{"id":"mobCrossingBorderFerryActionContinue","rule":"{המשך}"},{"id":"DirectionToward","rule":"#Destination"},{"id":"mobToProceed","rule":"{ המשך} #Select(({ אל } #Branch), ({ על } NAME))"},{"id":"mobSkipHighwayRampActionTurnLeft","rule":"{פנה שמאלה ליציאה}"},{"id":"mobSkipHighwayRampActionAtFork","rule":"#Select(#SkipHighwayRampActionAtFork, {צא ביציאה})"},{"id":"mobManeuverSkipRoundaboutRamp","rule":"@mobRoundaboutHeader (#Select(({ אל } #Branch), ({ אל } NAME)) )"},{"id":"mobManeuverSkipSignpostRamps","rule":"#FirstUpper(( @mobAtExit #SkipSignpostRampAction #Select(({ אל } #Branch), ({ אל } NAME)) ))"},{"id":"mobSkipHighwayRampActionAtForkLeft","rule":"{צא ביציאה השמאלית}"},{"id":"mobAzimuthNE","rule":"{צפון מזרח}"},{"id":"mobAzimuthN","rule":"{צפון}"},{"id":"mobUnitNauticalSingular","rule":"{מייל ימי}"},{"id":"mobPathCurveActionBearRight","rule":"{הצמד לימין}"},{"id":"mobAzimuthE","rule":"{מזרח}"},{"id":"mobAzimuthSE","rule":"{דרום מזרח}"},{"id":"mobCrossingBorderTurnActionBearRight","rule":"{הצמד לימין}"},{"id":"mobAzimuthW","rule":"{מערב}"},{"id":"mobSkipHighwayRampActionTakeRamp","rule":"{צא ביציאה}"},{"id":"mobAzimuthNW","rule":"{צפון מערב}"},{"id":"mobPathCurveActionTurnRight","rule":"{פנה ימינה}"},{"id":"mobLocalRoadActionBearRight","rule":"{הצמד לימין}"},{"id":"mobLocalRoadActionMakeSharpLeft","rule":"{פנה פנייה חדה שמאלה}"},{"id":"mobUTurnRampActionAtForkLeft","rule":"{צא ביציאה השמאלית}"},{"id":"mobLocalRoadActionTurnLeft","rule":"{פנה שמאלה}"},{"id":"mobLocalRoadActionBearLeft","rule":"{הצמד לשמאל}"},{"id":"mobLocalRoadActionGo","rule":"{סע}"},{"id":"mobHighwayActionBearRight","rule":"{הצמד לימין}"},{"id":"mobSkipHighwayRampActionMakeSharpRight","rule":"{פניה חדה ימינה ליציאה}"},{"id":"mobSkipHighwayRampActionAtForkRight","rule":"{צא ביציאה הימנית}"},{"id":"mobSkipSignpostRampActionAtFork","rule":"#Select(#SkipSignpostRampActionAtFork, {צא ביציאה})"},{"id":"mobSkipSignpostRampActionBearRight","rule":"{הצמד לימין לעבר היציאה}"},{"id":"mobForkActionLeft","rule":"{המשך}"},{"id":"StopTimeWindow","rule":"{חלון זמן: } #StopTimeWindowStart { - } #StopTimeWindowEnd"},{"id":"mobSkipSignpostRampActionTurnRight","rule":"{פנה ימינה ליציאה}"},{"id":"mobSkipSignpostRampActionMakeSharpRight","rule":"{פניה חדה ימינה ליציאה}"},{"id":"mobSkipSignpostRampActionMakeSharpLeft","rule":"{פניה חדה שמאלה ליציאה}"},{"id":"mobSkipSignpostRampActionTurnLeft","rule":"{פנה שמאלה ליציאה}"},{"id":"mobSkipSignpostRampActionBearLeft","rule":"{הצמד לשמאל לעבר היציאה}"},{"id":"mobSkipSignpostRampActionTakeRamp","rule":"{צא ביציאה}"},{"id":"mobSkipSignpostRampActionAtForkLeft","rule":"{צא ביציאה השמאלית}"},{"id":"mobSkipSignpostRampActionAtForkRight","rule":"{צא ביציאה הימנית}"},{"id":"mobUTurnRampActionFork","rule":"#Select(#UTurnRampActionAtFork, {צא ביציאה})"},{"id":"mobUTurnRampActionBearRight","rule":"{הצמד לימין לעבר היציאה}"},{"id":"mobUTurnRampActionTurnRight","rule":"{פנה ימינה ליציאה}"},{"id":"mobUTurnRampActionMakeSharpRight","rule":"{פניה חדה ימינה ליציאה}"},{"id":"mobUTurnRampActionMakeSharpLeft","rule":"{פניה חדה שמאלה ליציאה}"},{"id":"mobUTurnRampActionTurnLeft","rule":"{פנה שמאלה ליציאה}"},{"id":"mobUTurnRampActionBearLeft","rule":"{הצמד לשמאל לעבר היציאה}"},{"id":"mobUTurnRampActionTakeRamp","rule":"{צא ביציאה}"},{"id":"mobUTurnRampActionAtForkRight","rule":"{צא ביציאה הימנית}"},{"id":"mobHighwayActionGo","rule":"{סע}"},{"id":"DirectionStreet","rule":"NAME"},{"id":"mobHighwayActionTurnRight","rule":"{פנה ימינה}"},{"id":"mobEndOfFerryActionBearRight","rule":"{הצמד לימין}"},{"id":"mobHighwayActionMakeSharpRight","rule":"{פנה פנייה חדה ימינה}"},{"id":"mobHighwayActionMakeSharpLeft","rule":"{פנה פנייה חדה שמאלה}"},{"id":"mobHighwayActionTurnLeft","rule":"{פנה שמאלה}"},{"id":"mobHighwayActionBearLeft","rule":"{הצמד לשמאל}"},{"id":"mobEndOfFerryActionMakeSharpRight","rule":"{פנה פנייה חדה ימינה}"},{"id":"mobEndOfFerryActionMakeSharpLeft","rule":"{פנה פנייה חדה שמאלה}"},{"id":"mobEndOfFerryActionTurnLeft","rule":"{פנה שמאלה}"},{"id":"mobEndOfFerryActionBearLeft","rule":"{הצמד לשמאל}"},{"id":"mobStopArriveActionContinue","rule":"{המשך}"},{"id":"DirectionETA","rule":"#ArriveTime"},{"id":"mobStopArriveActionGo","rule":"{סע}"},{"id":"mobForkActionRight","rule":"{השאר}"},{"id":"mobForkActionStraight","rule":"{סע}"},{"id":"mobForkSideLeft","rule":"{בשמאל}"},{"id":"mobForkSideRight","rule":"{בימין}"},{"id":"mobForkSideStraight","rule":"{ישר}"},{"id":"mobCrossingBorderTurnActionContinue","rule":"{המשך}"},{"id":"mobCrossingBorderTurnActionTurnRight","rule":"{פנה ימינה}"},{"id":"mobCrossingBorderTurnActionMakeSharpRight","rule":"{פנה פנייה חדה ימינה}"},{"id":"mobCrossingBorderTurnActionTurnLeft","rule":"{פנה שמאלה}"},{"id":"mobCrossingBorderTurnActionBearLeft","rule":"{הצמד לשמאל}"},{"id":"mobCrossingBorderFerryActionTurnRight","rule":"{פנה ימינה}"},{"id":"mobCrossingBorderFerryActionMakeSharpRight","rule":"{פנה פנייה חדה ימינה}"},{"id":"mobCrossingBorderFerryActionMakeSharpLeft","rule":"{פנה פנייה חדה שמאלה}"},{"id":"mobCrossingBorderFerryActionTurnLeft","rule":"{פנה שמאלה}"},{"id":"mobCrossingBorderFerryActionBearLeft","rule":"{הצמד לשמאל}"},{"id":"mobCrossingBorderFerryActionGo","rule":"{סע}"},{"id":"mobDistanceShort","rule":"{< } #MinDistance(1) ({ } #DistanceUnits)"},{"id":"mobDistanceLong","rule":"#Distance(1) ({ } #DistanceUnits)"},{"id":"mobCumulativeDistanceLong","rule":"#Select(#Distance(1), {0}) ({ } #DistanceUnits)"},{"id":"mobTimeShort","rule":"{< דקה}"},{"id":"mobTimeLong","rule":"(#TotalHours(0) { שעה(ות) }) (#RoundedMinutesOfHour(0) { minute(s)})"},{"id":"mobStopTimeLong","rule":"(#TotalHours(0) { שעה(ות) }) (#RoundedMinutesOfHour(0) { דקה(ות)})"},{"id":"mobTravelTimeShort","rule":"{< דקה}"},{"id":"mobTravelTimeLong","rule":"(#Days(0) { day(s) }) (#HoursOfDay(0) { hour(s) }) (#RoundedMinutesOfHour(0) { minute(s)})"},{"id":"mobSignpostDestination","rule":"#String(0) ({ / } #String(1)) ({ / } #String(2)) ({ / } #String(3)) ({ / } #String(4))"},{"id":"mobStopSideLeft","rule":"{שמאל}"},{"id":"mobStopSideRight","rule":"{ימין}"},{"id":"mobCrossNames","rule":"#String(0)"},{"id":"mobUnitMileSingular","rule":"{מייל}"},{"id":"mobUnitMilePlural","rule":"{מיילים}"},{"id":"mobUnitMileNeutral","rule":"{(מיילים)}"},{"id":"mobUnitKilometerSingular","rule":"{קילומטר}"},{"id":"mobUnitKilometerPlural","rule":"{קילומטרים}"},{"id":"mobUnitKilometerNeutral","rule":"{קילומטרים}"},{"id":"mobUnitMeterSingular","rule":"{מטר}"},{"id":"mobUnitMeterPlural","rule":"{מטרים}"},{"id":"mobUnitMeterNeutral","rule":"{מטרים}"},{"id":"mobUnitFootSingular","rule":"{רגל}"},{"id":"mobUnitFootPlural","rule":"{רגל}"},{"id":"mobUnitFootNeutral","rule":"{רגל}"},{"id":"mobUnitYardSingular","rule":"{יארד}"},{"id":"mobUnitYardPlural","rule":"{יארדים}"},{"id":"mobUnitYardNeutral","rule":"{יארדים}"},{"id":"mobUnitNauticalPlural","rule":"{מייל ימי}"},{"id":"mobUnitNauticalNeutral","rule":"{מייל ימי}"},{"id":"mobUnitSecondSingular","rule":"{שנייה}"},{"id":"mobUnitSecondPlural","rule":"{שניות}"},{"id":"StopSummary","rule":"{מרחק: } #StopLength"},{"id":"StopStayTime","rule":"{זמן שירות: } #StopStayTime"},{"id":"StopFullTime","rule":"#StopFullTime"},{"id":"StopWaitTime","rule":"{זמן המתנה: } #StopWaitTime"},{"id":"StopViolationTime","rule":"{הפרת זמן: } #StopViolationTime"},{"id":"StopLength","rule":"#StopLength"},{"id":"mobDirectionDrive","rule":"{נהג} ({ } #ItemLength)"},{"id":"DirectionLength","rule":"#ItemLength"},{"id":"DirectionTime","rule":"#ItemTime"},{"id":"DirectionCumulativeLength","rule":"#CumulativeDistance"},{"id":"DirectionBranch","rule":"#Branch"},{"id":"DirectionCrossStreet","rule":"#CrossNames"},{"id":"DirectionExitName","rule":"#SignpostExit"},{"id":"mobDirectionAltNames","rule":"ALT_NAME"},{"id":"mobDirectionDayEnd","rule":"{סוף יום}"},{"id":"mobDirectionRestBreak","rule":"{ הפסקת מנוחה}"},{"id":"mobDirectionAfterBreak","rule":"{השאר} ({ על } NAME)"}],"lookupMapping":[{"id":"ExitNumberString","value":[{"key":"1","value":"{ראשונה}"},{"key":"2","value":"{שניה}"},{"key":"3","value":"{שלישית}"},{"key":"4","value":"{רביעית}"},{"key":"5","value":"{חמישית}"},{"key":"6","value":"{שישית}"},{"key":"7","value":"{שביעית}"},{"key":"8","value":"{שמינית}"},{"key":"9","value":"{תשיעית}"},{"key":"10","value":"{עשירית}"}]}]}}}]}}