{"directions":{"settings":[{"style":{"id":"NA Navigation","language":{"id":"ko","description":"한국어","strings":[{"id":"mobManeuverHeader","rule":"({ } #StopName) {에서 출발 }"},{"id":"mobAtExit","rule":"#SignpostExit {출구에서 }"},{"id":"mobManeuverFooter","rule":"(#StopSide {의 }) {목적지에 도착 } "},{"id":"mobManeuverDepart","rule":"({ } #StopName) {에서 출발 } "},{"id":"mobPathCurveActionMakeSharpRight","rule":"{오른쪽으로 급회전합니다 }"},{"id":"mobManeuverStopArrive","rule":"#FirstUpper(((NAME {의 }) (#Azimuth {으로 }) #StopArriveAction ))"},{"id":"mobCrossingBorderTurnActionMakeSharpLeft","rule":"{왼쪽으로 급회전합니다 }"},{"id":"mobManeuverArrive","rule":"(#StopSide {의 }) {목적지에 도착 } "},{"id":"mobAzimuthSW","rule":"{남서쪽}"},{"id":"mobManeuverUTurnViaRamp","rule":"#FirstUpper(({유턴 하려면 } #UTurnRampAction {그리고 } (NAME {에서 돌아갑니다  }) ))"},{"id":"Names","rule":"NAME ({ (} ALT_NAME {)})"},{"id":"ManeuverFerry","rule":"({ } @@Names) {여객선을 탑니다 }"},{"id":"mobSkipHighwayRampActionBearLeft","rule":"{진입로에서 왼쪽으로 이동합니다 }"},{"id":"mobManeuverAnyRoad","rule":"#FirstUpper(((NAME {에서 }) (#Azimuth { }) (#CrossNames { 방향으로 이동합니다 })) )"},{"id":"mobManeuverCrossingBorderFerry","rule":"#FirstUpper(( (CROSSADMINBORDER {입력, }) @mobAtExit ((NAME ({ (} ALT_NAME {)}) )) { 여객선에서 } #CrossingBorderFerryAction ))"},{"id":"mobManeuverFerryBypass","rule":"({ } #ItemTime) ({ ~ } #ItemLength) { 동안 여객선을 타야 합니다 }"},{"id":"mobEndOfFerryActionGo","rule":"{이동합니다 }"},{"id":"mobManeuverOntoHighway","rule":"#FirstUpper(( @mobAtExit #Select((#Branch {(으)로 } ), (NAME {(으)로 })) #HighwayAction ))"},{"id":"mobHighwayChanges","rule":"#FirstUpper(( @mobAtExit #Select((#Branch {(으)로 }), (NAME {(으)로 } )) {길이 바뀝니다 } ))"},{"id":"mobStopArriveActionBack","rule":"{돌아갑니다 }"},{"id":"mobSkipHighwayRampActionMakeSharpLeft","rule":"{진입로에서 왼쪽으로 급회전합니다 }"},{"id":"mobCrossingBorderFerryActionBearRight","rule":"{오른쪽으로 이동합니다 }"},{"id":"mobPathCurveActionBearLeft","rule":"{왼쪽으로 이동합니다 }"},{"id":"mobLocalRoadActionMakeSharpRight","rule":"{오른쪽으로 급회전합니다 }"},{"id":"mobManeuverPathCurves","rule":"#FirstUpper(( @mobAtExit (NAME {에 있으려면 } ) @mobAtIntersectionOrCrossNames #PathCurveAction ))"},{"id":"mobLocalRoadActionTurnRight","rule":"{우회전합니다 }"},{"id":"mobAzimuthS","rule":"{남쪽}"},{"id":"mobAtIntersectionOrCrossNames","rule":"#Select(@mobAtIntersectionNames, (#CrossNames {에서 }))"},{"id":"mobSkipHighwayRampActionTurnRight","rule":"{진입로에서 우회전합니다 }"},{"id":"mobCrossingBorderTurnActionGo","rule":"{이동합니다 }"},{"id":"mobSkipHighwayRampActionBearRight","rule":"{진입로에서 오른쪽으로 이동합니다 }"},{"id":"mobManeuverSkipHighwayRamps","rule":"#FirstUpper(( @mobAtExit #SkipHighwayRampAction #Select( ({그리고 } #Branch {에서 이동합니다 }), ({그리고 } NAME {에서 이동합니다})) ))"},{"id":"mobManeuverFork","rule":"#FirstUpper((#Select(@mobAtExit, { 갈림길에서 }) #Select((#Branch {(으)로 } ), (NAME {(으)로 })) #ForkSide #ForkAction ))"},{"id":"mobStopTimeShort","rule":"{< 1 분}"},{"id":"mobAtIntersectionNames","rule":"#Intersection(NAME) ({ (} #Intersection(ALT_NAME) {)}) {에서 } "},{"id":"mobManeuverTurnOntoLocalRoad","rule":"#FirstUpper(( @mobAtExit (NAME {의 }) @mobAtIntersectionNames #LocalRoadAction ))"},{"id":"mobPathCurveActionContinue","rule":"{계속 이동 }"},{"id":"mobManeuverCrossingBorderTurn","rule":"#FirstUpper(( (CROSSADMINBORDER { 입력, }) @mobAtExit (NAME {에서 }) #CrossingBorderTurnAction ))"},{"id":"mobManeuverCrossingBorder","rule":"({ } CROSSADMINBORDER) { 입력 } "},{"id":"mobPathCurveActionTurnLeft","rule":"{좌회전합니다 }"},{"id":"mobManeuverUTurnViaRoundabout","rule":"(NAME {에서 }) @mobRoundaboutHeaderGoBack "},{"id":"mobRoundaboutHeaderGoBack","rule":"#Select(({로터리에서 돌아가려면 } @@ExitNumberString(#ExitNumber) {출구로 갑니다 }), {로터리로 가서 돌아갑니다})"},{"id":"mobUnitSecondNeutral","rule":"{초}"},{"id":"mobManeuverUTurn","rule":"@mobAtIntersectionNames {유턴하고 } (NAME {에서 돌아갑니다 })"},{"id":"mobManeuverFerry","rule":"({ } NAME ({ (} ALT_NAME {)})) { 여객선을 탑니다 }"},{"id":"mobLocalRoadActionContinue","rule":"{계속 이동 }"},{"id":"mobManeuverEndOfFerry","rule":"#FirstUpper(( @mobAtExit {내리고 } #Select((#Branch {(으)로 }), (NAME {(으)로 })) #EndOfFerryAction ))"},{"id":"mobManeuverStopOnRoundabout","rule":"{로터리로 갑니다}"},{"id":"mobManeuverSkipRoundabout","rule":"@mobToProceed @mobRoundaboutHeader"},{"id":"mobPathCurveActionMakeSharpLeft","rule":"{왼쪽으로 급회전합니다 }"},{"id":"mobEndOfFerryActionTurnRight","rule":"{우회전합니다 }"},{"id":"mobCrossingBorderFerryActionContinue","rule":"{계속 이동합니다 }"},{"id":"DirectionToward","rule":"#Destination"},{"id":"mobToProceed","rule":"#Select((#Branch {에서 } ), (NAME {에서 })) {가기 위해 } "},{"id":"mobRoundaboutHeader","rule":"#Select(({로터리에서 } @@ExitNumberString(#ExitNumber) { 출구로 갑니다 }), { 로터리로 갑니다 })"},{"id":"mobSkipHighwayRampActionTurnLeft","rule":"{진입로에서 좌회전합니다 }"},{"id":"mobSkipHighwayRampActionAtFork","rule":"#Select(#SkipHighwayRampActionAtFork, {진입로로 이동합니다 })"},{"id":"mobManeuverSkipRoundaboutRamp","rule":"(#Select((#Branch {까지 }), (NAME {까지 })) @mobRoundaboutHeader )"},{"id":"mobManeuverSkipSignpostRamps","rule":"#FirstUpper(( @mobAtExit #Select((#Branch {(으)로 }), (NAME {(으)로 })) #SkipSignpostRampAction ))"},{"id":"mobSkipHighwayRampActionAtForkLeft","rule":"{왼쪽 진입로로 이동합니다 }"},{"id":"mobAzimuthNE","rule":"{북동쪽}"},{"id":"mobAzimuthN","rule":"{북쪽}"},{"id":"mobUnitNauticalSingular","rule":"{노티컬 마일}"},{"id":"mobPathCurveActionBearRight","rule":"{오른쪽으로 이동합니다 }"},{"id":"mobAzimuthE","rule":"{동쪽}"},{"id":"mobAzimuthSE","rule":"{남동쪽}"},{"id":"mobCrossingBorderTurnActionBearRight","rule":"{오른쪽으로 이동합니다 }"},{"id":"mobAzimuthW","rule":"{서쪽}"},{"id":"mobSkipHighwayRampActionTakeRamp","rule":"{진입로로 이동합니다 }"},{"id":"mobAzimuthNW","rule":"{북서쪽}"},{"id":"mobPathCurveActionTurnRight","rule":"{우회전합니다 }"},{"id":"mobLocalRoadActionBearRight","rule":"{오른쪽으로 이동합니다 }"},{"id":"mobLocalRoadActionMakeSharpLeft","rule":"{왼쪽으로 급회전합니다 }"},{"id":"mobUTurnRampActionAtForkLeft","rule":"{왼쪽 진입로로 이동합니다 }"},{"id":"mobLocalRoadActionTurnLeft","rule":"{좌회전합니다 }"},{"id":"mobLocalRoadActionBearLeft","rule":"{왼쪽으로 이동합니다 }"},{"id":"mobLocalRoadActionGo","rule":"{이동합니다 }"},{"id":"mobHighwayActionBearRight","rule":"{오른쪽으로 이동합니다 }"},{"id":"mobSkipHighwayRampActionMakeSharpRight","rule":"{진입로에서 오른쪽으로 급회전합니다 }"},{"id":"mobSkipHighwayRampActionAtForkRight","rule":"{오른쪽 진입로로 이동합니다 }"},{"id":"mobSkipSignpostRampActionAtFork","rule":"#Select(#SkipSignpostRampActionAtFork, {진입로로 이동합니다 })"},{"id":"mobSkipSignpostRampActionBearRight","rule":"{진입로에서 오른쪽으로 이동합니다 }"},{"id":"mobForkActionLeft","rule":"{계속 이동합니다 }"},{"id":"StopTimeWindow","rule":"{시간 창: } #StopTimeWindowStart { - } #StopTimeWindowEnd"},{"id":"mobSkipSignpostRampActionTurnRight","rule":"{진입로에서 우회전합니다 }"},{"id":"mobSkipSignpostRampActionMakeSharpRight","rule":"{진입로에서 오른쪽으로 급회전합니다 }"},{"id":"mobSkipSignpostRampActionMakeSharpLeft","rule":"{진입로에서 왼쪽으로 급회전합니다 }"},{"id":"mobSkipSignpostRampActionTurnLeft","rule":"{진입로에서 좌회전합니다 }"},{"id":"mobSkipSignpostRampActionBearLeft","rule":"{진입로에서 왼쪽으로 이동합니다 }"},{"id":"mobSkipSignpostRampActionTakeRamp","rule":"{진입로로 이동합니다 }"},{"id":"mobSkipSignpostRampActionAtForkLeft","rule":"{왼쪽 진입로로 이동합니다 }"},{"id":"mobSkipSignpostRampActionAtForkRight","rule":"{오른쪽 진입로로 이동합니다 }"},{"id":"mobUTurnRampActionFork","rule":"#Select(#UTurnRampActionAtFork, {진입로로 이동합니다 })"},{"id":"mobUTurnRampActionBearRight","rule":"{진입로에서 오른쪽으로 이동합니다 }"},{"id":"mobUTurnRampActionTurnRight","rule":"{진입로에서 우회전합니다 }"},{"id":"mobUTurnRampActionMakeSharpRight","rule":"{진입로에서 오른쪽으로 급회전합니다 }"},{"id":"mobUTurnRampActionMakeSharpLeft","rule":"{진입로에서 왼쪽으로 급회전합니다 }"},{"id":"mobUTurnRampActionTurnLeft","rule":"{진입로에서 좌회전합니다 }"},{"id":"mobUTurnRampActionBearLeft","rule":"{진입로에서 왼쪽으로 이동합니다 }"},{"id":"mobUTurnRampActionTakeRamp","rule":"{진입로로 이동합니다 }"},{"id":"mobUTurnRampActionAtForkRight","rule":"{오른쪽 진입로로 이동합니다 }"},{"id":"mobHighwayActionGo","rule":"{이동합니다 }"},{"id":"DirectionStreet","rule":"NAME"},{"id":"mobHighwayActionTurnRight","rule":"{우회전합니다 }"},{"id":"mobEndOfFerryActionBearRight","rule":"{오른쪽으로 이동합니다 }"},{"id":"mobHighwayActionMakeSharpRight","rule":"{오른쪽으로 급회전합니다 }"},{"id":"mobHighwayActionMakeSharpLeft","rule":"{왼쪽으로 급회전합니다 }"},{"id":"mobHighwayActionTurnLeft","rule":"{좌회전합니다 }"},{"id":"mobHighwayActionBearLeft","rule":"{왼쪽으로 이동합니다 }"},{"id":"mobEndOfFerryActionMakeSharpRight","rule":"{오른쪽으로 급회전합니다 }"},{"id":"mobEndOfFerryActionMakeSharpLeft","rule":"{왼쪽으로 급회전합니다 }"},{"id":"mobEndOfFerryActionTurnLeft","rule":"{좌회전합니다 }"},{"id":"mobEndOfFerryActionBearLeft","rule":"{왼쪽으로 이동합니다 }"},{"id":"mobStopArriveActionContinue","rule":"{계속 이동합니다 }"},{"id":"DirectionETA","rule":"#ArriveTime"},{"id":"mobStopArriveActionGo","rule":"{이동합니다 }"},{"id":"mobForkActionRight","rule":"{계속 이동합니다 }"},{"id":"mobForkActionStraight","rule":"{이동합니다 }"},{"id":"mobForkSideLeft","rule":"{왼쪽으로 }"},{"id":"mobForkSideRight","rule":"{오른쪽으로 }"},{"id":"mobForkSideStraight","rule":"{직진으로 }"},{"id":"mobCrossingBorderTurnActionContinue","rule":"{계속 이동 }"},{"id":"mobCrossingBorderTurnActionTurnRight","rule":"{우회전합니다 }"},{"id":"mobCrossingBorderTurnActionMakeSharpRight","rule":"{오른쪽으로 급회전합니다 }"},{"id":"mobCrossingBorderTurnActionTurnLeft","rule":"{좌회전합니다 }"},{"id":"mobCrossingBorderTurnActionBearLeft","rule":"{왼쪽으로 이동합니다 }"},{"id":"mobCrossingBorderFerryActionTurnRight","rule":"{우회전합니다 }"},{"id":"mobCrossingBorderFerryActionMakeSharpRight","rule":"{오른쪽으로 급회전합니다 }"},{"id":"mobCrossingBorderFerryActionMakeSharpLeft","rule":"{왼쪽으로 급회전합니다 }"},{"id":"mobCrossingBorderFerryActionTurnLeft","rule":"{좌회전합니다 }"},{"id":"mobCrossingBorderFerryActionBearLeft","rule":"{왼쪽으로 이동합니다 }"},{"id":"mobCrossingBorderFerryActionGo","rule":"{이동합니다 }"},{"id":"mobDistanceShort","rule":"{< } #MinDistance(1) ({ } #DistanceUnits)"},{"id":"mobDistanceLong","rule":"#Distance(1) ({ } #DistanceUnits)"},{"id":"mobCumulativeDistanceLong","rule":"#Select(#Distance(1), {0}) ({ } #DistanceUnits)"},{"id":"mobTimeShort","rule":"{< 1 분}"},{"id":"mobTimeLong","rule":"(#TotalHours(0) { 시간 }) (#RoundedMinutesOfHour(0) { 분})"},{"id":"mobStopTimeLong","rule":"(#TotalHours(0) { 시간 }) (#RoundedMinutesOfHour(0) { 분})"},{"id":"mobTravelTimeShort","rule":"{< 1 분}"},{"id":"mobTravelTimeLong","rule":"(#Days(0) { 일 }) (#HoursOfDay(0) { 시간 }) (#RoundedMinutesOfHour(0) { 분})"},{"id":"mobSignpostDestination","rule":"#String(0) ({ / } #String(1)) ({ / } #String(2)) ({ / } #String(3)) ({ / } #String(4))"},{"id":"mobStopSideLeft","rule":"{왼쪽}"},{"id":"mobStopSideRight","rule":"{오른쪽}"},{"id":"mobCrossNames","rule":"#String(0)"},{"id":"mobUnitMileSingular","rule":"{마일}"},{"id":"mobUnitMilePlural","rule":"{마일}"},{"id":"mobUnitMileNeutral","rule":"{마일}"},{"id":"mobUnitKilometerSingular","rule":"{킬로미터}"},{"id":"mobUnitKilometerPlural","rule":"{킬로미터}"},{"id":"mobUnitKilometerNeutral","rule":"{킬로미터}"},{"id":"mobUnitMeterSingular","rule":"{미터}"},{"id":"mobUnitMeterPlural","rule":"{미터}"},{"id":"mobUnitMeterNeutral","rule":"{미터}"},{"id":"mobUnitFootSingular","rule":"{피트}"},{"id":"mobUnitFootPlural","rule":"{피트}"},{"id":"mobUnitFootNeutral","rule":"{피트}"},{"id":"mobUnitYardSingular","rule":"{야드}"},{"id":"mobUnitYardPlural","rule":"{야드}"},{"id":"mobUnitYardNeutral","rule":"{야드}"},{"id":"mobUnitNauticalPlural","rule":"{노티컬 마일}"},{"id":"mobUnitNauticalNeutral","rule":"{노티컬 마일}"},{"id":"mobUnitSecondSingular","rule":"{초}"},{"id":"mobUnitSecondPlural","rule":"{초}"},{"id":"StopSummary","rule":"{거리: } #StopLength"},{"id":"StopStayTime","rule":"{서비스 시간: } #StopStayTime"},{"id":"StopFullTime","rule":"#StopFullTime"},{"id":"StopWaitTime","rule":"{대기 시간: } #StopWaitTime"},{"id":"StopViolationTime","rule":"{위반 시간: } #StopViolationTime"},{"id":"StopLength","rule":"#StopLength"},{"id":"mobDirectionDrive","rule":"({ } #ItemLength) { 운전합니다 } "},{"id":"DirectionLength","rule":"#ItemLength"},{"id":"DirectionTime","rule":"#ItemTime"},{"id":"DirectionCumulativeLength","rule":"#CumulativeDistance"},{"id":"DirectionBranch","rule":"#Branch"},{"id":"DirectionCrossStreet","rule":"#CrossNames"},{"id":"DirectionExitName","rule":"#SignpostExit"},{"id":"mobDirectionAltNames","rule":"ALT_NAME"},{"id":"mobDirectionDayEnd","rule":"{일과 종료}"},{"id":"mobDirectionRestBreak","rule":"{ 휴식 시간 }"},{"id":"mobDirectionAfterBreak","rule":"(NAME) {에서 머무릅니다} "}],"lookupMapping":[{"id":"ExitNumberString","value":[{"key":"1","value":"{첫번째 }"},{"key":"2","value":"{두번째 }"},{"key":"3","value":"{세번째 }"},{"key":"4","value":"{네번째}"},{"key":"5","value":"{다섯번째 }"},{"key":"6","value":"{여섯번째 }"},{"key":"7","value":"{일곱번째 }"},{"key":"8","value":"{여덟번째 }"},{"key":"9","value":"{아홉번째 }"},{"key":"10","value":"{열번째 }"}]}]}}}]}}