{"directions":{"settings":[{"style":{"id":"NA Navigation","language":{"id":"lt","description":"Lietuvių","strings":[{"id":"mobManeuverHeader","rule":"{Išvykti} ({ iš } #StopName)"},{"id":"mobAtExit","rule":"{ties išvažiavimu } #SignpostExit { }"},{"id":"mobManeuverFooter","rule":"{Atvykti} ({, į } #StopSide)"},{"id":"mobManeuverDepart","rule":"{Išvykti} ({ iš } #StopName)"},{"id":"mobPathCurveActionMakeSharpRight","rule":"{staigus posūkis į dešinę}"},{"id":"mobManeuverStopArrive","rule":"#FirstUpper((#StopArriveAction ({ } #Azimuth) ({ } NAME) ))"},{"id":"mobCrossingBorderTurnActionMakeSharpLeft","rule":"{staigus posūkis į kairę}"},{"id":"mobManeuverArrive","rule":"{Atvykti} ({, į } #StopSide)"},{"id":"mobAzimuthSW","rule":"{pietvakarių kryptimi}"},{"id":"mobManeuverUTurnViaRamp","rule":"#FirstUpper((#UTurnRampAction { apsisukti leistinoje vietoje ir grįžti atgal} ({ } NAME) ))"},{"id":"Names","rule":"NAME ({ (} ALT_NAME {)})"},{"id":"ManeuverFerry","rule":"{Keltis} ({ } @@Names) { keltu}"},{"id":"mobSkipHighwayRampActionBearLeft","rule":"{nuvažiavus rampa laikytis kairės}"},{"id":"mobManeuverAnyRoad","rule":"#FirstUpper(({važiuoti} ({ } #Azimuth) ({ } NAME) ({ link } #CrossNames) ))"},{"id":"mobManeuverCrossingBorderFerry","rule":"#FirstUpper(( ({Įvažiuoti į } CROSSADMINBORDER {, }) @mobAtExit #CrossingBorderFerryAction ({ } ({ } NAME ({ (} ALT_NAME {)})) { keltu}) ))"},{"id":"mobManeuverFerryBypass","rule":"{Likti kelte} ({ } #ItemTime) ({ ~ } #ItemLength)"},{"id":"mobEndOfFerryActionGo","rule":"{važiuoti}"},{"id":"mobManeuverOntoHighway","rule":"#FirstUpper(( @mobAtExit #HighwayAction #Select(({ } #Branch), ({ } NAME)) ))"},{"id":"mobHighwayChanges","rule":"#FirstUpper(( @mobAtExit {kelio pasikeitimai} #Select(({ į } #Branch), ({ į } NAME)) ))"},{"id":"mobStopArriveActionBack","rule":"{vykti atgal}"},{"id":"mobSkipHighwayRampActionMakeSharpLeft","rule":"{nuvažiavus rampa staigus posūkis į kairę}"},{"id":"mobCrossingBorderFerryActionBearRight","rule":"{laikytis dešinės}"},{"id":"mobPathCurveActionBearLeft","rule":"{laikytis kairės}"},{"id":"mobLocalRoadActionMakeSharpRight","rule":"{staigus posūkis į dešinę}"},{"id":"mobManeuverPathCurves","rule":"#FirstUpper(( @mobAtExit #PathCurveAction @mobAtIntersectionOrCrossNames ({ likti kelyje } NAME) ))"},{"id":"mobLocalRoadActionTurnRight","rule":"{pasukti į dešinę}"},{"id":"mobAzimuthS","rule":"{pietų kryptimi}"},{"id":"mobAtIntersectionOrCrossNames","rule":"#Select(@mobAtIntersectionNames, ({ ties } #CrossNames))"},{"id":"mobSkipHighwayRampActionTurnRight","rule":"{nuvažiavus rampa pasukti į dešinę}"},{"id":"mobCrossingBorderTurnActionGo","rule":"{važiuoti}"},{"id":"mobSkipHighwayRampActionBearRight","rule":"{nuvažiavus rampa laikytis dešinės}"},{"id":"mobManeuverSkipHighwayRamps","rule":"#FirstUpper(( @mobAtExit #SkipHighwayRampAction #Select(({ ir toliau važiuoti } #Branch), ({ ir toliau važiuoti } NAME)) ))"},{"id":"mobManeuverFork","rule":"#FirstUpper((#Select(@mobAtExit, {išsišakojime }) #ForkAction ({ } #ForkSide) #Select(({ } #Branch), ({ } NAME)) ))"},{"id":"mobStopTimeShort","rule":"{< 1 minutė}"},{"id":"mobAtIntersectionNames","rule":"{ ties } #Intersection(NAME) ({ (} #Intersection(ALT_NAME) {)})"},{"id":"mobManeuverTurnOntoLocalRoad","rule":"#FirstUpper(( @mobAtExit #LocalRoadAction @mobAtIntersectionNames ({ } NAME) ))"},{"id":"mobPathCurveActionContinue","rule":"{tęsti važiavimą}"},{"id":"mobManeuverCrossingBorderTurn","rule":"#FirstUpper(( ({Įvažiuoti į } CROSSADMINBORDER {, }) @mobAtExit #CrossingBorderTurnAction ({ } NAME) ))"},{"id":"mobManeuverCrossingBorder","rule":"{Įvažiuoti į} ({ } CROSSADMINBORDER)"},{"id":"mobPathCurveActionTurnLeft","rule":"{pasukti į kairę}"},{"id":"mobManeuverUTurnViaRoundabout","rule":"@mobRoundaboutHeaderGoBack ({ } NAME)"},{"id":"mobRoundaboutHeaderGoBack","rule":"#Select(({Žiede pasukti į} @@ExitNumberString(#ExitNumber) { išvažiavimą ir grįžti}), {Apvažiuoti žiedą ir grįžti})"},{"id":"mobUnitSecondNeutral","rule":"{sekundė(-ės)}"},{"id":"mobManeuverUTurn","rule":"{Apsisukti leistinoje vietoje} @mobAtIntersectionNames { ir grįžti atgal} ({ } NAME)"},{"id":"mobManeuverFerry","rule":"{Keltis} ({ } NAME ({ (} ALT_NAME {)})) { keltu}"},{"id":"mobLocalRoadActionContinue","rule":"{tęsti važiavimą}"},{"id":"mobManeuverEndOfFerry","rule":"#FirstUpper(( @mobAtExit {išvažiuoti iš kelto ir } #EndOfFerryAction #Select(({ } #Branch), ({ } NAME)) ))"},{"id":"mobManeuverStopOnRoundabout","rule":"{Apvažiuoti žiedą}"},{"id":"mobManeuverSkipRoundabout","rule":"@mobRoundaboutHeader @mobToProceed"},{"id":"mobRoundaboutHeader","rule":"#Select(({Žiede sukti į } @@ExitNumberString(#ExitNumber) { išvažiavimą,}), {Apvažiuoti žiedą,})"},{"id":"mobPathCurveActionMakeSharpLeft","rule":"{staigus posūkis į kairę}"},{"id":"mobEndOfFerryActionTurnRight","rule":"{pasukti į dešinę}"},{"id":"mobCrossingBorderFerryActionContinue","rule":"{tęsti važiavimą}"},{"id":"DirectionToward","rule":"#Destination"},{"id":"mobToProceed","rule":"{ išvažiavimui į} #Select(({ } #Branch), ({ } NAME))"},{"id":"mobSkipHighwayRampActionTurnLeft","rule":"{nuvažiavus rampa pasukti į kairę}"},{"id":"mobSkipHighwayRampActionAtFork","rule":"#Select(#SkipHighwayRampActionAtFork, {važiuoti rampa})"},{"id":"mobManeuverSkipRoundaboutRamp","rule":"@mobRoundaboutHeader (#Select(({ į} #Branch), ({ į } NAME)) )"},{"id":"mobManeuverSkipSignpostRamps","rule":"#FirstUpper(( @mobAtExit #SkipSignpostRampAction #Select(({ į } #Branch), ({ į } NAME)) ))"},{"id":"mobSkipHighwayRampActionAtForkLeft","rule":"{užvažiuoti rampa iš kairės}"},{"id":"mobAzimuthNE","rule":"{šiaurės rytų kryptimi}"},{"id":"mobAzimuthN","rule":"{šiaurės kryptimi}"},{"id":"mobUnitNauticalSingular","rule":"{jūrmylė}"},{"id":"mobPathCurveActionBearRight","rule":"{laikytis dešinės}"},{"id":"mobAzimuthE","rule":"{rytų kryptimi}"},{"id":"mobAzimuthSE","rule":"{pietryčių kryptimi}"},{"id":"mobCrossingBorderTurnActionBearRight","rule":"{laikytis dešinės}"},{"id":"mobAzimuthW","rule":"{vakarų kryptimi}"},{"id":"mobSkipHighwayRampActionTakeRamp","rule":"{važiuoti rampa}"},{"id":"mobAzimuthNW","rule":"{šiaurės vakarų kryptimi}"},{"id":"mobPathCurveActionTurnRight","rule":"{pasukti į dešinę}"},{"id":"mobLocalRoadActionBearRight","rule":"{laikytis dešinės}"},{"id":"mobLocalRoadActionMakeSharpLeft","rule":"{staigus posūkis į kairę}"},{"id":"mobUTurnRampActionAtForkLeft","rule":"{užvažiuoti rampa iš kairės}"},{"id":"mobLocalRoadActionTurnLeft","rule":"{pasukti į kairę}"},{"id":"mobLocalRoadActionBearLeft","rule":"{laikytis kairės}"},{"id":"mobLocalRoadActionGo","rule":"{važiuoti}"},{"id":"mobHighwayActionBearRight","rule":"{laikytis dešinės}"},{"id":"mobSkipHighwayRampActionMakeSharpRight","rule":"{nuvažiavus rampa staigus posūkis į dešinę}"},{"id":"mobSkipHighwayRampActionAtForkRight","rule":"{užvažiuoti rampa iš dešinės}"},{"id":"mobSkipSignpostRampActionAtFork","rule":"#Select(#SkipSignpostRampActionAtFork, {važiuoti rampa})"},{"id":"mobSkipSignpostRampActionBearRight","rule":"{uvažiavus rampa laikytis dešinės}"},{"id":"mobForkActionLeft","rule":"{laikytis}"},{"id":"StopTimeWindow","rule":"{Atvykimo laiko intervalas: } #StopTimeWindowStart { - } #StopTimeWindowEnd"},{"id":"mobSkipSignpostRampActionTurnRight","rule":"{nuvažiavus rampa pasukti į dešinę}"},{"id":"mobSkipSignpostRampActionMakeSharpRight","rule":"{nuvažiavus rampa staigus posūkis į dešinę}"},{"id":"mobSkipSignpostRampActionMakeSharpLeft","rule":"{nuvažiavus rampa staigus posūkis į kairę}"},{"id":"mobSkipSignpostRampActionTurnLeft","rule":"{nuvažiavus rampa pasukti į kairę}"},{"id":"mobSkipSignpostRampActionBearLeft","rule":"{nuvažiavus rampa laikytis kairės}"},{"id":"mobSkipSignpostRampActionTakeRamp","rule":"{važiuoti rampa}"},{"id":"mobSkipSignpostRampActionAtForkLeft","rule":"{užvažiuoti rampa iš kairės}"},{"id":"mobSkipSignpostRampActionAtForkRight","rule":"{užvažiuoti rampa iš dešinės}"},{"id":"mobUTurnRampActionFork","rule":"#Select(#UTurnRampActionAtFork, {važiuoti rampa})"},{"id":"mobUTurnRampActionBearRight","rule":"{nuvažiavus rampa laikytis dešinės}"},{"id":"mobUTurnRampActionTurnRight","rule":"{nuvažiavus rampa pasukti į dešinę}"},{"id":"mobUTurnRampActionMakeSharpRight","rule":"{nuvažiavus rampa staigus posūkis į dešinę}"},{"id":"mobUTurnRampActionMakeSharpLeft","rule":"{nuvažiavus rampa staigus posūkis į kairę}"},{"id":"mobUTurnRampActionTurnLeft","rule":"{nuvažiavus rampa pasukti į kairę}"},{"id":"mobUTurnRampActionBearLeft","rule":"{nuvažiavus rampa laikytis kairės}"},{"id":"mobUTurnRampActionTakeRamp","rule":"{važiuoti rampa}"},{"id":"mobUTurnRampActionAtForkRight","rule":"{užvažiuoti rampa iš dešinės}"},{"id":"mobHighwayActionGo","rule":"{važiuoti}"},{"id":"DirectionStreet","rule":"NAME"},{"id":"mobHighwayActionTurnRight","rule":"{pasukti į dešinę}"},{"id":"mobEndOfFerryActionBearRight","rule":"{laikytis dešinės}"},{"id":"mobHighwayActionMakeSharpRight","rule":"{staigus posūkis į dešinę}"},{"id":"mobHighwayActionMakeSharpLeft","rule":"{staigus posūkis į kairę}"},{"id":"mobHighwayActionTurnLeft","rule":"{pasukti į kairę}"},{"id":"mobHighwayActionBearLeft","rule":"{laikytis kairės}"},{"id":"mobEndOfFerryActionMakeSharpRight","rule":"{staigus posūkis į dešinę}"},{"id":"mobEndOfFerryActionMakeSharpLeft","rule":"{staigus posūkis į kairę}"},{"id":"mobEndOfFerryActionTurnLeft","rule":"{pasukti į kairę}"},{"id":"mobEndOfFerryActionBearLeft","rule":"{laikytis kairės}"},{"id":"mobStopArriveActionContinue","rule":"{tęsti važiavimą}"},{"id":"DirectionETA","rule":"#ArriveTime"},{"id":"mobStopArriveActionGo","rule":"{važiuoti}"},{"id":"mobForkActionRight","rule":"{laikytis}"},{"id":"mobForkActionStraight","rule":"{važiuoti}"},{"id":"mobForkSideLeft","rule":"{kairės}"},{"id":"mobForkSideRight","rule":"{dešinės}"},{"id":"mobForkSideStraight","rule":"{tiesiai}"},{"id":"mobCrossingBorderTurnActionContinue","rule":"{tęsti važiavimą}"},{"id":"mobCrossingBorderTurnActionTurnRight","rule":"{pasukti į dešinę}"},{"id":"mobCrossingBorderTurnActionMakeSharpRight","rule":"{staigus posūkis į dešinę}"},{"id":"mobCrossingBorderTurnActionTurnLeft","rule":"{pasukti į kairę}"},{"id":"mobCrossingBorderTurnActionBearLeft","rule":"{laikytis kairės}"},{"id":"mobCrossingBorderFerryActionTurnRight","rule":"{pasukti į dešinę}"},{"id":"mobCrossingBorderFerryActionMakeSharpRight","rule":"{staigus posūkis į dešinę}"},{"id":"mobCrossingBorderFerryActionMakeSharpLeft","rule":"{staigus posūkis į kairę}"},{"id":"mobCrossingBorderFerryActionTurnLeft","rule":"{pasukti į kairę}"},{"id":"mobCrossingBorderFerryActionBearLeft","rule":"{laikytis kairės}"},{"id":"mobCrossingBorderFerryActionGo","rule":"{važiutoi}"},{"id":"mobDistanceShort","rule":"{< } #MinDistance(1) ({ } #DistanceUnits)"},{"id":"mobDistanceLong","rule":"#Distance(1) ({ } #DistanceUnits)"},{"id":"mobCumulativeDistanceLong","rule":"#Select(#Distance(1), {0}) ({ } #DistanceUnits)"},{"id":"mobTimeShort","rule":"{< 1 minutė}"},{"id":"mobTimeLong","rule":"(#TotalHours(0) { valanda(-os) }) (#RoundedMinutesOfHour(0) { minutė(-ės)})"},{"id":"mobStopTimeLong","rule":"(#TotalHours(0) { valanda(-os) }) (#RoundedMinutesOfHour(0) { minutė(-ės)})"},{"id":"mobTravelTimeShort","rule":"{< 1 minutė}"},{"id":"mobTravelTimeLong","rule":"(#Days(0) { diena(-os) }) (#HoursOfDay(0) { valanda(-os) }) (#RoundedMinutesOfHour(0) { minutė(-ės)})"},{"id":"mobSignpostDestination","rule":"#String(0) ({ / } #String(1)) ({ / } #String(2)) ({ / } #String(3)) ({ / } #String(4))"},{"id":"mobStopSideLeft","rule":"{kairėje kelio pusėje}"},{"id":"mobStopSideRight","rule":"{dešinėje kelio pusėje}"},{"id":"mobCrossNames","rule":"#String(0)"},{"id":"mobUnitMileSingular","rule":"{mylia}"},{"id":"mobUnitMilePlural","rule":"{mylios}"},{"id":"mobUnitMileNeutral","rule":"{mylia(-ios)}"},{"id":"mobUnitKilometerSingular","rule":"{kilometras}"},{"id":"mobUnitKilometerPlural","rule":"{kilometrai}"},{"id":"mobUnitKilometerNeutral","rule":"{kilometras(-ai)}"},{"id":"mobUnitMeterSingular","rule":"{metras}"},{"id":"mobUnitMeterPlural","rule":"{metrai}"},{"id":"mobUnitMeterNeutral","rule":"{metras(-ai)}"},{"id":"mobUnitFootSingular","rule":"{pėda}"},{"id":"mobUnitFootPlural","rule":"{pėdos}"},{"id":"mobUnitFootNeutral","rule":"{pėda(-os}"},{"id":"mobUnitYardSingular","rule":"{jardas}"},{"id":"mobUnitYardPlural","rule":"{jairdai}"},{"id":"mobUnitYardNeutral","rule":"{jardas(-ai)}"},{"id":"mobUnitNauticalPlural","rule":"{jūrmylės}"},{"id":"mobUnitNauticalNeutral","rule":"{jūrmylė(-ės)}"},{"id":"mobUnitSecondSingular","rule":"{sekundė}"},{"id":"mobUnitSecondPlural","rule":"{sekundės}"},{"id":"StopSummary","rule":"{Atstumas: } #StopLength"},{"id":"StopStayTime","rule":"{Aptarnavimo laikas: } #StopStayTime"},{"id":"StopFullTime","rule":"#StopFullTime"},{"id":"StopWaitTime","rule":"{Laukimo laikas: } #StopWaitTime"},{"id":"StopViolationTime","rule":"{Grafiko pažeidimų laikas: } #StopViolationTime"},{"id":"StopLength","rule":"#StopLength"},{"id":"mobDirectionDrive","rule":"{Važiuoti} ({ } #ItemLength)"},{"id":"DirectionLength","rule":"#ItemLength"},{"id":"DirectionTime","rule":"#ItemTime"},{"id":"DirectionCumulativeLength","rule":"#CumulativeDistance"},{"id":"DirectionBranch","rule":"#Branch"},{"id":"DirectionCrossStreet","rule":"#CrossNames"},{"id":"DirectionExitName","rule":"#SignpostExit"},{"id":"mobDirectionAltNames","rule":"ALT_NAME"},{"id":"mobDirectionDayEnd","rule":"{Dienos pabaiga}"},{"id":"mobDirectionRestBreak","rule":"{ Poilsio pertrauka}"},{"id":"mobDirectionAfterBreak","rule":"{Likti} ({ } NAME)"}],"lookupMapping":[{"id":"ExitNumberString","value":[{"key":"1","value":"{1-ą}"},{"key":"2","value":"{2-ą}"},{"key":"3","value":"{3-ią}"},{"key":"4","value":"{4-ą}"},{"key":"5","value":"{5-ą}"},{"key":"6","value":"{6-ą}"},{"key":"7","value":"{7-ą}"},{"key":"8","value":"{8-ą}"},{"key":"9","value":"{9-ą}"},{"key":"10","value":"{10-ą}"}]}]}}}]}}