{"directions":{"settings":[{"style":{"id":"NA Navigation","language":{"id":"nl","description":"Nederlands","strings":[{"id":"mobManeuverHeader","rule":"{Vertrek} ({ vanaf } #StopName)"},{"id":"mobAtExit","rule":"{bij afslag } #SignpostExit { }"},{"id":"mobManeuverFooter","rule":"{Aangekomen op bestemming} ({, de bestemming is aan uw } #StopSide)"},{"id":"mobManeuverDepart","rule":"{Vertrek} ({ vanaf } #StopName)"},{"id":"mobPathCurveActionMakeSharpRight","rule":"{ga scherp rechts}"},{"id":"mobManeuverStopArrive","rule":"#FirstUpper((#StopArriveAction ({ in } #Azimuth) ({ richting naar } NAME) ))"},{"id":"mobCrossingBorderTurnActionMakeSharpLeft","rule":"{ga scherp links}"},{"id":"mobManeuverArrive","rule":"{Aangekomen op bestemming} ({, de bestemming is aan uw } #StopSide)"},{"id":"mobAzimuthSW","rule":"{zuidwestelijke}"},{"id":"mobManeuverUTurnViaRamp","rule":"#FirstUpper((#UTurnRampAction { om een U-bocht te maken en ga terug } ({naar } NAME) ))"},{"id":"Names","rule":"NAME ({ (} ALT_NAME {)})"},{"id":"ManeuverFerry","rule":"{Neem de} ({ } @@Names) { veerboot}"},{"id":"mobSkipHighwayRampActionBearLeft","rule":"{neem de op/afrit naar links}"},{"id":"mobManeuverAnyRoad","rule":"#FirstUpper(({ga} ({ in } #Azimuth) ({ richting naar } NAME) ({ richting } #CrossNames) ))"},{"id":"mobManeuverCrossingBorderFerry","rule":"#FirstUpper(( ({Betreed } CROSSADMINBORDER {, }) #CrossingBorderFerryAction { } @mobAtExit  ({naar} ({ } NAME ({ (} ALT_NAME {)})) { veerboot}) ))"},{"id":"mobManeuverFerryBypass","rule":"{Blijf op de veerboot voor} ({ } #ItemTime) ({ ~ } #ItemLength)"},{"id":"mobEndOfFerryActionGo","rule":"{ga}"},{"id":"mobManeuverOntoHighway","rule":"#FirstUpper(( #HighwayAction { } @mobAtExit #Select(({naar } #Branch), ({ naar } NAME)) ))"},{"id":"mobHighwayChanges","rule":"#FirstUpper(( {weg verandert } @mobAtExit #Select(({naar } #Branch), ({ naar } NAME)) ))"},{"id":"mobStopArriveActionBack","rule":"{ga terug}"},{"id":"mobSkipHighwayRampActionMakeSharpLeft","rule":"{ga scherp links naar de oprit}"},{"id":"mobCrossingBorderFerryActionBearRight","rule":"{houd rechts aan}"},{"id":"mobPathCurveActionBearLeft","rule":"{houd links aan}"},{"id":"mobLocalRoadActionMakeSharpRight","rule":"{ga scherp rechts}"},{"id":"mobManeuverPathCurves","rule":"#FirstUpper(( #PathCurveAction { } @mobAtExit  @mobAtIntersectionOrCrossNames ({ en blijf op } NAME) ))"},{"id":"mobLocalRoadActionTurnRight","rule":"{sla rechtsaf}"},{"id":"mobAzimuthS","rule":"{zuidelijke}"},{"id":"mobAtIntersectionOrCrossNames","rule":"#Select(@mobAtIntersectionNames, ({ bij } #CrossNames))"},{"id":"mobSkipHighwayRampActionTurnRight","rule":"{sla rechtsaf naar de oprit}"},{"id":"mobCrossingBorderTurnActionGo","rule":"{ga}"},{"id":"mobSkipHighwayRampActionBearRight","rule":"{neem de op/afrit naar rechts}"},{"id":"mobManeuverSkipHighwayRamps","rule":"#FirstUpper(( @mobAtExit #SkipHighwayRampAction #Select(({ en ga naar } #Branch), ({ en ga naar } NAME)) ))"},{"id":"mobManeuverFork","rule":"#FirstUpper(((#ForkAction { } #Select(@mobAtExit, {bij de splitsing }) #ForkSide) #Select(@OnBranchDestination, ({ naar } @@Names))) )"},{"id":"mobStopTimeShort","rule":"{< 1 min}"},{"id":"mobAtIntersectionNames","rule":"{bij } #Intersection(NAME) ({ (} #Intersection(ALT_NAME) {)})"},{"id":"mobManeuverTurnOntoLocalRoad","rule":"#FirstUpper(( #LocalRoadAction { } @mobAtExit  @mobAtIntersectionNames ({naar } NAME) ))"},{"id":"mobPathCurveActionContinue","rule":"{vervolg de weg}"},{"id":"OnBranchDestination","rule":"({ naar } #Branch) ({ richting } #Destination)"},{"id":"mobManeuverCrossingBorder","rule":"{Betreed} ({ } CROSSADMINBORDER)"},{"id":"mobManeuverCrossingBorderTurn","rule":"#FirstUpper(( ({Betreed } CROSSADMINBORDER {, }) #CrossingBorderTurnAction { } @mobAtExit  ({naar } NAME) ))"},{"id":"mobPathCurveActionTurnLeft","rule":"{sla linksaf}"},{"id":"mobManeuverUTurnViaRoundabout","rule":"@mobRoundaboutHeaderGoBack ({ naar } NAME)"},{"id":"mobRoundaboutHeaderGoBack","rule":"#Select(({Neem op de rotonde de } @@ExitNumberString(#ExitNumber) { afslag en ga terug}), {Neem de rotonde en ga terug})"},{"id":"mobUnitSecondNeutral","rule":"{sec}"},{"id":"mobManeuverUTurn","rule":"{Maak een U-bocht} @mobAtIntersectionNames { en ga terug} ({ naar } NAME)"},{"id":"mobManeuverFerry","rule":"{Neem} ({ } NAME ({ (} ALT_NAME {)})) { veerboot}"},{"id":"mobLocalRoadActionContinue","rule":"{vervolg}"},{"id":"mobManeuverEndOfFerry","rule":"#FirstUpper(( {verlaat } @mobAtExit {de veerboot en } #EndOfFerryAction #Select(({ naar } #Branch), ({ naar } NAME)) ))"},{"id":"mobManeuverStopOnRoundabout","rule":"{Neem de rotonde}"},{"id":"mobManeuverSkipRoundabout","rule":"@mobRoundaboutHeader @mobToProceed"},{"id":"mobRoundaboutHeader","rule":"#Select(({Neem op de rotonde de } @@ExitNumberString(#ExitNumber) { afslag }), {Neem rotonde en})"},{"id":"mobPathCurveActionMakeSharpLeft","rule":"{ga scherp links}"},{"id":"mobEndOfFerryActionTurnRight","rule":"{sla rechtsaf}"},{"id":"mobCrossingBorderFerryActionContinue","rule":"{vervolg}"},{"id":"DirectionToward","rule":"#Destination"},{"id":"mobToProceed","rule":"{om verder te gaan} #Select(({ naar } #Branch), ({ naar } NAME))"},{"id":"mobSkipHighwayRampActionTurnLeft","rule":"{sla linksaf naar de oprit}"},{"id":"mobSkipHighwayRampActionAtFork","rule":"#Select(#SkipHighwayRampActionAtFork, {neem de oprit})"},{"id":"mobManeuverSkipRoundaboutRamp","rule":"@mobRoundaboutHeader (#Select(({naar } #Branch), ({naar } NAME)) )"},{"id":"mobManeuverSkipSignpostRamps","rule":"#FirstUpper(( @mobAtExit #SkipSignpostRampAction #Select(({ naar } #Branch), ({ naar } NAME)) ))"},{"id":"mobAzimuthNE","rule":"{noordoostelijke}"},{"id":"mobAzimuthN","rule":"{noordelijke}"},{"id":"mobUnitNauticalSingular","rule":"{nmi}"},{"id":"mobPathCurveActionBearRight","rule":"{houd rechts aan}"},{"id":"mobAzimuthE","rule":"{oostelijke}"},{"id":"mobAzimuthSE","rule":"{zuidoostelijke}"},{"id":"mobCrossingBorderTurnActionBearRight","rule":"{houd rechts aan}"},{"id":"mobAzimuthW","rule":"{westelijke}"},{"id":"mobSkipHighwayRampActionTakeRamp","rule":"{neem de oprit}"},{"id":"mobAzimuthNW","rule":"{noordwestelijke}"},{"id":"mobPathCurveActionTurnRight","rule":"{sla rechtsaf}"},{"id":"mobLocalRoadActionBearRight","rule":"{houd rechts aan}"},{"id":"mobLocalRoadActionMakeSharpLeft","rule":"{ga scherp links}"},{"id":"mobUTurnRampActionAtForkLeft","rule":"{neem de afrit naar links}"},{"id":"mobLocalRoadActionTurnLeft","rule":"{sla linksaf}"},{"id":"mobLocalRoadActionBearLeft","rule":"{houd links aan}"},{"id":"mobLocalRoadActionGo","rule":"{ga}"},{"id":"mobHighwayActionBearRight","rule":"{houd rechts aan}"},{"id":"mobSkipHighwayRampActionMakeSharpRight","rule":"{ga scherp rechts naar de oprit}"},{"id":"mobSkipHighwayRampActionAtForkLeft","rule":"{neem de oprit naar links}"},{"id":"mobSkipHighwayRampActionAtForkRight","rule":"{neem de oprit naar rechts}"},{"id":"mobSkipSignpostRampActionAtFork","rule":"#Select(#SkipSignpostRampActionAtFork, {neem de oprit})"},{"id":"mobSkipSignpostRampActionBearRight","rule":"{neem de op/afrit naar rechts}"},{"id":"mobForkActionLeft","rule":"{houd}"},{"id":"StopTimeWindow","rule":"{Tijdsbestek: } #StopTimeWindowStart { - } #StopTimeWindowEnd"},{"id":"mobSkipSignpostRampActionTurnRight","rule":"{sla rechtsaf naar de oprit}"},{"id":"mobSkipSignpostRampActionMakeSharpRight","rule":"{ga scherp rechts naar de oprit}"},{"id":"mobSkipSignpostRampActionMakeSharpLeft","rule":"{ga scherp linkls naar de oprit}"},{"id":"mobSkipSignpostRampActionTurnLeft","rule":"{sla linksaf naar de oprit}"},{"id":"mobSkipSignpostRampActionBearLeft","rule":"{neem de op/afrit naar links}"},{"id":"mobSkipSignpostRampActionTakeRamp","rule":"{neem de oprit}"},{"id":"mobSkipSignpostRampActionAtForkLeft","rule":"{neem de afrit naar links}"},{"id":"mobSkipSignpostRampActionAtForkRight","rule":"{neem de afrit naar rechts}"},{"id":"mobUTurnRampActionFork","rule":"#Select(#UTurnRampActionAtFork, {neem de oprit})"},{"id":"mobUTurnRampActionBearRight","rule":"{neem de op/afrit naar rechts}"},{"id":"mobUTurnRampActionTurnRight","rule":"{sla rechtsaf naar de oprit}"},{"id":"mobUTurnRampActionMakeSharpRight","rule":"{ga scherp rechts naar de oprit}"},{"id":"mobUTurnRampActionMakeSharpLeft","rule":"{ga scherp links naar de oprit}"},{"id":"mobUTurnRampActionTurnLeft","rule":"{sla linksaf naar de oprit}"},{"id":"mobUTurnRampActionBearLeft","rule":"{neem de op/afrit naar links}"},{"id":"mobUTurnRampActionTakeRamp","rule":"{neem de oprit}"},{"id":"mobUTurnRampActionAtForkRight","rule":"{neem de afrit naar rechts}"},{"id":"mobHighwayActionGo","rule":"{ga}"},{"id":"DirectionStreet","rule":"NAME"},{"id":"mobHighwayActionTurnRight","rule":"{sla rechtsaf}"},{"id":"mobEndOfFerryActionBearRight","rule":"{houd rechts aan}"},{"id":"mobHighwayActionMakeSharpRight","rule":"{ga scherp rechts}"},{"id":"mobHighwayActionMakeSharpLeft","rule":"{ga scherp links}"},{"id":"mobHighwayActionTurnLeft","rule":"{sla linksaf}"},{"id":"mobHighwayActionBearLeft","rule":"{houd links aan}"},{"id":"mobEndOfFerryActionMakeSharpRight","rule":"{ga scherp rechts}"},{"id":"mobEndOfFerryActionMakeSharpLeft","rule":"{ga scherp links}"},{"id":"mobEndOfFerryActionTurnLeft","rule":"{sla linksaf}"},{"id":"mobEndOfFerryActionBearLeft","rule":"{houd links aan}"},{"id":"mobStopArriveActionContinue","rule":"{vervolg}"},{"id":"DirectionETA","rule":"#ArriveTime"},{"id":"mobStopArriveActionGo","rule":"{ga}"},{"id":"mobForkActionRight","rule":"{houd}"},{"id":"mobForkActionStraight","rule":"{ga}"},{"id":"mobForkSideLeft","rule":"{links aan}"},{"id":"mobForkSideRight","rule":"{rechts aan}"},{"id":"mobForkSideStraight","rule":"{rechtdoor}"},{"id":"mobCrossingBorderTurnActionContinue","rule":"{vervolg}"},{"id":"mobCrossingBorderTurnActionTurnRight","rule":"{sla rechtsaf}"},{"id":"mobCrossingBorderTurnActionMakeSharpRight","rule":"{ga scherp rechts}"},{"id":"mobCrossingBorderTurnActionTurnLeft","rule":"{sla linksaf}"},{"id":"mobCrossingBorderTurnActionBearLeft","rule":"{houd links aan}"},{"id":"mobCrossingBorderFerryActionTurnRight","rule":"{sla rechtsaf}"},{"id":"mobCrossingBorderFerryActionMakeSharpRight","rule":"{ga scherp rechts}"},{"id":"mobCrossingBorderFerryActionMakeSharpLeft","rule":"{ga scherp links}"},{"id":"mobCrossingBorderFerryActionTurnLeft","rule":"{sla linksaf}"},{"id":"mobCrossingBorderFerryActionBearLeft","rule":"{houd links aan}"},{"id":"mobCrossingBorderFerryActionGo","rule":"{ga}"},{"id":"mobDistanceShort","rule":"{< } #MinDistance(1) ({ } #DistanceUnits)"},{"id":"mobDistanceLong","rule":"#Distance(1) ({ } #DistanceUnits)"},{"id":"mobCumulativeDistanceLong","rule":"#Select(#Distance(1), {0}) ({ } #DistanceUnits)"},{"id":"mobTimeShort","rule":"{< 1 min}"},{"id":"mobTimeLong","rule":"(#TotalHours(0) { uur }) (#RoundedMinutesOfHour(0) { min})"},{"id":"mobStopTimeLong","rule":"(#TotalHours(0) { uur }) (#RoundedMinutesOfHour(0) { min})"},{"id":"mobTravelTimeShort","rule":"{< 1 min}"},{"id":"mobTravelTimeLong","rule":"(#Days(0) { d }) (#HoursOfDay(0) { uur }) (#RoundedMinutesOfHour(0) { min})"},{"id":"mobSignpostDestination","rule":"#String(0) ({ / } #String(1)) ({ / } #String(2)) ({ / } #String(3)) ({ / } #String(4))"},{"id":"mobStopSideLeft","rule":"{linkerhand}"},{"id":"mobStopSideRight","rule":"{rechterhand}"},{"id":"mobCrossNames","rule":"#String(0)"},{"id":"mobUnitMileSingular","rule":"{mi}"},{"id":"mobUnitMilePlural","rule":"{mi}"},{"id":"mobUnitMileNeutral","rule":"{mi}"},{"id":"mobUnitKilometerSingular","rule":"{km}"},{"id":"mobUnitKilometerPlural","rule":"{km}"},{"id":"mobUnitKilometerNeutral","rule":"{km}"},{"id":"mobUnitMeterSingular","rule":"{m}"},{"id":"mobUnitMeterPlural","rule":"{m}"},{"id":"mobUnitMeterNeutral","rule":"{m}"},{"id":"mobUnitFootSingular","rule":"{ft}"},{"id":"mobUnitFootPlural","rule":"{ft}"},{"id":"mobUnitFootNeutral","rule":"{ft}"},{"id":"mobUnitYardSingular","rule":"{yd}"},{"id":"mobUnitYardPlural","rule":"{yd}"},{"id":"mobUnitYardNeutral","rule":"{yd}"},{"id":"mobUnitNauticalPlural","rule":"{nmi}"},{"id":"mobUnitNauticalNeutral","rule":"{nmi}"},{"id":"mobUnitSecondSingular","rule":"{sec}"},{"id":"mobUnitSecondPlural","rule":"{sec}"},{"id":"StopSummary","rule":"{Afstand: } #StopLength"},{"id":"StopStayTime","rule":"{Servicetijd: } #StopStayTime"},{"id":"StopFullTime","rule":"#StopFullTime"},{"id":"StopWaitTime","rule":"{Wachttijd: } #StopWaitTime"},{"id":"StopViolationTime","rule":"{Tijdsoverschrijding: } #StopViolationTime"},{"id":"StopLength","rule":"#StopLength"},{"id":"mobDirectionDrive","rule":"{Rijd} ({ } #ItemLength)"},{"id":"DirectionLength","rule":"#ItemLength"},{"id":"DirectionTime","rule":"#ItemTime"},{"id":"DirectionCumulativeLength","rule":"#CumulativeDistance"},{"id":"DirectionBranch","rule":"#Branch"},{"id":"DirectionCrossStreet","rule":"#CrossNames"},{"id":"DirectionExitName","rule":"#SignpostExit"},{"id":"mobDirectionAltNames","rule":"ALT_NAME"},{"id":"mobDirectionDayEnd","rule":"{Einde van de dag}"},{"id":"mobDirectionRestBreak","rule":"{ Rustpauze}"},{"id":"mobDirectionAfterBreak","rule":"{Blijf} ({ op } NAME)"}],"lookupMapping":[{"id":"ExitNumberString","value":[{"key":"1","value":"{eerste}"},{"key":"2","value":"{tweede}"},{"key":"3","value":"{derde}"},{"key":"4","value":"{vierde}"},{"key":"5","value":"{vijfde}"},{"key":"6","value":"{zesde}"},{"key":"7","value":"{zevende}"},{"key":"8","value":"{achtste}"},{"key":"9","value":"{negende}"},{"key":"10","value":"{tiende}"}]}]}}}]}}