{"directions":{"settings":[{"style":{"id":"NA Navigation","language":{"id":"pt-BR","description":"Português (Brasil)","strings":[{"id":"mobManeuverHeader","rule":"{Partida} ({ } #StopName)"},{"id":"mobAtExit","rule":"{na saída } #SignpostExit { }"},{"id":"mobManeuverFooter","rule":"{Chegar no destino} ({, no } #StopSide)"},{"id":"mobManeuverDepart","rule":"{Partida} ({ } #StopName)"},{"id":"mobPathCurveActionMakeSharpRight","rule":"{curva acentuada à direita}"},{"id":"mobManeuverStopArrive","rule":"#FirstUpper((#StopArriveAction ({ } #Azimuth) ({ em } NAME)))"},{"id":"mobCrossingBorderTurnActionMakeSharpLeft","rule":"{curva acentuada à esquerda}"},{"id":"mobManeuverArrive","rule":"{Chegar no destino} ({, no } #StopSide)"},{"id":"mobAzimuthSW","rule":"{Sudeste}"},{"id":"mobManeuverUTurnViaRamp","rule":"#FirstUpper((#UTurnRampAction { para utilizar um retorno permitido e voltar} ({ em } NAME)))"},{"id":"Names","rule":"NAME ({ (} ALT_NAME {)})"},{"id":"ManeuverFerry","rule":"{Utilizar} ({ } @@Names) { balsa}"},{"id":"mobSkipHighwayRampActionBearLeft","rule":"{manter à esquerda sobre a rampa}"},{"id":"mobManeuverAnyRoad","rule":"#FirstUpper(({seguir} ({ } #Azimuth) ({ em } NAME) ({ em direção a } #CrossNames) ))"},{"id":"mobManeuverCrossingBorderFerry","rule":"#FirstUpper(( ({Entrar } CROSSADMINBORDER {, }) @mobAtExit #CrossingBorderFerryAction ({ na} ({ } NAME ({ (} ALT_NAME {)})) { balsa}) ))"},{"id":"mobManeuverFerryBypass","rule":"{Permanecer na balsa para } ({ } #ItemTime) ({ ~ } #ItemLength)"},{"id":"mobEndOfFerryActionGo","rule":"{seguir}"},{"id":"mobManeuverOntoHighway","rule":"#FirstUpper(( @mobAtExit #HighwayAction #Select(({ em } #Branch), ({ em } NAME)) ))"},{"id":"mobHighwayChanges","rule":"#FirstUpper(( @mobAtExit {alterações na estrada} #Select(({ para } #Branch), ({ para } NAME)) ))"},{"id":"mobStopArriveActionBack","rule":"{voltar}"},{"id":"mobSkipHighwayRampActionMakeSharpLeft","rule":"{curva acentuada à esquerda sobre a rampa}"},{"id":"mobCrossingBorderFerryActionBearRight","rule":"{manter à direita}"},{"id":"mobPathCurveActionBearLeft","rule":"{manter à esquerda}"},{"id":"mobLocalRoadActionMakeSharpRight","rule":"{curva acentuada à direita}"},{"id":"mobManeuverPathCurves","rule":"#FirstUpper(( @mobAtExit #PathCurveAction @mobAtIntersectionOrCrossNames ({ permanecer em } NAME) ))"},{"id":"mobLocalRoadActionTurnRight","rule":"{virar à direita}"},{"id":"mobAzimuthS","rule":"{Sul}"},{"id":"mobAtIntersectionOrCrossNames","rule":"#Select(@mobAtIntersectionNames, ({ em } #CrossNames))"},{"id":"mobSkipHighwayRampActionTurnRight","rule":"{virar à direita sobre a rampa}"},{"id":"mobCrossingBorderTurnActionGo","rule":"{seguir}"},{"id":"mobSkipHighwayRampActionBearRight","rule":"{manter à direita sobre a rampa}"},{"id":"mobManeuverSkipHighwayRamps","rule":"#FirstUpper(( @mobAtExit #SkipHighwayRampAction #Select(({ e continuar } #Branch), ({ e continuar } NAME))))"},{"id":"mobManeuverFork","rule":"#FirstUpper((#Select(@mobAtExit, {na bifurcação}) #ForkAction ({ } #ForkSide) #Select(({ em } #Branch), ({ em } NAME))))"},{"id":"mobStopTimeShort","rule":"{< 1 minuto}"},{"id":"mobAtIntersectionNames","rule":"{ na } #Intersection(NAME) ({ (} #Intersection(ALT_NAME) {)})"},{"id":"mobManeuverTurnOntoLocalRoad","rule":"#FirstUpper(( @mobAtExit #LocalRoadAction @mobAtIntersectionNames ({ em } NAME) ))"},{"id":"mobPathCurveActionContinue","rule":"{continuar}"},{"id":"mobManeuverCrossingBorderTurn","rule":"#FirstUpper(( ({Entrar } CROSSADMINBORDER {, }) @mobAtExit #CrossingBorderTurnAction ({ em } NAME) ))"},{"id":"mobManeuverCrossingBorder","rule":"{Entrar} ({ } CROSSADMINBORDER)"},{"id":"mobPathCurveActionTurnLeft","rule":"{virar à esquerda}"},{"id":"mobManeuverUTurnViaRoundabout","rule":"@mobRoundaboutHeaderGoBack ({ em } NAME)"},{"id":"mobRoundaboutHeaderGoBack","rule":"#Select(({Na rotatória, utilizar } @@ExitNumberString(#ExitNumber) { saída para voltar}), {Utilizar rotatória e voltar})"},{"id":"mobUnitSecondNeutral","rule":"{segundo(s)}"},{"id":"mobManeuverUTurn","rule":"{Utilizar retorno permitido} @mobAtIntersectionNames { e voltar} ({ em } NAME)"},{"id":"mobManeuverFerry","rule":"{Utilizar} ({ } NAME ({ (} ALT_NAME {)})) { balsa}"},{"id":"mobLocalRoadActionContinue","rule":"{continuar}"},{"id":"mobManeuverEndOfFerry","rule":"#FirstUpper(( @mobAtExit {sair da balsa e } #EndOfFerryAction #Select(({ em } #Branch),  ({ em } NAME)) ))"},{"id":"mobManeuverStopOnRoundabout","rule":"{Utilizar rotatória}"},{"id":"mobManeuverSkipRoundabout","rule":"@mobRoundaboutHeader @mobToProceed"},{"id":"mobRoundaboutHeader","rule":"#Select(({Na rotatória, utilizar } @@ExitNumberString(#ExitNumber) { saída}), {Utilizar rotatória})"},{"id":"mobPathCurveActionMakeSharpLeft","rule":"{curva acentuada à esquerda}"},{"id":"mobEndOfFerryActionTurnRight","rule":"{virar à direita}"},{"id":"mobCrossingBorderFerryActionContinue","rule":"{continuar}"},{"id":"DirectionToward","rule":"#Destination"},{"id":"mobToProceed","rule":"{ Para prosseguir} #Select(({ em } #Branch), ({ em } NAME))"},{"id":"mobSkipHighwayRampActionTurnLeft","rule":"{virar à esquerda sobre a rampa}"},{"id":"mobSkipHighwayRampActionAtFork","rule":"#Select(#SkipHighwayRampActionAtFork, {utilizar rampa})"},{"id":"mobManeuverSkipRoundaboutRamp","rule":"@mobRoundaboutHeader (#Select(({ para } #Branch), ({ para } NAME)))"},{"id":"mobManeuverSkipSignpostRamps","rule":"#FirstUpper(( @mobAtExit #SkipSignpostRampAction #Select(({ para } #Branch), ({ para } NAME)) ))"},{"id":"mobSkipHighwayRampActionAtForkLeft","rule":"{utilizar a rampa na esquerda}"},{"id":"mobAzimuthNE","rule":"{Nordeste}"},{"id":"mobAzimuthN","rule":"{Norte}"},{"id":"mobUnitNauticalSingular","rule":"{nmi}"},{"id":"mobPathCurveActionBearRight","rule":"{manter à direita}"},{"id":"mobAzimuthE","rule":"{Leste}"},{"id":"mobAzimuthSE","rule":"{Sudeste}"},{"id":"mobCrossingBorderTurnActionBearRight","rule":"{manter à direita}"},{"id":"mobAzimuthW","rule":"{Oeste}"},{"id":"mobSkipHighwayRampActionTakeRamp","rule":"{utilizar a rampa}"},{"id":"mobAzimuthNW","rule":"{Nordeste}"},{"id":"mobPathCurveActionTurnRight","rule":"{virar à direita}"},{"id":"mobLocalRoadActionBearRight","rule":"{manter à direita}"},{"id":"mobLocalRoadActionMakeSharpLeft","rule":"{curva acentuada à esquerda}"},{"id":"mobUTurnRampActionAtForkLeft","rule":"{utilizar a rampa na esquerda}"},{"id":"mobLocalRoadActionTurnLeft","rule":"{virar à esquerda}"},{"id":"mobLocalRoadActionBearLeft","rule":"{manter à esquerda}"},{"id":"mobLocalRoadActionGo","rule":"{seguir}"},{"id":"mobHighwayActionBearRight","rule":"{manter à direita}"},{"id":"mobSkipHighwayRampActionMakeSharpRight","rule":"{curva acentuada à direita sobre a rampa}"},{"id":"mobSkipHighwayRampActionAtForkRight","rule":"{utilizar a rampa na direita}"},{"id":"mobSkipSignpostRampActionAtFork","rule":"#Select(#SkipSignpostRampActionAtFork, {utilizar a rampa})"},{"id":"mobSkipSignpostRampActionBearRight","rule":"{manter à direita sobre a rampa}"},{"id":"mobForkActionLeft","rule":"{manter}"},{"id":"StopTimeWindow","rule":"{Janela de tempo: } #StopTimeWindowStart { - } #StopTimeWindowEnd"},{"id":"mobSkipSignpostRampActionTurnRight","rule":"{virar à direita sobre a rampa}"},{"id":"mobSkipSignpostRampActionMakeSharpRight","rule":"{curva acentuada à direita sobre a rampa}"},{"id":"mobSkipSignpostRampActionMakeSharpLeft","rule":"{curva acentuada à esquerda sobre a rampa}"},{"id":"mobSkipSignpostRampActionTurnLeft","rule":"{virar à esquerda sobre a rampa}"},{"id":"mobSkipSignpostRampActionBearLeft","rule":"{manter à esquerda sobre a rampa}"},{"id":"mobSkipSignpostRampActionTakeRamp","rule":"{utilizar a rampa}"},{"id":"mobSkipSignpostRampActionAtForkLeft","rule":"{utilizar a rampa na esquerda}"},{"id":"mobSkipSignpostRampActionAtForkRight","rule":"{utilizar a rampa na direita}"},{"id":"mobUTurnRampActionFork","rule":"#Select(#UTurnRampActionAtFork, {utilizar rampa})"},{"id":"mobUTurnRampActionBearRight","rule":"{manter à direita sobre a rampa}"},{"id":"mobUTurnRampActionTurnRight","rule":"{virar à direita sobre a rampa}"},{"id":"mobUTurnRampActionMakeSharpRight","rule":"{curva acentuada à direita sobre a rampa}"},{"id":"mobUTurnRampActionMakeSharpLeft","rule":"{curva acentuada à esquerda sobre a rampa}"},{"id":"mobUTurnRampActionTurnLeft","rule":"{virar à esquerda sobre a rampa}"},{"id":"mobUTurnRampActionBearLeft","rule":"{manter à esquerda sobre a rampa}"},{"id":"mobUTurnRampActionTakeRamp","rule":"{utilizar a rampa}"},{"id":"mobUTurnRampActionAtForkRight","rule":"{utilizar a rampa na direira}"},{"id":"mobHighwayActionGo","rule":"{seguir}"},{"id":"DirectionStreet","rule":"NAME"},{"id":"mobHighwayActionTurnRight","rule":"{virar à direita}"},{"id":"mobEndOfFerryActionBearRight","rule":"{manter à direita}"},{"id":"mobHighwayActionMakeSharpRight","rule":"{curva acentuada à direita}"},{"id":"mobHighwayActionMakeSharpLeft","rule":"{curva acentuada à esquerda}"},{"id":"mobHighwayActionTurnLeft","rule":"{virar à esquerda}"},{"id":"mobHighwayActionBearLeft","rule":"{manter à esquerda}"},{"id":"mobEndOfFerryActionMakeSharpRight","rule":"{curva acentuada à direita}"},{"id":"mobEndOfFerryActionMakeSharpLeft","rule":"{curva acentuada à esquerda}"},{"id":"mobEndOfFerryActionTurnLeft","rule":"{virar à esquerda}"},{"id":"mobEndOfFerryActionBearLeft","rule":"{manter à esquerda}"},{"id":"mobStopArriveActionContinue","rule":"{continuar}"},{"id":"DirectionETA","rule":"#ArriveTime"},{"id":"mobStopArriveActionGo","rule":"{seguir}"},{"id":"mobForkActionRight","rule":"{manter}"},{"id":"mobForkActionStraight","rule":"{seguir}"},{"id":"mobForkSideLeft","rule":"{ à esquerda}"},{"id":"mobForkSideRight","rule":"{ à direita}"},{"id":"mobForkSideStraight","rule":"{ir reto}"},{"id":"mobCrossingBorderTurnActionContinue","rule":"{continuar}"},{"id":"mobCrossingBorderTurnActionTurnRight","rule":"{virar à direita}"},{"id":"mobCrossingBorderTurnActionMakeSharpRight","rule":"{curva acentuada à direita}"},{"id":"mobCrossingBorderTurnActionTurnLeft","rule":"{virar à esquerda}"},{"id":"mobCrossingBorderTurnActionBearLeft","rule":"{manter à esquerda}"},{"id":"mobCrossingBorderFerryActionTurnRight","rule":"{virar à direita}"},{"id":"mobCrossingBorderFerryActionMakeSharpRight","rule":"{curva acentuada à direitat}"},{"id":"mobCrossingBorderFerryActionMakeSharpLeft","rule":"{curva acentuada à esquerda}"},{"id":"mobCrossingBorderFerryActionTurnLeft","rule":"{virar à esquerda}"},{"id":"mobCrossingBorderFerryActionBearLeft","rule":"{manter à esquerda}"},{"id":"mobCrossingBorderFerryActionGo","rule":"{seguir}"},{"id":"mobDistanceShort","rule":"{< } #MinDistance(1) ({ } #DistanceUnits)"},{"id":"mobDistanceLong","rule":"#Distance(1) ({ } #DistanceUnits)"},{"id":"mobCumulativeDistanceLong","rule":"#Select(#Distance(1), {0}) ({ } #DistanceUnits)"},{"id":"mobTimeShort","rule":"{< 1 minuto}"},{"id":"mobTimeLong","rule":"(#TotalHours(0) { hora(s) }) (#RoundedMinutesOfHour(0) { minute(s)})"},{"id":"mobStopTimeLong","rule":"(#TotalHours(0) { hora(s) }) (#RoundedMinutesOfHour(0) { minute(s)})"},{"id":"mobTravelTimeShort","rule":"{< 1 minuto}"},{"id":"mobTravelTimeLong","rule":"(#Days(0) { dia(s) }) (#HoursOfDay(0) { hora(s) }) (#RoundedMinutesOfHour(0) { minuto(s)})"},{"id":"mobSignpostDestination","rule":"#String(0) ({ / } #String(1)) ({ / } #String(2)) ({ / } #String(3)) ({ / } #String(4))"},{"id":"mobStopSideLeft","rule":"{à esquerda}"},{"id":"mobStopSideRight","rule":"{à direita}"},{"id":"mobCrossNames","rule":"#String(0)"},{"id":"mobUnitMileSingular","rule":"{milha}"},{"id":"mobUnitMilePlural","rule":"{milhas}"},{"id":"mobUnitMileNeutral","rule":"{milha(s)}"},{"id":"mobUnitKilometerSingular","rule":"{quilômetro}"},{"id":"mobUnitKilometerPlural","rule":"{quilômetros}"},{"id":"mobUnitKilometerNeutral","rule":"{quilômetro(s)}"},{"id":"mobUnitMeterSingular","rule":"{metro}"},{"id":"mobUnitMeterPlural","rule":"{metros}"},{"id":"mobUnitMeterNeutral","rule":"{metro(s)}"},{"id":"mobUnitFootSingular","rule":"{pé}"},{"id":"mobUnitFootPlural","rule":"{pés}"},{"id":"mobUnitFootNeutral","rule":"{pés}"},{"id":"mobUnitYardSingular","rule":"{jarda}"},{"id":"mobUnitYardPlural","rule":"{jardas}"},{"id":"mobUnitYardNeutral","rule":"{jarda(s)}"},{"id":"mobUnitNauticalPlural","rule":"{nmi}"},{"id":"mobUnitNauticalNeutral","rule":"{nmi}"},{"id":"mobUnitSecondSingular","rule":"{segundo}"},{"id":"mobUnitSecondPlural","rule":"{segundos}"},{"id":"StopSummary","rule":"{Distância: } #StopLength"},{"id":"StopStayTime","rule":"{Tempo de serviço: } #StopStayTime"},{"id":"StopFullTime","rule":"#StopFullTime"},{"id":"StopWaitTime","rule":"{Tempo de espera: } #StopWaitTime"},{"id":"StopViolationTime","rule":"{Violação de tempo: } #StopViolationTime"},{"id":"StopLength","rule":"#StopLength"},{"id":"mobDirectionDrive","rule":"{Dirigir} ({ } #ItemLength)"},{"id":"DirectionLength","rule":"#ItemLength"},{"id":"DirectionTime","rule":"#ItemTime"},{"id":"DirectionCumulativeLength","rule":"#CumulativeDistance"},{"id":"DirectionBranch","rule":"#Branch"},{"id":"DirectionCrossStreet","rule":"#CrossNames"},{"id":"DirectionExitName","rule":"#SignpostExit"},{"id":"mobDirectionAltNames","rule":"ALT_NAME"},{"id":"mobDirectionDayEnd","rule":"{Fim do dia}"},{"id":"mobDirectionRestBreak","rule":"{ Parada de descanso}"},{"id":"mobDirectionAfterBreak","rule":"{Permanecer} ({ em } NAME)"}],"lookupMapping":[{"id":"ExitNumberString","value":[{"key":"1","value":"{primeira}"},{"key":"2","value":"{segunda}"},{"key":"3","value":"{terceira}"},{"key":"4","value":"{quarta}"},{"key":"5","value":"{quinta}"},{"key":"6","value":"{sexta}"},{"key":"7","value":"{sétima}"},{"key":"8","value":"{oitava}"},{"key":"9","value":"{nona}"},{"key":"10","value":"{décima}"}]}]}}}]}}