{"directions":{"settings":[{"style":{"id":"NA Navigation","language":{"id":"ru","description":"русский","strings":[{"id":"mobManeuverHeader","rule":"{Отправление} ({ от } #StopName)"},{"id":"mobAtExit","rule":"{на указателе } #SignpostExit { }"},{"id":"mobManeuverFooter","rule":"{Прибытие} (#StopSide)"},{"id":"mobManeuverDepart","rule":"{Отправление} ({ от } #StopName)"},{"id":"mobPathCurveActionMakeSharpRight","rule":"{резко поверните направо}"},{"id":"mobManeuverStopArrive","rule":"#FirstUpper((#StopArriveAction ({ на } #Azimuth) ({ по } NAME) ))"},{"id":"mobCrossingBorderTurnActionMakeSharpLeft","rule":"{резко поверните налево} ({ на } NAME)"},{"id":"mobManeuverArrive","rule":"{Прибытие} (#StopSide)"},{"id":"mobAzimuthSW","rule":"{юго-запад}"},{"id":"mobManeuverUTurnViaRamp","rule":"#FirstUpper((#UTurnRampAction {, чтобы выполнить разрешенный разворот и проследовать в обратном направлении} ({ по } NAME) ))"},{"id":"Names","rule":"NAME ({ (} ALT_NAME {)})"},{"id":"ManeuverFerry","rule":"{Переправляйтесь на пароме} ({ } @@Names)"},{"id":"mobSkipHighwayRampActionBearLeft","rule":"{слегка поверните налево на съезд}"},{"id":"mobManeuverAnyRoad","rule":"#FirstUpper(({поезжайте} ({ на } #Azimuth) ({ по } NAME) ({ в направлении } #CrossNames) ))"},{"id":"mobManeuverCrossingBorderFerry","rule":"#FirstUpper(( ({Въезд в } CROSSADMINBORDER {, }) @mobAtExit #CrossingBorderFerryAction ))"},{"id":"mobManeuverFerryBypass","rule":"{Оставайтесь на пароме} ({ } #ItemTime) ({ ~ } #ItemLength)"},{"id":"mobEndOfFerryActionGo","rule":"{поезжайте} (#Select(({ по } #Branch), ({ по } NAME)) )"},{"id":"mobManeuverOntoHighway","rule":"#FirstUpper(( @mobAtExit #HighwayAction ))"},{"id":"mobHighwayChanges","rule":"#FirstUpper(( @mobAtExit {смена дороги} (#Select(({ на } #Branch), ({ на } NAME)) ) ))"},{"id":"mobStopArriveActionBack","rule":"{двигайтесь обратно}"},{"id":"mobSkipHighwayRampActionMakeSharpLeft","rule":"{резко поверните налево на съезд}"},{"id":"mobCrossingBorderFerryActionBearRight","rule":"{слегка поверните направо} ({ на паром} ({ } NAME ({ (} ALT_NAME {)})) )"},{"id":"mobPathCurveActionBearLeft","rule":"{слегка поверните налево}"},{"id":"mobLocalRoadActionMakeSharpRight","rule":"{резко поверните направо} ({ на } NAME)"},{"id":"mobManeuverPathCurves","rule":"#FirstUpper(( @mobAtExit @mobAtIntersectionOrCrossNames #PathCurveAction ({ и продолжайте двигаться по } NAME) ))"},{"id":"mobLocalRoadActionTurnRight","rule":"{поверните направо} ({ на } NAME)"},{"id":"mobAzimuthS","rule":"{юг}"},{"id":"mobAtIntersectionOrCrossNames","rule":"#Select(@mobAtIntersectionNames, ({на } #CrossNames { }))"},{"id":"mobSkipHighwayRampActionTurnRight","rule":"{поверните направо на съезд}"},{"id":"mobCrossingBorderTurnActionGo","rule":"{поезжайте} ({ по } NAME)"},{"id":"mobSkipHighwayRampActionBearRight","rule":"{слегка поверните направо на съезд}"},{"id":"mobManeuverSkipHighwayRamps","rule":"#FirstUpper(( @mobAtExit #SkipHighwayRampAction #Select(({ и двигайтесь по } #Branch), ({ и продолжайте движение по } NAME)) ))"},{"id":"mobManeuverFork","rule":"#FirstUpper((#Select(@mobAtExit, {на развилке }) #ForkAction ({ } #ForkSide) #Select(({ по } #Branch), ({ по } NAME)) ))"},{"id":"mobStopTimeShort","rule":"{< 1 минута}"},{"id":"mobAtIntersectionNames","rule":"{на } #Intersection(NAME) ({ (} #Intersection(ALT_NAME) {)}) { }"},{"id":"mobManeuverTurnOntoLocalRoad","rule":"#FirstUpper(( @mobAtExit @mobAtIntersectionNames #LocalRoadAction ))"},{"id":"mobPathCurveActionContinue","rule":"{продолжайте движение}"},{"id":"mobManeuverCrossingBorderTurn","rule":"#FirstUpper(( ({Въезд в } CROSSADMINBORDER {, }) @mobAtExit #CrossingBorderTurnAction ))"},{"id":"mobManeuverCrossingBorder","rule":"{Въезд} ({ в } CROSSADMINBORDER)"},{"id":"mobPathCurveActionTurnLeft","rule":"{поверните налево}"},{"id":"mobManeuverUTurnViaRoundabout","rule":"@mobRoundaboutHeaderGoBack ({ по } NAME)"},{"id":"mobRoundaboutHeaderGoBack","rule":"#Select(({На круге сверните на } @@ExitNumberString(#ExitNumber) { съезд, чтобы двигаться в обратном направлении}), {Двигайтесь по кругу и следуйте в обратном направлении})"},{"id":"mobUnitSecondNeutral","rule":"{сек.}"},{"id":"mobManeuverUTurn","rule":"{Выполните разрешенный разворот } @mobAtIntersectionNames {и двигайтесь в обратном направлении} ({ по } NAME)"},{"id":"mobManeuverFerry","rule":"{Переправляйтесь на пароме} ({ } NAME ({ (} ALT_NAME {)}))"},{"id":"mobLocalRoadActionContinue","rule":"{продолжайте движение} ({ по } NAME)"},{"id":"mobManeuverEndOfFerry","rule":"#FirstUpper(( @mobAtExit {покиньте паром и } #EndOfFerryAction ))"},{"id":"mobManeuverStopOnRoundabout","rule":"{Проезжайте по кругу}"},{"id":"mobManeuverSkipRoundabout","rule":"@mobRoundaboutHeader @mobToProceed"},{"id":"mobRoundaboutHeader","rule":"#Select(({На круге сверните на } @@ExitNumberString(#ExitNumber) { съезд}), {Въедьте на круг})"},{"id":"mobPathCurveActionMakeSharpLeft","rule":"{резко поверните налево}"},{"id":"mobEndOfFerryActionTurnRight","rule":"{поверните направо} (#Select(({ на } #Branch), ({ на } NAME)) )"},{"id":"mobCrossingBorderFerryActionContinue","rule":"{продолжайте движение} ({ на пароме} ({ } NAME ({ (} ALT_NAME {)})) )"},{"id":"DirectionToward","rule":"#Destination"},{"id":"mobToProceed","rule":"{ и двигайтесь} #Select(({ по } #Branch), ({ по } NAME))"},{"id":"mobSkipHighwayRampActionTurnLeft","rule":"{поверните налево на съезд}"},{"id":"mobSkipHighwayRampActionAtFork","rule":"#Select(#SkipHighwayRampActionAtFork, {сверните на съезд})"},{"id":"mobManeuverSkipRoundaboutRamp","rule":"@mobRoundaboutHeader (#Select(({ в направлении } #Branch), ({ в направлении } NAME)) )"},{"id":"mobManeuverSkipSignpostRamps","rule":"#FirstUpper(( @mobAtExit #SkipSignpostRampAction #Select(({ в направлении } #Branch), ({ в направлении } NAME)) ))"},{"id":"mobSkipHighwayRampActionAtForkLeft","rule":"{сверните на съезд налево}"},{"id":"mobAzimuthNE","rule":"{северо-восток}"},{"id":"mobAzimuthN","rule":"{север}"},{"id":"mobUnitNauticalSingular","rule":"{мор.миля}"},{"id":"mobPathCurveActionBearRight","rule":"{слегка поверните направо}"},{"id":"mobAzimuthE","rule":"{восток}"},{"id":"mobAzimuthSE","rule":"{юго-восток}"},{"id":"mobCrossingBorderTurnActionBearRight","rule":"{слегка поверните направо} ({ на } NAME)"},{"id":"mobAzimuthW","rule":"{запад}"},{"id":"mobSkipHighwayRampActionTakeRamp","rule":"{сверните на съезд}"},{"id":"mobAzimuthNW","rule":"{северо-запад}"},{"id":"mobPathCurveActionTurnRight","rule":"{поверните направо}"},{"id":"mobLocalRoadActionBearRight","rule":"{слегка поверните направо} ({ на } NAME)"},{"id":"mobLocalRoadActionMakeSharpLeft","rule":"{резко поверните налево} ({ на } NAME)"},{"id":"mobUTurnRampActionAtForkLeft","rule":"{сверните на съезд налево}"},{"id":"mobLocalRoadActionTurnLeft","rule":"{поверните налево} ({ на } NAME)"},{"id":"mobLocalRoadActionBearLeft","rule":"{слегка поверните налево} ({ на } NAME)"},{"id":"mobLocalRoadActionGo","rule":"{поезжайте} ({ по } NAME)"},{"id":"mobHighwayActionBearRight","rule":"{слегка поверните направо} (#Select(({ на } #Branch), ({ на } NAME)) )"},{"id":"mobSkipHighwayRampActionMakeSharpRight","rule":"{резко поверните направо на съезд}"},{"id":"mobSkipHighwayRampActionAtForkRight","rule":"{сверните на съезд направо}"},{"id":"mobSkipSignpostRampActionAtFork","rule":"#Select(#SkipSignpostRampActionAtFork, {сверните на съезд})"},{"id":"mobSkipSignpostRampActionBearRight","rule":"{слегка поверните направо на съезд}"},{"id":"mobForkActionLeft","rule":"{двигайтесь}"},{"id":"StopTimeWindow","rule":"{Окно времени: } #StopTimeWindowStart { - } #StopTimeWindowEnd"},{"id":"mobSkipSignpostRampActionTurnRight","rule":"{поверните направо на съезд}"},{"id":"mobSkipSignpostRampActionMakeSharpRight","rule":"{резко поверните направо на съезд}"},{"id":"mobSkipSignpostRampActionMakeSharpLeft","rule":"{резко поверните налево на съезд}"},{"id":"mobSkipSignpostRampActionTurnLeft","rule":"{поверните налево на съезд}"},{"id":"mobSkipSignpostRampActionBearLeft","rule":"{слегка поверните налево на съезд}"},{"id":"mobSkipSignpostRampActionTakeRamp","rule":"{сверните на съезд}"},{"id":"mobSkipSignpostRampActionAtForkLeft","rule":"{сверните на съезд налево}"},{"id":"mobSkipSignpostRampActionAtForkRight","rule":"{сверните на съезд направо}"},{"id":"mobUTurnRampActionFork","rule":"#Select(#UTurnRampActionAtFork, {сверните на съезд})"},{"id":"mobUTurnRampActionBearRight","rule":"{слегка поверните направо на съезд}"},{"id":"mobUTurnRampActionTurnRight","rule":"{поверните направо на съезд}"},{"id":"mobUTurnRampActionMakeSharpRight","rule":"{резко поверните направо на съезд}"},{"id":"mobUTurnRampActionMakeSharpLeft","rule":"{резко поверните налево на съезд}"},{"id":"mobUTurnRampActionTurnLeft","rule":"{поверните налево на съезд}"},{"id":"mobUTurnRampActionBearLeft","rule":"{слегка поверните налево на съезд}"},{"id":"mobUTurnRampActionTakeRamp","rule":"{сверните на съезд}"},{"id":"mobUTurnRampActionAtForkRight","rule":"{сверните на съезд направо}"},{"id":"mobHighwayActionGo","rule":"{поезжайте} (#Select(({ по } #Branch), ({ по } NAME)) )"},{"id":"DirectionStreet","rule":"NAME"},{"id":"mobHighwayActionTurnRight","rule":"{поверните направо} (#Select(({ на } #Branch), ({ на } NAME)) )"},{"id":"mobEndOfFerryActionBearRight","rule":"{слегка поверните направо} (#Select(({ на } #Branch), ({ на } NAME)) )"},{"id":"mobHighwayActionMakeSharpRight","rule":"{резко поверните направо} (#Select(({ на } #Branch), ({ на } NAME)) )"},{"id":"mobHighwayActionMakeSharpLeft","rule":"{резко поверните налево} (#Select(({ на } #Branch), ({ на } NAME)) )"},{"id":"mobHighwayActionTurnLeft","rule":"{поверните налево} (#Select(({ на } #Branch), ({ на } NAME)) )"},{"id":"mobHighwayActionBearLeft","rule":"{слегка поверните налево} (#Select(({ на } #Branch), ({ на } NAME)) )"},{"id":"mobEndOfFerryActionMakeSharpRight","rule":"{резко поверните направо} (#Select(({ на } #Branch), ({ на } NAME)) )"},{"id":"mobEndOfFerryActionMakeSharpLeft","rule":"{резко поверните налево} (#Select(({ на } #Branch), ({ на } NAME)) )"},{"id":"mobEndOfFerryActionTurnLeft","rule":"{поверните налево} (#Select(({ на } #Branch), ({ на } NAME)) )"},{"id":"mobEndOfFerryActionBearLeft","rule":"{слегка поверните налево} (#Select(({ на } #Branch), ({ на } NAME)) )"},{"id":"mobStopArriveActionContinue","rule":"{продолжайте движение}"},{"id":"DirectionETA","rule":"#ArriveTime"},{"id":"mobStopArriveActionGo","rule":"{поезжайте}"},{"id":"mobForkActionRight","rule":"{двигайтесь}"},{"id":"mobForkActionStraight","rule":"{двигайтесь}"},{"id":"mobForkSideLeft","rule":"{левее}"},{"id":"mobForkSideRight","rule":"{правее}"},{"id":"mobForkSideStraight","rule":"{прямо}"},{"id":"mobCrossingBorderTurnActionContinue","rule":"{продолжайте движение} ({ по } NAME)"},{"id":"mobCrossingBorderTurnActionTurnRight","rule":"{поверните направо} ({ на } NAME)"},{"id":"mobCrossingBorderTurnActionMakeSharpRight","rule":"{резко поверните направо} ({ на } NAME)"},{"id":"mobCrossingBorderTurnActionTurnLeft","rule":"{поверните налево} ({ на } NAME)"},{"id":"mobCrossingBorderTurnActionBearLeft","rule":"{слегка поверните налево} ({ на } NAME)"},{"id":"mobCrossingBorderFerryActionTurnRight","rule":"{поверните направо} ({ на паром} ({ } NAME ({ (} ALT_NAME {)})) )"},{"id":"mobCrossingBorderFerryActionMakeSharpRight","rule":"{резко поверните направо} ({ на паром} ({ } NAME ({ (} ALT_NAME {)})) )"},{"id":"mobCrossingBorderFerryActionMakeSharpLeft","rule":"{резко поверните налево} ({ на паром} ({ } NAME ({ (} ALT_NAME {)})) )"},{"id":"mobCrossingBorderFerryActionTurnLeft","rule":"{поверните налево} ({ на паром} ({ } NAME ({ (} ALT_NAME {)})) )"},{"id":"mobCrossingBorderFerryActionBearLeft","rule":"{слегка поверните налево} ({ на паром} ({ } NAME ({ (} ALT_NAME {)})) )"},{"id":"mobCrossingBorderFerryActionGo","rule":"{поезжайте} ({ на пароме} ({ } NAME ({ (} ALT_NAME {)})) )"},{"id":"mobDistanceShort","rule":"{< } #MinDistance(1) ({ } #DistanceUnits)"},{"id":"mobDistanceLong","rule":"#Distance(1) ({ } #DistanceUnits)"},{"id":"mobCumulativeDistanceLong","rule":"#Select(#Distance(1), {0}) ({ } #DistanceUnits)"},{"id":"mobTimeShort","rule":"{< 1 минута}"},{"id":"mobTimeLong","rule":"(#TotalHours(0) { час(ов) }) (#RoundedMinutesOfHour(0) { минута(минут)})"},{"id":"mobStopTimeLong","rule":"(#TotalHours(0) { час(ов) }) (#RoundedMinutesOfHour(0) { минута(минут)})"},{"id":"mobTravelTimeShort","rule":"{< 1 минута}"},{"id":"mobTravelTimeLong","rule":"(#Days(0) { день(дней) }) (#HoursOfDay(0) { час(ов) }) (#RoundedMinutesOfHour(0) { минута(минут)})"},{"id":"mobSignpostDestination","rule":"#String(0) ({ / } #String(1)) ({ / } #String(2)) ({ / } #String(3)) ({ / } #String(4))"},{"id":"mobStopSideLeft","rule":"{, на левой стороне}"},{"id":"mobStopSideRight","rule":"{, на правой стороне}"},{"id":"mobCrossNames","rule":"#String(0)"},{"id":"mobUnitMileSingular","rule":"{миля}"},{"id":"mobUnitMilePlural","rule":"{миль}"},{"id":"mobUnitMileNeutral","rule":"{миля(миль)}"},{"id":"mobUnitKilometerSingular","rule":"{километр}"},{"id":"mobUnitKilometerPlural","rule":"{километров}"},{"id":"mobUnitKilometerNeutral","rule":"{километр(ов)}"},{"id":"mobUnitMeterSingular","rule":"{метр}"},{"id":"mobUnitMeterPlural","rule":"{метров}"},{"id":"mobUnitMeterNeutral","rule":"{метр(ов)}"},{"id":"mobUnitFootSingular","rule":"{фут}"},{"id":"mobUnitFootPlural","rule":"{футов}"},{"id":"mobUnitFootNeutral","rule":"{футов}"},{"id":"mobUnitYardSingular","rule":"{ярд}"},{"id":"mobUnitYardPlural","rule":"{ярдов}"},{"id":"mobUnitYardNeutral","rule":"{ярд(ов)}"},{"id":"mobUnitNauticalPlural","rule":"{мор. миль}"},{"id":"mobUnitNauticalNeutral","rule":"{мор.миль}"},{"id":"mobUnitSecondSingular","rule":"{секунда}"},{"id":"mobUnitSecondPlural","rule":"{секунд}"},{"id":"StopSummary","rule":"{Расстояние: } #StopLength"},{"id":"StopStayTime","rule":"{Время обслуживания: } #StopStayTime"},{"id":"StopFullTime","rule":"#StopFullTime"},{"id":"StopWaitTime","rule":"{Время ожидания: } #StopWaitTime"},{"id":"StopViolationTime","rule":"{Время опоздания: } #StopViolationTime"},{"id":"StopLength","rule":"#StopLength"},{"id":"mobDirectionDrive","rule":"{Двигайтесь} ({ } #ItemLength)"},{"id":"DirectionLength","rule":"#ItemLength"},{"id":"DirectionTime","rule":"#ItemTime"},{"id":"DirectionCumulativeLength","rule":"#CumulativeDistance"},{"id":"DirectionBranch","rule":"#Branch"},{"id":"DirectionCrossStreet","rule":"#CrossNames"},{"id":"DirectionExitName","rule":"#SignpostExit"},{"id":"mobDirectionAltNames","rule":"ALT_NAME"},{"id":"mobDirectionDayEnd","rule":"{Конец дня}"},{"id":"mobDirectionRestBreak","rule":"{Перерыв на отдых}"},{"id":"mobDirectionAfterBreak","rule":"{Оставайтесь} ({ на } NAME)"}],"lookupMapping":[{"id":"ExitNumberString","value":[{"key":"1","value":"{первый}"},{"key":"2","value":"{второй}"},{"key":"3","value":"{третий}"},{"key":"4","value":"{четвертый}"},{"key":"5","value":"{пятый}"},{"key":"6","value":"{шестой}"},{"key":"7","value":"{седьмой}"},{"key":"8","value":"{восьмой}"},{"key":"9","value":"{девятый}"},{"key":"10","value":"{десятый}"}]}]}}}]}}