{"directions":{"settings":[{"style":{"id":"NA Navigation","language":{"id":"zh-CN","description":"简体中文","strings":[{"id":"mobManeuverHeader","rule":"{驶离} ({} #StopName)"},{"id":"mobAtExit","rule":"{下} #SignpostExit {出口，}"},{"id":"mobManeuverFooter","rule":"({从} #StopSide) {到达目的地}"},{"id":"mobManeuverDepart","rule":"{驶离} ({} #StopName)"},{"id":"mobPathCurveActionMakeSharpRight","rule":"{右后转弯}"},{"id":"mobManeuverStopArrive","rule":"#FirstUpper((#StopArriveAction ({ } #Azimuth) ({ 沿 } NAME {行驶}) ))"},{"id":"mobCrossingBorderTurnActionMakeSharpLeft","rule":"{左后转弯}"},{"id":"mobManeuverArrive","rule":"({从} #StopSide) {到达目的地}"},{"id":"mobAzimuthSW","rule":"{向西南}"},{"id":"mobManeuverUTurnViaRamp","rule":"#FirstUpper((#UTurnRampAction {不违章调头并行驶} ({ 进入 } NAME)))"},{"id":"Names","rule":"NAME ({ (} ALT_NAME {)})"},{"id":"ManeuverFerry","rule":"{乘坐} ({ } @@Names) {摆渡}"},{"id":"mobSkipHighwayRampActionBearLeft","rule":"{从左前方进入匝道}"},{"id":"mobManeuverAnyRoad","rule":"#FirstUpper(({前行} ({ } #Azimuth) ({ 沿 } NAME {行驶}) ({至} #CrossNames) ))"},{"id":"mobManeuverCrossingBorderFerry","rule":"#FirstUpper(( ({进入} CROSSADMINBORDER {，}) @mobAtExit #CrossingBorderFerryAction ({上}  ({ } NAME ({ (} ALT_NAME {)})) {渡口}) ))"},{"id":"mobManeuverFerryBypass","rule":"{乘坐时间} ({ } #ItemTime) ({ ~ } #ItemLength)"},{"id":"mobEndOfFerryActionGo","rule":"{前行}"},{"id":"mobManeuverOntoHighway","rule":"#FirstUpper(( @mobAtExit #HighwayAction #Select(({ 沿 } #Branch {行驶}), ({ 上 } NAME)) ))"},{"id":"mobHighwayChanges","rule":"#FirstUpper(( @mobAtExit {变更道路} #Select(({沿} #Branch {行驶}), ({行驶至} NAME)) ))"},{"id":"mobStopArriveActionBack","rule":"{调头}"},{"id":"mobSkipHighwayRampActionMakeSharpLeft","rule":"{左后转弯进入匝道}"},{"id":"mobCrossingBorderFerryActionBearRight","rule":"{向右前行}"},{"id":"mobPathCurveActionBearLeft","rule":"{向左前行}"},{"id":"mobLocalRoadActionMakeSharpRight","rule":"{右后转弯}"},{"id":"mobManeuverPathCurves","rule":"#FirstUpper(( @mobAtExit #PathCurveAction @mobAtIntersectionOrCrossNames ({沿} NAME {行驶}) ))"},{"id":"mobLocalRoadActionTurnRight","rule":"{右转}"},{"id":"mobAzimuthS","rule":"{向南}"},{"id":"mobAtIntersectionOrCrossNames","rule":"#Select(@mobAtIntersectionNames, ({上} #CrossNames))"},{"id":"mobSkipHighwayRampActionTurnRight","rule":"{右转进入匝道}"},{"id":"mobCrossingBorderTurnActionGo","rule":"{前行}"},{"id":"mobSkipHighwayRampActionBearRight","rule":"{从右前方进入匝道}"},{"id":"mobManeuverSkipHighwayRamps","rule":"#FirstUpper(( @mobAtExit #SkipHighwayRampAction #Select(({沿} #Branch {行驶}), ({沿} NAME {行驶})) ))"},{"id":"mobManeuverFork","rule":"#FirstUpper((#Select(@mobAtExit, {在岔路口，}) #ForkAction ({} #ForkSide) #Select(({沿} #Branch {行驶}), ({ 上 } NAME)) ))"},{"id":"mobStopTimeShort","rule":"{< 1 分钟}"},{"id":"mobAtIntersectionNames","rule":"{上} #Intersection(NAME) ({ (} #Intersection(ALT_NAME) {)})"},{"id":"mobManeuverTurnOntoLocalRoad","rule":"#FirstUpper(( @mobAtExit #LocalRoadAction @mobAtIntersectionNames ({上} NAME) ))"},{"id":"mobPathCurveActionContinue","rule":"{前行}"},{"id":"mobManeuverCrossingBorderTurn","rule":"#FirstUpper(( ({进入} CROSSADMINBORDER {，}) @mobAtExit #CrossingBorderTurnAction ({沿} NAME {行驶}) ))"},{"id":"mobManeuverCrossingBorder","rule":"{进入} ({} CROSSADMINBORDER)"},{"id":"mobPathCurveActionTurnLeft","rule":"{左转}"},{"id":"mobManeuverUTurnViaRoundabout","rule":"@mobRoundaboutHeaderGoBack ({沿} NAME {行驶})"},{"id":"mobRoundaboutHeaderGoBack","rule":"#Select(({在环形交叉路口处，进入} @@ExitNumberString(#ExitNumber) {出口返回}), {进入环状交叉路并返回})"},{"id":"mobUnitSecondNeutral","rule":"{秒}"},{"id":"mobManeuverUTurn","rule":"@mobAtIntersectionNames {不违章调头} ({沿} NAME {行驶})"},{"id":"mobManeuverFerry","rule":"{乘坐} ({ } NAME ({ (} ALT_NAME { )})) {摆渡}"},{"id":"mobLocalRoadActionContinue","rule":"{前行}"},{"id":"mobManeuverEndOfFerry","rule":"#FirstUpper(( @mobAtExit {驶离摆渡} #EndOfFerryAction #Select( ({ 沿 } #Branch {行驶}), ({ 上 } NAME)) ))"},{"id":"mobManeuverStopOnRoundabout","rule":"{进入环状交叉路}"},{"id":"mobManeuverSkipRoundabout","rule":"@mobRoundaboutHeader @mobToProceed"},{"id":"mobRoundaboutHeader","rule":"#Select(({在环形交叉路口处，进入} @@ExitNumberString(#ExitNumber) {出口}),{进入环形交叉路口})"},{"id":"mobPathCurveActionMakeSharpLeft","rule":"{左后转弯}"},{"id":"mobEndOfFerryActionTurnRight","rule":"{右转}"},{"id":"mobCrossingBorderFerryActionContinue","rule":"{前行}"},{"id":"DirectionToward","rule":"#Destination"},{"id":"mobToProceed","rule":"{继续} #Select(({沿} #Branch {行驶}), ({ 上 } NAME))"},{"id":"mobSkipHighwayRampActionTurnLeft","rule":"{左转进入匝道}"},{"id":"mobSkipHighwayRampActionAtFork","rule":"#Select(#SkipHighwayRampActionAtFork, {上匝道})"},{"id":"mobManeuverSkipRoundaboutRamp","rule":"@mobRoundaboutHeader (#Select(({沿} #Branch {行驶}), ({行驶至} NAME)) )"},{"id":"mobManeuverSkipSignpostRamps","rule":"#FirstUpper(( @mobAtExit #SkipSignpostRampAction #Select(({沿} #Branch {行驶}), ({行驶至} NAME)) ))"},{"id":"mobSkipHighwayRampActionAtForkLeft","rule":"{左转进入匝道}"},{"id":"mobAzimuthNE","rule":"{向东北}"},{"id":"mobAzimuthN","rule":"{向北}"},{"id":"mobUnitNauticalSingular","rule":"{海里}"},{"id":"mobPathCurveActionBearRight","rule":"{向右前行}"},{"id":"mobAzimuthE","rule":"{向东}"},{"id":"mobAzimuthSE","rule":"{向东南}"},{"id":"mobCrossingBorderTurnActionBearRight","rule":"{向右前行}"},{"id":"mobAzimuthW","rule":"{向西}"},{"id":"mobSkipHighwayRampActionTakeRamp","rule":"{上匝道}"},{"id":"mobAzimuthNW","rule":"{向西北}"},{"id":"mobPathCurveActionTurnRight","rule":"{右转}"},{"id":"mobLocalRoadActionBearRight","rule":"{向右前行}"},{"id":"mobLocalRoadActionMakeSharpLeft","rule":"{左后转弯}"},{"id":"mobUTurnRampActionAtForkLeft","rule":"{左转进入匝道}"},{"id":"mobLocalRoadActionTurnLeft","rule":"{左转}"},{"id":"mobLocalRoadActionBearLeft","rule":"{向左前行}"},{"id":"mobLocalRoadActionGo","rule":"{前行}"},{"id":"mobHighwayActionBearRight","rule":"{向右前行}"},{"id":"mobSkipHighwayRampActionMakeSharpRight","rule":"{右后转弯进入匝道}"},{"id":"mobSkipHighwayRampActionAtForkRight","rule":"{右转进入匝道}"},{"id":"mobSkipSignpostRampActionAtFork","rule":"#Select(#SkipSignpostRampActionAtFork, {上匝道})"},{"id":"mobSkipSignpostRampActionBearRight","rule":"{从右前方进入匝道}"},{"id":"mobForkActionLeft","rule":"{靠左}"},{"id":"StopTimeWindow","rule":"{时间窗口：} #StopTimeWindowStart { - } #StopTimeWindowEnd"},{"id":"mobSkipSignpostRampActionTurnRight","rule":"{右转进入匝道}"},{"id":"mobSkipSignpostRampActionMakeSharpRight","rule":"{右后转弯进入匝道}"},{"id":"mobSkipSignpostRampActionMakeSharpLeft","rule":"{左后转弯进入匝道}"},{"id":"mobSkipSignpostRampActionTurnLeft","rule":"{左转进入匝道}"},{"id":"mobSkipSignpostRampActionBearLeft","rule":"{从左前方进入匝道}"},{"id":"mobSkipSignpostRampActionTakeRamp","rule":"{上匝道}"},{"id":"mobSkipSignpostRampActionAtForkLeft","rule":"{左转进入匝道}"},{"id":"mobSkipSignpostRampActionAtForkRight","rule":"{右转进入匝道}"},{"id":"mobUTurnRampActionFork","rule":"#Select(#UTurnRampActionAtFork,{上匝道})"},{"id":"mobUTurnRampActionBearRight","rule":"{从右前方进入匝道}"},{"id":"mobUTurnRampActionTurnRight","rule":"{右转进入匝道}"},{"id":"mobUTurnRampActionMakeSharpRight","rule":"{右后转弯进入匝道}"},{"id":"mobUTurnRampActionMakeSharpLeft","rule":"{左后转弯进入匝道}"},{"id":"mobUTurnRampActionTurnLeft","rule":"{左转进入匝道}"},{"id":"mobUTurnRampActionBearLeft","rule":"{从左前方进入匝道}"},{"id":"mobUTurnRampActionTakeRamp","rule":"{上匝道}"},{"id":"mobUTurnRampActionAtForkRight","rule":"{右转进入匝道}"},{"id":"mobHighwayActionGo","rule":"{前行}"},{"id":"DirectionStreet","rule":"NAME"},{"id":"mobHighwayActionTurnRight","rule":"{右转}"},{"id":"mobEndOfFerryActionBearRight","rule":"{向右前行}"},{"id":"mobHighwayActionMakeSharpRight","rule":"{右后转弯}"},{"id":"mobHighwayActionMakeSharpLeft","rule":"{左后转弯}"},{"id":"mobHighwayActionTurnLeft","rule":"{左转}"},{"id":"mobHighwayActionBearLeft","rule":"{向左前行}"},{"id":"mobEndOfFerryActionMakeSharpRight","rule":"{右后转弯}"},{"id":"mobEndOfFerryActionMakeSharpLeft","rule":"{左后转弯}"},{"id":"mobEndOfFerryActionTurnLeft","rule":"{左转}"},{"id":"mobEndOfFerryActionBearLeft","rule":"{向左前行}"},{"id":"mobStopArriveActionContinue","rule":"{前行}"},{"id":"DirectionETA","rule":"#ArriveTime"},{"id":"mobStopArriveActionGo","rule":"{前行}"},{"id":"mobForkActionRight","rule":"{靠右}"},{"id":"mobForkActionStraight","rule":"{前行}"},{"id":"mobForkSideLeft","rule":"{行驶}"},{"id":"mobForkSideRight","rule":"{行驶}"},{"id":"mobForkSideStraight","rule":"{}"},{"id":"mobCrossingBorderTurnActionContinue","rule":"{前行}"},{"id":"mobCrossingBorderTurnActionTurnRight","rule":"{右转}"},{"id":"mobCrossingBorderTurnActionMakeSharpRight","rule":"{右后转弯}"},{"id":"mobCrossingBorderTurnActionTurnLeft","rule":"{左转}"},{"id":"mobCrossingBorderTurnActionBearLeft","rule":"{向左前行}"},{"id":"mobCrossingBorderFerryActionTurnRight","rule":"{右转}"},{"id":"mobCrossingBorderFerryActionMakeSharpRight","rule":"{右后转弯}"},{"id":"mobCrossingBorderFerryActionMakeSharpLeft","rule":"{左后转弯}"},{"id":"mobCrossingBorderFerryActionTurnLeft","rule":"{左转}"},{"id":"mobCrossingBorderFerryActionBearLeft","rule":"{向左前行}"},{"id":"mobCrossingBorderFerryActionGo","rule":"{前行}"},{"id":"mobDistanceShort","rule":"{<} #MinDistance(1) ({ } #DistanceUnits)"},{"id":"mobDistanceLong","rule":"#Distance(1) ({ } #DistanceUnits)"},{"id":"mobCumulativeDistanceLong","rule":"#Select(#Distance(1), {0}) ({ } #DistanceUnits)"},{"id":"mobTimeShort","rule":"{< 1 分钟}"},{"id":"mobTimeLong","rule":"(#TotalHours(0) { 小时 }) (#RoundedMinutesOfHour(0) { 分钟})"},{"id":"mobStopTimeLong","rule":"(#TotalHours(0) { 小时 }) (#RoundedMinutesOfHour(0) { 分钟})"},{"id":"mobTravelTimeShort","rule":"{<1 分钟}"},{"id":"mobTravelTimeLong","rule":"(#Days(0) { 天 }) (#HoursOfDay(0) { 小时 }) (#RoundedMinutesOfHour(0) { 分钟})"},{"id":"mobSignpostDestination","rule":"#String(0) ({ / } #String(1)) ({ / } #String(2)) ({ / } #String(3)) ({ / } #String(4))"},{"id":"mobStopSideLeft","rule":"{左侧}"},{"id":"mobStopSideRight","rule":"{右侧}"},{"id":"mobCrossNames","rule":"#String(0)"},{"id":"mobUnitMileSingular","rule":"{英里}"},{"id":"mobUnitMilePlural","rule":"{英里}"},{"id":"mobUnitMileNeutral","rule":"{英里}"},{"id":"mobUnitKilometerSingular","rule":"{公里}"},{"id":"mobUnitKilometerPlural","rule":"{公里}"},{"id":"mobUnitKilometerNeutral","rule":"{公里}"},{"id":"mobUnitMeterSingular","rule":"{米}"},{"id":"mobUnitMeterPlural","rule":"{米}"},{"id":"mobUnitMeterNeutral","rule":"{米}"},{"id":"mobUnitFootSingular","rule":"{英尺}"},{"id":"mobUnitFootPlural","rule":"{英尺}"},{"id":"mobUnitFootNeutral","rule":"{英尺}"},{"id":"mobUnitYardSingular","rule":"{码}"},{"id":"mobUnitYardPlural","rule":"{码}"},{"id":"mobUnitYardNeutral","rule":"{码}"},{"id":"mobUnitNauticalPlural","rule":"{海里}"},{"id":"mobUnitNauticalNeutral","rule":"{海里}"},{"id":"mobUnitSecondSingular","rule":"{秒}"},{"id":"mobUnitSecondPlural","rule":"{秒}"},{"id":"StopSummary","rule":"{里程：} #StopLength"},{"id":"StopStayTime","rule":"{服务时间：} #StopStayTime"},{"id":"StopFullTime","rule":"#StopFullTime"},{"id":"StopWaitTime","rule":"{等待时间：} #StopWaitTime"},{"id":"StopViolationTime","rule":"{延误时间：} #StopViolationTime"},{"id":"StopLength","rule":"#StopLength"},{"id":"mobDirectionDrive","rule":"{行驶} ({ } #ItemLength)"},{"id":"DirectionLength","rule":"#ItemLength"},{"id":"DirectionTime","rule":"#ItemTime"},{"id":"DirectionCumulativeLength","rule":"#CumulativeDistance"},{"id":"DirectionBranch","rule":"#Branch"},{"id":"DirectionCrossStreet","rule":"#CrossNames"},{"id":"DirectionExitName","rule":"#SignpostExit"},{"id":"mobDirectionAltNames","rule":"ALT_NAME"},{"id":"mobDirectionDayEnd","rule":"{一天结束}"},{"id":"mobDirectionRestBreak","rule":"{休息}"},{"id":"mobDirectionAfterBreak","rule":"{停留} ({于} NAME)"}],"lookupMapping":[{"id":"ExitNumberString","value":[{"key":"1","value":"{第一}"},{"key":"2","value":"{第二}"},{"key":"3","value":"{第三}"},{"key":"4","value":"{第四}"},{"key":"5","value":"{第五}"},{"key":"6","value":"{第六}"},{"key":"7","value":"{第七}"},{"key":"8","value":"{第八}"},{"key":"9","value":"{第九}"},{"key":"10","value":"{第十}"}]}]}}}]}}